#
# A fatal error has been detected by the Java Runtime Environment:
#
#  SIGSEGV (0xb) at pc=0x0000000186dd1808, pid=39562, tid=112435
#
# JRE version: Java(TM) SE Runtime Environment (17.0.12+8) (build 17.0.12+8-LTS-286)
# Java VM: Java HotSpot(TM) 64-Bit Server VM (17.0.12+8-LTS-286, mixed mode, sharing, tiered, compressed oops, compressed class ptrs, g1 gc, bsd-aarch64)
# Problematic frame:
# C  [libobjc.A.dylib+0x9808]  objc_msgSend+0x8
#
# No core dump will be written. Core dumps have been disabled. To enable core dumping, try "ulimit -c unlimited" before starting Java again
#
# If you would like to submit a bug report, please visit:
#   https://bugreport.java.com/bugreport/crash.jsp
# The crash happened outside the Java Virtual Machine in native code.
# See problematic frame for where to report the bug.
#

---------------  S U M M A R Y ------------

Command Line: -Dfile.encoding=UTF-8 -Duser.country=US -Duser.language=en -Duser.variant org.bkkipmsemarang.kkp_scanner.MainKt

Host: "Mac14,2" arm64 1 MHz, 8 cores, 8G, Darwin 25.6.0, macOS 26.6 (25G5028f)
Time: Thu Jun  4 14:32:22 2026 WIB elapsed time: 66.829081 seconds (0d 0h 1m 6s)

---------------  T H R E A D  ---------------

Current thread (0x0000000130ff4800):  JavaThread "DefaultDispatcher-worker-1" daemon [_thread_in_native, id=112435, stack(0x00000003007cc000,0x00000003009cf000)]

Stack: [0x00000003007cc000,0x00000003009cf000],  sp=0x00000003009ce140,  free space=2056k
Native frames: (J=compiled Java code, j=interpreted, Vv=VM code, C=native code)
C  [libobjc.A.dylib+0x9808]  objc_msgSend+0x8
C  [libopencv_java490.dylib+0x910818]  CvCaptureCAM::grabFrame()+0x40
C  [libopencv_java490.dylib+0x8f5e28]  cvGrabFrame+0x18
C  [libopencv_java490.dylib+0x912d30]  cv::LegacyCapture::grabFrame()+0x14
C  [libopencv_java490.dylib+0x8f8cac]  cv::VideoCapture::grab()+0x38
C  [libopencv_java490.dylib+0x8f8e90]  cv::VideoCapture::read(cv::_OutputArray const&)+0x38
C  [libopencv_java490.dylib+0x8ca0c]  Java_org_opencv_videoio_VideoCapture_read_10+0x34
j  org.opencv.videoio.VideoCapture.read_0(JJ)Z+0
j  org.opencv.videoio.VideoCapture.read(Lorg/opencv/core/Mat;)Z+8
j  org.bkkipmsemarang.kkp_scanner.OpenPnPWebcamDevice.getImage()Ljava/awt/image/BufferedImage;+30
j  com.github.sarxos.webcam.ds.cgt.WebcamGetImageTask.handle()V+17
j  com.github.sarxos.webcam.WebcamTask.process()V+54
j  com.github.sarxos.webcam.ds.cgt.WebcamGetImageTask.getImage()Ljava/awt/image/BufferedImage;+1
j  com.github.sarxos.webcam.Webcam.getImage()Ljava/awt/image/BufferedImage;+47
j  org.bkkipmsemarang.kkp_scanner.QRScanScreenKt$QRScanScreen$3$1$job$1.invokeSuspend(Ljava/lang/Object;)Ljava/lang/Object;+222
J 5846 c2 kotlin.coroutines.jvm.internal.BaseContinuationImpl.resumeWith(Ljava/lang/Object;)V (124 bytes) @ 0x00000001165f08d0 [0x00000001165f0880+0x0000000000000050]
J 5962 c2 kotlinx.coroutines.DispatchedTask.run()V (387 bytes) @ 0x00000001165fdc9c [0x00000001165fd940+0x000000000000035c]
j  kotlinx.coroutines.internal.LimitedDispatcher$Worker.run()V+9
j  kotlinx.coroutines.scheduling.TaskImpl.run()V+4
j  kotlinx.coroutines.scheduling.CoroutineScheduler.runSafely(Lkotlinx/coroutines/scheduling/Task;)V+2
j  kotlinx.coroutines.scheduling.CoroutineScheduler$Worker.executeTask(Lkotlinx/coroutines/scheduling/Task;)V+84
j  kotlinx.coroutines.scheduling.CoroutineScheduler$Worker.runWorker()V+44
j  kotlinx.coroutines.scheduling.CoroutineScheduler$Worker.run()V+1
v  ~StubRoutines::call_stub
V  [libjvm.dylib+0x46d360]  JavaCalls::call_helper(JavaValue*, methodHandle const&, JavaCallArguments*, JavaThread*)+0x38c
V  [libjvm.dylib+0x46c37c]  JavaCalls::call_virtual(JavaValue*, Klass*, Symbol*, Symbol*, JavaCallArguments*, JavaThread*)+0x11c
V  [libjvm.dylib+0x46c448]  JavaCalls::call_virtual(JavaValue*, Handle, Klass*, Symbol*, Symbol*, JavaThread*)+0x64
V  [libjvm.dylib+0x51fefc]  thread_entry(JavaThread*, JavaThread*)+0xc4
V  [libjvm.dylib+0x91b658]  JavaThread::thread_main_inner()+0x148
V  [libjvm.dylib+0x919f40]  Thread::call_run()+0x114
V  [libjvm.dylib+0x7b9f60]  thread_native_entry(Thread*)+0x158
C  [libsystem_pthread.dylib+0x6c58]  _pthread_start+0x88

Java frames: (J=compiled Java code, j=interpreted, Vv=VM code)
j  org.opencv.videoio.VideoCapture.read_0(JJ)Z+0
j  org.opencv.videoio.VideoCapture.read(Lorg/opencv/core/Mat;)Z+8
j  org.bkkipmsemarang.kkp_scanner.OpenPnPWebcamDevice.getImage()Ljava/awt/image/BufferedImage;+30
j  com.github.sarxos.webcam.ds.cgt.WebcamGetImageTask.handle()V+17
j  com.github.sarxos.webcam.WebcamTask.process()V+54
j  com.github.sarxos.webcam.ds.cgt.WebcamGetImageTask.getImage()Ljava/awt/image/BufferedImage;+1
j  com.github.sarxos.webcam.Webcam.getImage()Ljava/awt/image/BufferedImage;+47
j  org.bkkipmsemarang.kkp_scanner.QRScanScreenKt$QRScanScreen$3$1$job$1.invokeSuspend(Ljava/lang/Object;)Ljava/lang/Object;+222
J 5846 c2 kotlin.coroutines.jvm.internal.BaseContinuationImpl.resumeWith(Ljava/lang/Object;)V (124 bytes) @ 0x00000001165f08d0 [0x00000001165f0880+0x0000000000000050]
J 5962 c2 kotlinx.coroutines.DispatchedTask.run()V (387 bytes) @ 0x00000001165fdc9c [0x00000001165fd940+0x000000000000035c]
j  kotlinx.coroutines.internal.LimitedDispatcher$Worker.run()V+9
j  kotlinx.coroutines.scheduling.TaskImpl.run()V+4
j  kotlinx.coroutines.scheduling.CoroutineScheduler.runSafely(Lkotlinx/coroutines/scheduling/Task;)V+2
j  kotlinx.coroutines.scheduling.CoroutineScheduler$Worker.executeTask(Lkotlinx/coroutines/scheduling/Task;)V+84
j  kotlinx.coroutines.scheduling.CoroutineScheduler$Worker.runWorker()V+44
j  kotlinx.coroutines.scheduling.CoroutineScheduler$Worker.run()V+1
v  ~StubRoutines::call_stub

siginfo: si_signo: 11 (SIGSEGV), si_code: 2 (SEGV_ACCERR), si_addr: 0x00000000000000e8

Registers:
 x0=0x00000000000000e8  x1=0x00000002018430f0  x2=0x0000000000003c00  x3=0x0000000000003d01
 x4=0x00003c0000003d00  x5=0x00003d0100003d00  x6=0x0000000000000000  x7=0x000000003b9ac646
 x8=0xdf5b48d45ba200d5  x9=0xdf5b48d45ba200d5 x10=0x000060000112bf64 x11=0x000060000112bf68
x12=0x0000000000000100 x13=0x0000000000000001 x14=0x0000000000003d00 x15=0x0000000000003c00
x16=0x0000000186dd1800 x17=0x00003c0000003d00 x18=0x0000000000000000 x19=0x0000600002462c40
x20=0x0000000000000000 x21=0x0000000106d21180 x22=0x0000000000000000 x23=0x0000000780c3b6d8
x24=0x00000003009ce318 x25=0x00000007809d0a00 x26=0x000000013243ca30 x27=0x0000000101a4c000
x28=0x0000000130ff4800  fp=0x00000003009ce150  lr=0x0000000150910ec8  sp=0x00000003009ce140
pc=0x0000000186dd1808 cpsr=0x0000000020001000

Register to memory mapping:

 x0=0x00000000000000e8 is an unknown value
 x1=0x00000002018430f0 points into unknown readable memory: 0x61006b636f6c6e75 | 75 6e 6c 6f 63 6b 00 61
 x2=0x0000000000003c00 is an unknown value
 x3=0x0000000000003d01 is an unknown value
 x4=0x00003c0000003d00 is an unknown value
 x5=0x00003d0100003d00 is an unknown value
 x6=0x0 is NULL
 x7=0x000000003b9ac646 is an unknown value
 x8=0xdf5b48d45ba200d5 is an unknown value
 x9=0xdf5b48d45ba200d5 is an unknown value
x10=0x000060000112bf64 points into unknown readable memory: 01 3d 00 00
x11=0x000060000112bf68 points into unknown readable memory: 0x0000000000003c00 | 00 3c 00 00 00 00 00 00
x12=0x0000000000000100 is an unknown value
x13=0x0000000000000001 is an unknown value
x14=0x0000000000003d00 is an unknown value
x15=0x0000000000003c00 is an unknown value
x16=0x0000000186dd1800: objc_msgSend+0 in /usr/lib/libobjc.A.dylib at 0x0000000186dc8000
x17=0x00003c0000003d00 is an unknown value
x18=0x0 is NULL
x19=0x0000600002462c40 points into unknown readable memory: 0x0000be1bdd3e2c40 | 40 2c 3e dd 1b be 00 00
x20=0x0 is NULL
x21=0x0000000106d21180: _ZN19TemplateInterpreter13_active_tableE+0 in /Library/Java/JavaVirtualMachines/jdk-17.jdk/Contents/Home/lib/server/libjvm.dylib at 0x0000000106164000
x22=0x0 is NULL
x23=0x0000000780c3b6d8 is an oop: sun.awt.MostRecentKeyValue 
{0x0000000780c3b6d8} - klass: 'sun/awt/MostRecentKeyValue'
 - ---- fields (total size 3 words):
 - 'key' 'Ljava/lang/Object;' @12  a 'java/lang/Class'{0x0000000780912680} = 'java/awt/KeyboardFocusManager' (f01224d0)
 - 'value' 'Ljava/lang/Object;' @16  a 'java/awt/DefaultKeyboardFocusManager'{0x00000007809c6ce0} (f0138d9c)
x24=0x00000003009ce318 is pointing into the stack for thread: 0x0000000130ff4800
x25=0x00000007809d0a00 is an oop: sun.awt.PostEventQueue 
{0x00000007809d0a00} - klass: 'sun/awt/PostEventQueue'
 - ---- fields (total size 4 words):
 - private 'queueHead' 'Lsun/awt/EventQueueItem;' @12  NULL (0)
 - private 'queueTail' 'Lsun/awt/EventQueueItem;' @16  NULL (0)
 - private final 'eventQueue' 'Ljava/awt/EventQueue;' @20  a 'java/awt/EventQueue'{0x00000007809896b8} (f01312d7)
 - private 'flushThread' 'Ljava/lang/Thread;' @24  NULL (0)
x26=0x000000013243ca30 is pointing into metadata
x27=0x0000000101a4c000 is an unknown value
x28=0x0000000130ff4800 is a thread


Top of Stack: (sp=0x00000003009ce140)
0x00000003009ce140:   0000600001f46f80 00006000031e4480
0x00000003009ce150:   00000003009ce180 0000000150910818
0x00000003009ce160:   0000000000000000 0000000106d21180
0x00000003009ce170:   0000600001f54838 0000600001f54838
0x00000003009ce180:   00000003009ce190 00000001508f5e28
0x00000003009ce190:   00000003009ce1a0 0000000150912d30
0x00000003009ce1a0:   00000003009ce1f0 00000001508f8cac
0x00000003009ce1b0:   000000013243ca30 00000007809d0a00
0x00000003009ce1c0:   00000003009ce318 0000000780c3b6d8
0x00000003009ce1d0:   0000000000000000 0000000100000000
0x00000003009ce1e0:   0000600001f54838 00000003009ce238
0x00000003009ce1f0:   00000003009ce220 00000001508f8e90
0x00000003009ce200:   0000000000000000 0000000000000000
0x00000003009ce210:   00000003009ce270 0000000130ff4ab0
0x00000003009ce220:   00000003009ce260 000000015008ca0c
0x00000003009ce230:   0000000000000000 df5b48d402010000
0x00000003009ce240:   000060000558d3e0 0000000000000000
0x00000003009ce250:   00000003009ce270 0000000115deb700
0x00000003009ce260:   00000003009ce2e0 0000000115ded8ac
0x00000003009ce270:   00000003009ce2a0 0000000115deb72c
0x00000003009ce280:   000060000558d3e0 0000000000000000
0x00000003009ce290:   00000003009ce290 0000000000000000
0x00000003009ce2a0:   00000003009ce318 000000013243ca30
0x00000003009ce2b0:   0000000780baca00 0000000000000000
0x00000003009ce2c0:   0000000000000000 000000013243c638
0x00000003009ce2d0:   0000000000000000 00000003009ce2e0
0x00000003009ce2e0:   00000003009ce370 0000000115de9e68
0x00000003009ce2f0:   0000000000000000 0000000780baca00
0x00000003009ce300:   000060000558d3e0 0000000000000000
0x00000003009ce310:   0000600007cb0370 0000000000000000
0x00000003009ce320:   00000003009ce320 000000013243b6b8
0x00000003009ce330:   00000003009ce388 000000013243ca30 

Instructions: (pc=0x0000000186dd1808)
0x0000000186dd1708:   d503201f d503201f d503201f d503201f
0x0000000186dd1718:   d503201f d503201f d503201f d503201f
0x0000000186dd1728:   d503201f d503201f d503201f d503201f
0x0000000186dd1738:   d503201f d503201f d503201f d503201f
0x0000000186dd1748:   d503201f d503201f d503201f d503201f
0x0000000186dd1758:   d503201f d503201f d503201f d503201f
0x0000000186dd1768:   d503201f d503201f d503201f d503201f
0x0000000186dd1778:   d503201f d503201f d503201f d503201f
0x0000000186dd1788:   d503201f d503201f d503201f d503201f
0x0000000186dd1798:   d503201f d503201f d503201f d503201f
0x0000000186dd17a8:   d503201f d503201f d503201f d503201f
0x0000000186dd17b8:   d503201f d503201f d503201f d503201f
0x0000000186dd17c8:   d503201f d503201f d503201f d503201f
0x0000000186dd17d8:   d503201f d503201f d503201f d503201f
0x0000000186dd17e8:   d503201f d503201f d503201f d503201f
0x0000000186dd17f8:   d503201f d503201f f100001f 540003ed
0x0000000186dd1808:   f940000e 927dcdd0 aa0003ea f2ed5c2a
0x0000000186dd1818:   dac11950 aa1003ef f9400a0a d370fd4b
0x0000000186dd1828:   9240bd4a ca411c2c 0a0b018c 8b0c114d
0x0000000186dd1838:   a8ff25b1 eb01013f 54000081 ca01014a
0x0000000186dd1848:   ca10014a d71f0e2a b4001789 eb0a01bf
0x0000000186dd1858:   54ffff02 8b2b514d 8b0c114c a8ff25b1
0x0000000186dd1868:   eb01013f 54fffec0 f100013f fa4c11a0
0x0000000186dd1878:   54ffff68 140000b1 540001a0 9240080a
0x0000000186dd1888:   9377fc0b f1001d5f 9a8a016c b0367a2a
0x0000000186dd1898:   9113c14a 8b0c0d4a f940014e aa0e03f0
0x0000000186dd18a8:   f2f1f3aa dac11d50 17ffffdb d2800001
0x0000000186dd18b8:   2f00e400 2f00e401 2f00e402 2f00e403
0x0000000186dd18c8:   d65f03c0 d503201f d503201f d503201f
0x0000000186dd18d8:   d503201f d503201f f100001f 540004cd
0x0000000186dd18e8:   f940000d 927dcdb0 aa0003ea f2ed5c2a
0x0000000186dd18f8:   dac11950 aa1003ef f9400a0a d370fd4b 


Stack slot to memory mapping:
stack at sp + 0 slots: 0x0000600001f46f80 points into unknown readable memory: 0x0000be1bde8c6f80 | 80 6f 8c de 1b be 00 00
stack at sp + 1 slots: 0x00006000031e4480 points into unknown readable memory: 0x01000001f3d4cdf1 | f1 cd d4 f3 01 00 00 01
stack at sp + 2 slots: 0x00000003009ce180 is pointing into the stack for thread: 0x0000000130ff4800
stack at sp + 3 slots: 0x0000000150910818: _ZN12CvCaptureCAM9grabFrameEv+0x40 in /private/var/folders/qs/1z8n9dmd7zzb94z08tkj426h0000gn/T/opencv_openpnp3044487361958899266/nu/pattern/opencv/osx/ARMv8/libopencv_java490.dylib at 0x0000000150000000
stack at sp + 4 slots: 0x0 is NULL
stack at sp + 5 slots: 0x0000000106d21180: _ZN19TemplateInterpreter13_active_tableE+0 in /Library/Java/JavaVirtualMachines/jdk-17.jdk/Contents/Home/lib/server/libjvm.dylib at 0x0000000106164000
stack at sp + 6 slots: 0x0000600001f54838 points into unknown readable memory: 0x00000001510e2bc8 | c8 2b 0e 51 01 00 00 00
stack at sp + 7 slots: 0x0000600001f54838 points into unknown readable memory: 0x00000001510e2bc8 | c8 2b 0e 51 01 00 00 00


Compiled method (c2)   66842 5846   !   4       kotlin.coroutines.jvm.internal.BaseContinuationImpl::resumeWith (124 bytes)
 total in heap  [0x00000001165f0690,0x00000001165f0cf8] = 1640
 relocation     [0x00000001165f07e8,0x00000001165f0850] = 104
 main code      [0x00000001165f0880,0x00000001165f0a80] = 512
 stub code      [0x00000001165f0a80,0x00000001165f0b00] = 128
 oops           [0x00000001165f0b00,0x00000001165f0b10] = 16
 metadata       [0x00000001165f0b10,0x00000001165f0b40] = 48
 scopes data    [0x00000001165f0b40,0x00000001165f0bf0] = 176
 scopes pcs     [0x00000001165f0bf0,0x00000001165f0c90] = 160
 dependencies   [0x00000001165f0c90,0x00000001165f0c98] = 8
 handler table  [0x00000001165f0c98,0x00000001165f0cf8] = 96

[Constant Pool (empty)]

[MachCode]
[Entry Point]
  # {method} {0x0000000132711518} 'resumeWith' '(Ljava/lang/Object;)V' in 'kotlin/coroutines/jvm/internal/BaseContinuationImpl'
  # this:     c_rarg1:c_rarg1 
                        = 'kotlin/coroutines/jvm/internal/BaseContinuationImpl'
  # parm0:    c_rarg2:c_rarg2 
                        = 'java/lang/Object'
  #           [sp+0x40]  (sp of caller)
  0x00000001165f0880: 2808 40b9 | 3f01 086b | 4000 0054 

  0x00000001165f088c: ;   {runtime_call ic_miss_stub}
  0x00000001165f088c: ddad e017 
[Verified Entry Point]
  0x00000001165f0890: 1f20 03d5 | e953 40d1 | 3f01 00f9 | ff03 01d1 | fd7b 03a9 | 2b0c 40b9 | 7df1 7dd3 | e203 00f9 
  0x00000001165f08b0: 5d09 00b4 | fd07 01a9 | e10f 40f9 | e203 40f9 | e9ff 9fd2 | e9ff bff2 | e9ff dff2 

  0x00000001165f08cc: ; ImmutableOopMap {[16]=Oop [24]=Oop }
                      ;*invokevirtual invokeSuspend {reexecute=0 rethrow=0 return_oop=1}
                      ; - kotlin.coroutines.jvm.internal.BaseContinuationImpl::resumeWith@40 (line 33)
                      ;   {virtual_call}
  0x00000001165f08cc: 9dd4 e397 

  0x00000001165f08d0: ;   {oop(a 'kotlin/coroutines/intrinsics/CoroutineSingletons'{0x0000000780991ae8})}
  0x00000001165f08d0: 0a5d 83d2 | 2a13 b0f2 | ea00 c0f2 | 1f00 0aeb | 0004 0054 | e003 00f9 | ea0b 40f9 | 4a09 40b9 
  0x00000001165f08f0: aa00 c0f2 | 5d1d 40f9 | ea07 00f9 | e10f 40f9 | e9ff 9fd2 | e9ff bff2 | e9ff dff2 

  0x00000001165f090c: ; ImmutableOopMap {[0]=Oop [16]=Oop }
                      ;*invokevirtual releaseIntercepted {reexecute=0 rethrow=0 return_oop=0}
                      ; - kotlin.coroutines.jvm.internal.BaseContinuationImpl::resumeWith@90 (line 39)
                      ;   {virtual_call}
  0x00000001165f090c: 83d4 e397 

  0x00000001165f0910: ;   {metadata('kotlin/coroutines/jvm/internal/BaseContinuationImpl')}
  0x00000001165f0910: 0a00 89d2 | ea21 a0f2 | aa00 c0f2 | bf03 0aeb | c102 0054 

  0x00000001165f0924: ; ImmutableOopMap {[0]=Oop [16]=Oop }
                      ;*goto {reexecute=1 rethrow=0 return_oop=0}
                      ; - (reexecute) kotlin.coroutines.jvm.internal.BaseContinuationImpl::resumeWith@121 (line 29)
  0x00000001165f0924: 8aab 41f9 

  0x00000001165f0928: ;   {poll}
  0x00000001165f0928: 5f01 40b9 | eb07 40f9 | 6a11 40f9 

  0x00000001165f0934: ;   {metadata('kotlin/coroutines/Continuation')}
  0x00000001165f0934: 0042 8bd2 | e021 a0f2 | a000 c0f2 | 5f01 00eb | 8102 0054 | ea0b 40f9 | 4b0d 40b9 | 7df1 7dd3 
  0x00000001165f0954: 9d04 00b4 | fd2b 01a9 | d7ff ff17 | fd7b 43a9 | ff03 0191 

  0x00000001165f0968: ;   {poll_return}
  0x00000001165f0968: 88a7 41f9 | ff63 28eb | e807 0054 | c003 5fd6 | e10b 40f9 | e203 40f9 | 09ec 95d2 | c972 a0f2 
  0x00000001165f0988: 0900 ccf2 

  0x00000001165f098c: ; ImmutableOopMap {}
                      ;*invokeinterface resumeWith {reexecute=0 rethrow=0 return_oop=0}
                      ; - kotlin.coroutines.jvm.internal.BaseContinuationImpl::resumeWith@114 (line 46)
                      ;   {virtual_call}
  0x00000001165f098c: 49d5 e397 | f4ff ff17 | e403 0baa | 8514 40f9 | a200 40b9 | a520 0091 | ff63 3feb | c200 00b4 
  0x00000001165f09ac: a884 40f8 | 1f00 08eb | 6000 0054 | 4204 00d1 | 82ff ffb5 | 6100 0054 | 8010 00f9 | e503 1faa 
  0x00000001165f09cc: e5fb ffb4 | 2104 8012 

  0x00000001165f09d4: ; ImmutableOopMap {[0]=Oop [16]=Oop }
                      ;*checkcast {reexecute=0 rethrow=0 return_oop=0}
                      ; - kotlin.coroutines.jvm.internal.BaseContinuationImpl::resumeWith@10 (line 28)
                      ;   {runtime_call UncommonTrapBlob}
  0x00000001165f09d4: abc8 e097 | e107 00f9 | 4117 8012 

  0x00000001165f09e0: ; ImmutableOopMap {rfp=Oop [0]=Oop [8]=Oop }
                      ;*ifnonnull {reexecute=1 rethrow=0 return_oop=0}
                      ; - (reexecute) kotlin.jvm.internal.Intrinsics::checkNotNull@1 (line 24)
                      ; - kotlin.coroutines.jvm.internal.BaseContinuationImpl::resumeWith@31 (line 30)
                      ;   {runtime_call UncommonTrapBlob}
  0x00000001165f09e0: a8c8 e097 | ea07 00f9 | 4117 8012 

  0x00000001165f09ec: ; ImmutableOopMap {rfp=Oop [0]=Oop [8]=Oop }
                      ;*ifnonnull {reexecute=1 rethrow=0 return_oop=0}
                      ; - (reexecute) kotlin.jvm.internal.Intrinsics::checkNotNull@1 (line 24)
                      ; - kotlin.coroutines.jvm.internal.BaseContinuationImpl::resumeWith@31 (line 30)
                      ;   {runtime_call UncommonTrapBlob}
  0x00000001165f09ec: a5c8 e097 | fd03 00aa | 8087 40f9 | 8a8f 40f9 | 0b40 0091 | 7f01 0aeb | a201 0054 | ea03 40b2 
  0x00000001165f0a0c: 8b87 00f9 | 0a00 00f9 

  0x00000001165f0a14: ;   {metadata('kotlin/Result$Failure')}
  0x00000001165f0a14: 0a22 a0d2 | 0a6b 8ff2 | 0a08 00b9 | 70c1 80f9 | abff 43d3 | 0b0c 00b9 | bf3b 03d5 | e003 00f9 
  0x00000001165f0a34: adff ff17 

  0x00000001165f0a38: ;   {metadata('kotlin/Result$Failure')}
  0x00000001165f0a38: 016b 8fd2 | 0122 a0f2 | a100 c0f2 

  0x00000001165f0a44: ; ImmutableOopMap {rfp=Oop [16]=Oop [24]=Oop }
                      ;*new {reexecute=0 rethrow=0 return_oop=1}
                      ; - kotlin.ResultKt::createFailure@6 (line 122)
                      ; - kotlin.coroutines.jvm.internal.BaseContinuationImpl::resumeWith@76 (line 37)
                      ;   {runtime_call _new_instance_Java}
  0x00000001165f0a44: bfc1 e397 | f7ff ff17 | e103 00aa | 0400 0014 | e103 00aa | 0200 0014 | e103 00aa | fd7b 43a9 
  0x00000001165f0a64: ff03 0191 

  0x00000001165f0a68: ;   {runtime_call _rethrow_Java}
  0x00000001165f0a68: d6b5 e317 

  0x00000001165f0a6c: ;   {internal_word}
  0x00000001165f0a6c: e8f7 ff10 | 88b3 01f9 

  0x00000001165f0a74: ;   {runtime_call SafepointBlob}
  0x00000001165f0a74: e3c6 e017 | 0000 0000 | 0000 0000 
[Stub Code]
  0x00000001165f0a80: ;   {no_reloc}
  0x00000001165f0a80: 4800 0058 | 0001 1fd6 | 405b ee15 | 0100 0000 

  0x00000001165f0a90: ;   {trampoline_stub}
  0x00000001165f0a90: 4800 0058 | 0001 1fd6 | 185b ee15 | 0100 0000 

  0x00000001165f0aa0: ;   {trampoline_stub}
  0x00000001165f0aa0: 4800 0058 | 0001 1fd6 | b05e ee15 | 0100 0000 

  0x00000001165f0ab0: ;   {trampoline_stub}
  0x00000001165f0ab0: 4800 0058 | 0001 1fd6 | 802c e215 | 0100 0000 

  0x00000001165f0ac0: ;   {trampoline_stub}
  0x00000001165f0ac0: 4800 0058 | 0001 1fd6 | 802c e215 | 0100 0000 

  0x00000001165f0ad0: ;   {trampoline_stub}
  0x00000001165f0ad0: 4800 0058 | 0001 1fd6 | 802c e215 | 0100 0000 

  0x00000001165f0ae0: ;   {trampoline_stub}
  0x00000001165f0ae0: 4800 0058 | 0001 1fd6 | 4011 ee15 | 0100 0000 
[Exception Handler]
  0x00000001165f0af0: ;   {runtime_call ExceptionBlob}
  0x00000001165f0af0: 648d e317 
[Deopt Handler Code]
  0x00000001165f0af4: 1e00 0010 

  0x00000001165f0af8: ;   {runtime_call DeoptimizationBlob}
  0x00000001165f0af8: 92c7 e017 | 0000 0000 
[/MachCode]


Compiled method (c2)   66848 5962   !   4       kotlinx.coroutines.DispatchedTask::run (387 bytes)
 total in heap  [0x00000001165fd590,0x00000001165ff3f0] = 7776
 relocation     [0x00000001165fd6e8,0x00000001165fd930] = 584
 main code      [0x00000001165fd940,0x00000001165fe400] = 2752
 stub code      [0x00000001165fe400,0x00000001165fe740] = 832
 oops           [0x00000001165fe740,0x00000001165fe780] = 64
 metadata       [0x00000001165fe780,0x00000001165fe870] = 240
 scopes data    [0x00000001165fe870,0x00000001165fef30] = 1728
 scopes pcs     [0x00000001165fef30,0x00000001165ff200] = 720
 dependencies   [0x00000001165ff200,0x00000001165ff208] = 8
 handler table  [0x00000001165ff208,0x00000001165ff3b8] = 432
 nul chk table  [0x00000001165ff3b8,0x00000001165ff3f0] = 56

[Constant Pool (empty)]

[MachCode]
[Entry Point]
  # {method} {0x0000000132774900} 'run' '()V' in 'kotlinx/coroutines/DispatchedTask'
  #           [sp+0x50]  (sp of caller)
  0x00000001165fd940: 2808 40b9 | 3f01 086b | 4000 0054 

  0x00000001165fd94c: ;   {runtime_call ic_miss_stub}
  0x00000001165fd94c: ad79 e017 
[Verified Entry Point]
  0x00000001165fd950: 1f20 03d5 | e953 40d1 | 3f01 00f9 | ff43 01d1 | fd7b 04a9 | 2a08 40b9 

  0x00000001165fd968: ;   {metadata('kotlinx/coroutines/internal/DispatchedContinuation')}
  0x00000001165fd968: 0c22 a0d2 | 0c37 8cf2 | 5f01 0c6b | ee03 01aa | a001 0054 

  0x00000001165fd97c: ;   {metadata('kotlinx/coroutines/CancellableContinuationImpl')}
  0x00000001165fd97c: 4c22 a0d2 | 0c98 8cf2 | 5f01 0c6b | 6139 0054 | ea03 01aa | 4b21 40b9 | 6af1 7dd3 | ca00 00b5 
  0x00000001165fd99c: 4117 8012 | fd03 0eaa | ea07 00f9 

  0x00000001165fd9a8: ; ImmutableOopMap {rfp=Oop [8]=Oop }
                      ;*ifnonnull {reexecute=1 rethrow=0 return_oop=0}
                      ; - (reexecute) kotlin.jvm.internal.Intrinsics::checkNotNull@1 (line 30)
                      ; - kotlinx.coroutines.DispatchedTask::run@40 (line 80)
                      ;   {runtime_call UncommonTrapBlob}
  0x00000001165fd9a8: b694 e097 | ea03 01aa | 4b09 40b9 

  0x00000001165fd9b4: ;   {metadata('kotlinx/coroutines/internal/DispatchedContinuation')}
  0x00000001165fd9b4: 0d22 a0d2 | 0d37 8cf2 | 7f01 0d6b | 013f 0054 | 4c21 40b9 | 4a29 40b9 | 8bf1 7dd3 | e10f 00f9 
  0x00000001165fd9d4: eb07 00f9 | 5df1 7dd3 | e103 0baa | 097c 84d2 | e972 a0f2 | 0900 ccf2 

  0x00000001165fd9ec: ; ImmutableOopMap {rfp=Oop [8]=Oop [24]=Oop }
                      ;*invokeinterface getContext {reexecute=0 rethrow=0 return_oop=1}
                      ; - kotlinx.coroutines.DispatchedTask::run@61 (line 222)
                      ;   {virtual_call}
  0x00000001165fd9ec: 859f e397 

  0x00000001165fd9f0: ;   {oop(a 'java/lang/Integer'[256] {0x00000007fff78ff0})}
  0x00000001165fd9f0: 0afe 91d2 | eafe bff2 | ea00 c0f2 | e00b 00f9 | 4c11 42b9 | 9d1e 00b4 | ea0f 0c8b | bf03 0aeb 
  0x00000001165fda10: a133 0054 | ea0f 40f9 | 5d09 40b9 | e107 40f9 | 09a8 85d2 | e972 a0f2 | 0900 ccf2 

  0x00000001165fda2c: ; ImmutableOopMap {[8]=Oop [16]=Oop [24]=Oop }
                      ;*invokeinterface getContext {reexecute=0 rethrow=0 return_oop=1}
                      ; - kotlinx.coroutines.DispatchedTask::run@103 (line 83)
                      ;   {virtual_call}
  0x00000001165fda2c: 759f e397 

  0x00000001165fda30: ;   {metadata('kotlinx/coroutines/internal/DispatchedContinuation')}
  0x00000001165fda30: 0b22 a0d2 | 0b37 8cf2 | bf03 0b6b | f303 00aa | f503 1d2a | 2001 0054 

  0x00000001165fda48: ;   {metadata('kotlinx/coroutines/CancellableContinuationImpl')}
  0x00000001165fda48: 4a22 a0d2 | 0a98 8cf2 | bf03 0a6b | 6133 0054 | ea0f 40f9 | 4aa1 0091 | 56fd df88 | 1700 0014 
  0x00000001165fda68: f40f 40f9 | 8be3 c039 | 8b27 0035 

  0x00000001165fda74: ;   {oop(a 'kotlinx/coroutines/internal/Symbol'{0x00000007809074c0})}
  0x00000001165fda74: 0b98 8ed2 | 0b12 b0f2 | eb00 c0f2 | ea03 14aa | 6b01 0aca | 9626 40b9 

  0x00000001165fda8c: ;   {oop(a 'kotlinx/coroutines/internal/Symbol'{0x00000007809074c0})}
  0x00000001165fda8c: 4d02 bed2 | 0dd3 81f2 | 6bfd 54d3 | 8d26 00b9 | 2b01 00b4 | 4afd 49d3 | 0b00 98d2 | 8b34 a0f2 
  0x00000001165fdaac: 2b00 c0f2 | 6001 0a8b | 0a00 c039 | 5f11 0071 | 8126 0054 | ee0f 40f9 | ca09 40b9 

  0x00000001165fdac8: ;   {metadata('kotlinx/coroutines/internal/DispatchedContinuation')}
  0x00000001165fdac8: 0d22 a0d2 | 0d37 8cf2 | 5f01 0d6b | cff2 7dd3 

  0x00000001165fdad8: ;   {metadata('kotlinx/coroutines/CompletedExceptionally')}
  0x00000001165fdad8: 0b41 98d2 | 0b22 a0f2 | ab00 c0f2 | fd03 1faa | 600e 0054 

  0x00000001165fdaec: ;   {metadata('kotlinx/coroutines/CancellableContinuationImpl')}
  0x00000001165fdaec: 4c22 a0d2 | 0c98 8cf2 | 5f01 0c6b | 012d 0054 

  0x00000001165fdafc: ; implicit exception: dispatches to 0x00000001165fe208
  0x00000001165fdafc: ea09 40b9 | aa00 c0f2 | 4a1d 40f9 | 5f01 0beb | a100 0054 | ea03 0faa | 4a11 40b9 | 5df1 7dd3 
  0x00000001165fdb1c: 5d00 00b5 | fd03 1faa | dd12 00b5 | cb19 40b9 | 7f05 0071 | 6001 0054 | 7f09 0071 | 2001 0054 
  0x00000001165fdb3c: ea07 40f9 | ea03 00f9 | ea0b 40f9 | 4117 8012 | fd03 0eaa | eacf 00a9 | ef0f 00f9 

  0x00000001165fdb58: ; ImmutableOopMap {rfp=Oop [0]=Oop [8]=Oop [16]=Oop [24]=Oop }
                      ;*ifeq {reexecute=1 rethrow=0 return_oop=0}
                      ; - (reexecute) kotlinx.coroutines.DispatchedTask::run@136 (line 91)
                      ;   {runtime_call UncommonTrapBlob}
  0x00000001165fdb58: 4a94 e097 

  0x00000001165fdb5c: ; implicit exception: dispatches to 0x00000001165fe1b0
  0x00000001165fdb5c: 6a0a 40b9 

  0x00000001165fdb60: ;   {metadata('kotlin/coroutines/CombinedContext')}
  0x00000001165fdb60: 0c22 a0d2 | 0c49 86f2 | 5f01 0c6b | c127 0054 | fd03 13aa | ab13 40b9 | ef13 00f9 | f503 00b9 
  0x00000001165fdb80: 61f1 7dd3 

  0x00000001165fdb84: ;   {oop(a 'kotlinx/coroutines/Job$Key'{0x0000000780991bc8})}
  0x00000001165fdb84: 0279 83d2 | 2213 b0f2 | e200 c0f2 | 0998 90d2 | e972 a0f2 | 0900 ccf2 

  0x00000001165fdb9c: ; ImmutableOopMap {rfp=Oop [8]=Oop [16]=Oop [24]=Oop [32]=Oop }
                      ;*invokeinterface get {reexecute=0 rethrow=0 return_oop=1}
                      ; - kotlin.coroutines.CombinedContext::get@14 (line 120)
                      ; - kotlinx.coroutines.DispatchedTask::run@147 (line 91)
                      ;   {virtual_call}
  0x00000001165fdb9c: 199f e397 | ec03 00aa | c002 00b5 | 1f20 03d5 | 1f20 03d5 | aa0f 40b9 | 41f1 7dd3 

  0x00000001165fdbb8: ; implicit exception: dispatches to 0x00000001165fe1cc
  0x00000001165fdbb8: 2b08 40b9 

  0x00000001165fdbbc: ;   {metadata('kotlin/coroutines/CombinedContext')}
  0x00000001165fdbbc: 0c22 a0d2 | 0c49 86f2 | 7f01 0c6b | a10b 0054 | fd03 01aa | ab13 40b9 | 61f1 7dd3 

  0x00000001165fdbd8: ;   {oop(a 'kotlinx/coroutines/Job$Key'{0x0000000780991bc8})}
  0x00000001165fdbd8: 0279 83d2 | 2213 b0f2 | e200 c0f2 | 09c8 85d2 | e972 a0f2 | 0900 ccf2 

  0x00000001165fdbf0: ; ImmutableOopMap {rfp=Oop [8]=Oop [16]=Oop [24]=Oop [32]=Oop }
                      ;*invokeinterface get {reexecute=0 rethrow=0 return_oop=1}
                      ; - kotlin.coroutines.CombinedContext::get@14 (line 120)
                      ; - kotlinx.coroutines.DispatchedTask::run@147 (line 91)
                      ;   {virtual_call}
  0x00000001165fdbf0: 049f e397 | ec03 00aa | c0fd ffb4 | 8a09 40b9 | e403 0a2a | a400 c0f2 | 8a10 40f9 

  0x00000001165fdc0c: ;   {metadata('kotlinx/coroutines/Job')}
  0x00000001165fdc0c: 0b64 81d2 | 0b22 a0f2 | ab00 c0f2 | 5f01 0beb | 0106 0054 | fd03 0caa | e103 1daa | 09b8 91d2 
  0x00000001165fdc2c: e972 a0f2 | 0900 ccf2 

  0x00000001165fdc34: ; ImmutableOopMap {rfp=Oop [8]=Oop [16]=Oop [24]=Oop [32]=Oop }
                      ;*invokeinterface isActive {reexecute=0 rethrow=0 return_oop=0}
                      ; - kotlinx.coroutines.DispatchedTask::run@168 (line 92)
                      ;   {virtual_call}
  0x00000001165fdc34: 6da0 e397 | c013 0034 

  0x00000001165fdc3c: ;   {metadata('kotlinx/coroutines/internal/DispatchedContinuation')}
  0x00000001165fdc3c: 0c22 a0d2 | 0c37 8cf2 | ea03 40b9 | 5f01 0c6b | c001 0054 

  0x00000001165fdc50: ;   {metadata('kotlinx/coroutines/CancellableContinuationImpl')}
  0x00000001165fdc50: 4c22 a0d2 | 0c98 8cf2 | 5f01 0c6b | e213 40f9 | 4b08 40b9 | c123 0054 

  0x00000001165fdc68: ;   {metadata('kotlinx/coroutines/CompletedContinuation')}
  0x00000001165fdc68: 4c25 a0d2 | 0c21 8ef2 | 7f01 0c6b | a100 0054 | 4a0c 40b9 | 42f1 7dd3 | 0200 0014 | e213 40f9 
  0x00000001165fdc88: e107 40f9 | 09a4 86d2 | e972 a0f2 | 0900 ccf2 

  0x00000001165fdc98: ; ImmutableOopMap {[16]=Oop [24]=Oop }
                      ;*invokeinterface resumeWith {reexecute=0 rethrow=0 return_oop=0}
                      ; - kotlinx.coroutines.DispatchedTask::run@301 (line 100)
                      ;   {virtual_call}
  0x00000001165fdc98: 86a0 e397 | fd7b 44a9 | ff43 0191 

  0x00000001165fdca4: ;   {poll_return}
  0x00000001165fdca4: 88a7 41f9 | ff63 28eb | 8838 0054 | c003 5fd6 

  0x00000001165fdcb4: ; implicit exception: dispatches to 0x00000001165fe1e8
  0x00000001165fdcb4: ec09 40b9 | ea03 0c2a | aa00 c0f2 | 4a1d 40f9 | 5f01 0beb | e1f2 ff54 | ea03 0faa | 4b11 40b9 
  0x00000001165fdcd4: 7df1 7dd3 | 93ff ff17 

  0x00000001165fdcdc: ;   {metadata('kotlinx/coroutines/Job')}
  0x00000001165fdcdc: 0064 81d2 | 0022 a0f2 | a000 c0f2 | 8514 40f9 | a200 40b9 | a520 0091 | ff63 3feb | c200 00b4 
  0x00000001165fdcfc: a884 40f8 | 1f00 08eb | 6000 0054 | 4204 00d1 | 82ff ffb5 | 6100 0054 | 8010 00f9 | e503 1faa 
  0x00000001165fdd1c: 25f8 ffb4 | ea07 40f9 | ea03 00f9 | ea77 41a9 | 2104 8012 | ea07 00f9 | ec0f 00f9 

  0x00000001165fdd38: ; ImmutableOopMap {rfp=Oop [0]=Oop [8]=Oop [24]=Oop [32]=Oop }
                      ;*checkcast {reexecute=0 rethrow=0 return_oop=0}
                      ; - kotlinx.coroutines.DispatchedTask::run@152 (line 91)
                      ;   {runtime_call UncommonTrapBlob}
  0x00000001165fdd38: d293 e097 

  0x00000001165fdd3c: ;   {oop(a 'kotlinx/coroutines/Job$Key'{0x0000000780991bc8})}
  0x00000001165fdd3c: 0279 83d2 | 2213 b0f2 | e200 c0f2 | 09b4 91d2 | e972 a0f2 | 0900 ccf2 

  0x00000001165fdd54: ; ImmutableOopMap {[8]=Oop [16]=Oop [24]=Oop [32]=Oop }
                      ;*invokeinterface get {reexecute=0 rethrow=0 return_oop=1}
                      ; - kotlin.coroutines.CombinedContext::get@55 (line 125)
                      ; - kotlinx.coroutines.DispatchedTask::run@147 (line 91)
                      ;   {virtual_call}
  0x00000001165fdd54: ab9e e397 | ec03 00aa | 00f5 ffb5 | ea07 40f9 | ea03 00f9 | ea0b 40f9 | 6101 8012 | fd0f 40f9 
  0x00000001165fdd74: ea07 00f9 

  0x00000001165fdd78: ; ImmutableOopMap {rfp=Oop [0]=Oop [8]=Oop [32]=Oop }
                      ;*checkcast {reexecute=0 rethrow=0 return_oop=0}
                      ; - kotlinx.coroutines.DispatchedTask::run@152 (line 91)
                      ;   {runtime_call UncommonTrapBlob}
  0x00000001165fdd78: c293 e097 | 8287 40f9 | 8a8f 40f9 | 4b40 0091 | 7f01 0aeb | 0216 0054 | ea03 40b2 | 8b87 00f9 
  0x00000001165fdd98: 4a00 00f9 

  0x00000001165fdd9c: ;   {metadata('kotlin/Result$Failure')}
  0x00000001165fdd9c: 0a22 a0d2 | 0a6b 8ff2 | 4a08 00b9 | 70c1 80f9 | 5f0c 00b9 | abff 43d3 | 4b0c 00b9 | bf3b 03d5 
  0x00000001165fddbc: e107 40f9 | 09dc 9ad2 | e977 a0f2 | 0900 ccf2 

  0x00000001165fddcc: ; ImmutableOopMap {[16]=Oop [24]=Oop }
                      ;*invokeinterface resumeWith {reexecute=0 rethrow=0 return_oop=0}
                      ; - kotlinx.coroutines.DispatchedTask::run@279 (line 98)
                      ;   {virtual_call}
  0x00000001165fddcc: 39a0 e397 | b3ff ff17 | ed0f 0c8b 

  0x00000001165fddd8: ; implicit exception: dispatches to 0x00000001165fe228
  0x00000001165fddd8: 0a08 40b9 

  0x00000001165fdddc: ;   {metadata('kotlin/coroutines/CombinedContext')}
  0x00000001165fdddc: 0c22 a0d2 | 0c49 86f2 | 5f01 0c6b | 011b 0054 | fd03 00aa | ac0f 40b9 | 81f1 7dd3 

  0x00000001165fddf8: ;   {oop(a 'kotlinx/coroutines/internal/ThreadContextKt$$Lambda$66+0x0000000501106ac0'{0x00000007809bc6f0})}
  0x00000001165fddf8: 03de 98d2 | 6313 b0f2 | e300 c0f2 | e203 0daa | e9ff 9fd2 | e9ff bff2 | e9ff dff2 

  0x00000001165fde14: ; ImmutableOopMap {rfp=Oop [8]=Oop [16]=Oop [24]=Oop }
                      ;*invokeinterface fold {reexecute=0 rethrow=0 return_oop=1}
                      ; - kotlin.coroutines.CombinedContext::fold@13 (line 131)
                      ; - kotlinx.coroutines.internal.ThreadContextKt::threadContextElements@8 (line 55)
                      ; - kotlinx.coroutines.internal.ThreadContextKt::updateThreadContext@7 (line 61)
                      ; - kotlinx.coroutines.DispatchedTask::run@71 (line 223)
                      ;   {virtual_call}
  0x00000001165fde14: fb79 e097 | ab13 40b9 | ea03 00aa | 7df1 7dd3 

  0x00000001165fde24: ; implicit exception: dispatches to 0x00000001165fe240
  0x00000001165fde24: ac0b 40b9 | e403 0c2a | a400 c0f2 | 8b10 40f9 

  0x00000001165fde34: ;   {metadata('kotlin/coroutines/CoroutineContext$Element')}
  0x00000001165fde34: 0009 91d2 | e021 a0f2 | a000 c0f2 | 7f01 00eb | e10c 0054 

  0x00000001165fde48: ;   {metadata('kotlinx/coroutines/ThreadContextElement')}
  0x00000001165fde48: 0000 9cd2 | e021 a0f2 | a000 c0f2 | 7f01 00eb | e016 0054 | 8514 40f9 | a200 40b9 | a520 0091 
  0x00000001165fde68: ff63 3feb | c200 00b4 | a884 40f8 | 1f00 08eb | 6000 0054 | 4204 00d1 | 82ff ffb5 | 6100 0054 
  0x00000001165fde88: 8010 00f9 | e503 1faa 

  0x00000001165fde90: ;   {oop(a 'java/lang/Integer'[256] {0x00000007fff78ff0})}
  0x00000001165fde90: 0bfe 91d2 | ebfe bff2 | eb00 c0f2 | 6c11 42b9 | a514 00b4 | 2a17 00b4 | fd03 0aaa | d7fe ff17 
  0x00000001165fdeb0: ab0b 40b9 

  0x00000001165fdeb4: ;   {metadata('kotlinx/coroutines/StandaloneCoroutine')}
  0x00000001165fdeb4: 2a22 a0d2 | 0a1d 8ff2 | 7f01 0a6b | ec03 1daa | 4115 0054 | e103 1daa 

  0x00000001165fdecc: ; ImmutableOopMap {[8]=Oop [16]=Oop [24]=Oop [32]=Oop }
                      ;*invokeinterface getCancellationException {reexecute=0 rethrow=0 return_oop=1}
                      ; - kotlinx.coroutines.DispatchedTask::run@178 (line 93)
                      ;   {optimized virtual_call}
  0x00000001165fdecc: 8501 0094 

  0x00000001165fded0: ;   {metadata('kotlinx/coroutines/CancellableContinuationImpl')}
  0x00000001165fded0: 4c22 a0d2 | 0c98 8cf2 | ea03 40b9 | 5f01 0c6b | e017 00f9 | e109 0054 | ea0f 40f9 | fd03 0aaa 
  0x00000001165fdef0: e103 0aaa | e213 40f9 | e303 00aa 

  0x00000001165fdefc: ; ImmutableOopMap {rfp=Oop [8]=Oop [16]=Oop [24]=Oop [40]=Oop }
                      ;*invokevirtual cancelCompletedResult$kotlinx_coroutines_core {reexecute=0 rethrow=0 return_oop=0}
                      ; - kotlinx.coroutines.DispatchedTask::run@193 (line 94)
                      ;   {optimized virtual_call}
  0x00000001165fdefc: 8501 0094 | ec17 40f9 | ec12 00b4 | 8287 40f9 | 8a8f 40f9 | 4b40 0091 | 7f01 0aeb | e20f 0054 
  0x00000001165fdf1c: ea03 40b2 | 8b87 00f9 

  0x00000001165fdf24: ;   {metadata('kotlin/Result$Failure')}
  0x00000001165fdf24: 0d22 a0d2 | 0d6b 8ff2 | 4a00 00f9 | 4d08 00b9 | 70c1 80f9 | 5f0c 00b9 | 8bfd 43d3 | 4b0c 00b9 
  0x00000001165fdf44: bf3b 03d5 | e107 40f9 | 0970 98d2 | e977 a0f2 | 0900 ccf2 

  0x00000001165fdf58: ; ImmutableOopMap {[16]=Oop [24]=Oop }
                      ;*invokeinterface resumeWith {reexecute=0 rethrow=0 return_oop=0}
                      ; - kotlinx.coroutines.DispatchedTask::run@252 (line 232)
                      ;   {virtual_call}
  0x00000001165fdf58: d69f e397 | 50ff ff17 | 8a26 40b9 | 40f1 7dd3 | 60d8 ffb4 | 8a13 40f9 | 0a0c 00b4 | 8b1b 40f9 
  0x00000001165fdf78: 4c21 00d1 | 6a01 0a8b | 4081 1ff8 | 8c13 00f9 | bbfe ff17 | 8a23 40f9 | 8b2b 40f9 | bf3b 03d5 
  0x00000001165fdf98: 0c00 c039 | 2cd9 ff34 | 1f00 0039 | 4a01 00b5 | e103 1caa | c900 0010 

  0x00000001165fdfb0: ;   {runtime_call G1BarrierSetRuntime::write_ref_field_post_entry(unsigned char volatile*, JavaThread*)}
  0x00000001165fdfb0: 08d1 80d2 | a8c9 a0f2 | 2800 c0f2 | ff27 bfa9 | 0001 3fd6 | ff43 0091 | befe ff17 | 4c21 00d1 
  0x00000001165fdfd0: 6a01 0a8b | 4081 1ff8 | 8c23 00f9 | b9fe ff17 | 8514 40f9 | a200 40b9 | a520 0091 | ff63 3feb 
  0x00000001165fdff0: c200 00b4 | a884 40f8 | 1f00 08eb | 6000 0054 | 4204 00d1 | 82ff ffb5 | 6100 0054 | 8010 00f9 
  0x00000001165fe010: e503 1faa | a5f1 ffb4 | 2104 8012 

  0x00000001165fe01c: ; ImmutableOopMap {rfp=Oop [8]=Oop [16]=Oop [24]=Oop }
                      ;*checkcast {reexecute=0 rethrow=0 return_oop=0}
                      ; - kotlinx.coroutines.internal.ThreadContextKt$$Lambda$66/0x0000000501106ac0::invoke@2
                      ; - kotlin.coroutines.CombinedContext::fold@22 (line 131)
                      ; - kotlinx.coroutines.internal.ThreadContextKt::threadContextElements@8 (line 55)
                      ; - kotlinx.coroutines.internal.ThreadContextKt::updateThreadContext@7 (line 61)
                      ; - kotlinx.coroutines.DispatchedTask::run@71 (line 223)
                      ;   {runtime_call UncommonTrapBlob}
  0x00000001165fe01c: 1993 e097 

  0x00000001165fe020: ;   {metadata('kotlinx/coroutines/internal/DispatchedContinuation')}
  0x00000001165fe020: 0b22 a0d2 | 0b37 8cf2 | 5f01 0b6b | a0f6 ff54 | ea07 40f9 | ea03 00f9 | ea0b 40f9 | 2107 8012 
  0x00000001165fe040: fd0f 40f9 | ea07 00f9 

  0x00000001165fe048: ; ImmutableOopMap {rfp=Oop [0]=Oop [8]=Oop [32]=Oop [40]=Oop }
                      ;*invokevirtual cancelCompletedResult$kotlinx_coroutines_core {reexecute=0 rethrow=0 return_oop=0}
                      ; - kotlinx.coroutines.DispatchedTask::run@193 (line 94)
                      ;   {runtime_call UncommonTrapBlob}
  0x00000001165fe048: 0e93 e097 

  0x00000001165fe04c: ;   {metadata('kotlin/Result$Failure')}
  0x00000001165fe04c: 016b 8fd2 | 0122 a0f2 | a100 c0f2 

  0x00000001165fe058: ; ImmutableOopMap {rfp=Oop [8]=Oop [16]=Oop [24]=Oop }
                      ;*new {reexecute=0 rethrow=0 return_oop=1}
                      ; - kotlin.ResultKt::createFailure@6 (line 122)
                      ; - kotlinx.coroutines.DispatchedTask::run@273 (line 98)
                      ;   {runtime_call _new_instance_Java}
  0x00000001165fe058: 3a8c e397 | e203 00aa | 54ff ff17 | ea07 40f9 | ea03 00f9 | ea0b 40f9 | 2104 8012 | fd03 0eaa 
  0x00000001165fe078: eabf 00a9 | f30f 00f9 

  0x00000001165fe080: ; ImmutableOopMap {rfp=Oop [0]=Oop [8]=Oop [16]=Oop [24]=Oop }
                      ;*invokeinterface get {reexecute=0 rethrow=0 return_oop=0}
                      ; - kotlinx.coroutines.DispatchedTask::run@147 (line 91)
                      ;   {runtime_call UncommonTrapBlob}
  0x00000001165fe080: 0093 e097 | eb0f 40f9 | 4117 8012 | eb03 00f9 | ea17 00f9 

  0x00000001165fe094: ; ImmutableOopMap {rfp=Oop [0]=Oop [8]=Oop [16]=Oop [40]=Oop }
                      ;*if_acmpne {reexecute=1 rethrow=0 return_oop=0}
                      ; - (reexecute) kotlinx.coroutines.internal.ThreadContextKt::updateThreadContext@17 (line 64)
                      ; - kotlinx.coroutines.DispatchedTask::run@71 (line 223)
                      ;   {runtime_call UncommonTrapBlob}
  0x00000001165fe094: fb92 e097 | ea07 40f9 | ea03 00f9 | ea0b 40f9 | 2107 8012 | eacf 00a9 | ee3f 02a9 

  0x00000001165fe0b0: ; ImmutableOopMap {[0]=Oop [8]=Oop [16]=Oop [32]=Oop [40]=Oop }
                      ;*invokevirtual getExceptionalResult$kotlinx_coroutines_core {reexecute=0 rethrow=0 return_oop=0}
                      ; - kotlinx.coroutines.DispatchedTask::run@119 (line 85)
                      ;   {runtime_call UncommonTrapBlob}
  0x00000001165fe0b0: f492 e097 | 2107 8012 | ee03 00f9 

  0x00000001165fe0bc: ; ImmutableOopMap {[0]=Oop }
                      ;*invokevirtual getDelegate$kotlinx_coroutines_core {reexecute=0 rethrow=0 return_oop=0}
                      ; - kotlinx.coroutines.DispatchedTask::run@34 (line 80)
                      ;   {runtime_call UncommonTrapBlob}
  0x00000001165fe0bc: f192 e097 | ea07 40f9 | ea03 00f9 | ea0b 40f9 | 2107 8012 | fd0f 40f9 | ea83 00a9 

  0x00000001165fe0d8: ; ImmutableOopMap {rfp=Oop [0]=Oop [8]=Oop [16]=Oop }
                      ;*invokevirtual takeState$kotlinx_coroutines_core {reexecute=0 rethrow=0 return_oop=0}
                      ; - kotlinx.coroutines.DispatchedTask::run@111 (line 84)
                      ;   {runtime_call UncommonTrapBlob}
  0x00000001165fe0d8: ea92 e097 | ea0b 40f9 | 2107 8012 | fd0f 40f9 | ea03 00f9 

  0x00000001165fe0ec: ; ImmutableOopMap {rfp=Oop [0]=Oop [8]=Oop [32]=Oop }
                      ;*invokevirtual getSuccessfulResult$kotlinx_coroutines_core {reexecute=0 rethrow=0 return_oop=0}
                      ; - kotlinx.coroutines.DispatchedTask::run@295 (line 100)
                      ;   {runtime_call UncommonTrapBlob}
  0x00000001165fe0ec: e592 e097 | e103 1caa | c900 0010 

  0x00000001165fe0f8: ;   {runtime_call G1BarrierSetRuntime::write_ref_field_pre_entry(oopDesc*, JavaThread*)}
  0x00000001165fe0f8: 08ca 80d2 | a8c9 a0f2 | 2800 c0f2 | ff27 bfa9 | 0001 3fd6 | ff43 0091 | 59fe ff17 | fd03 0caa 
  0x00000001165fe118: ;   {metadata('kotlin/Result$Failure')}
  0x00000001165fe118: 016b 8fd2 | 0122 a0f2 | a100 c0f2 

  0x00000001165fe124: ; ImmutableOopMap {rfp=Oop [8]=Oop [16]=Oop [24]=Oop }
                      ;*new {reexecute=0 rethrow=0 return_oop=1}
                      ; - kotlin.ResultKt::createFailure@6 (line 122)
                      ; - kotlinx.coroutines.DispatchedTask::run@246 (line 232)
                      ;   {runtime_call _new_instance_Java}
  0x00000001165fe124: 078c e397 | e203 00aa | ec03 1daa | 83ff ff17 | eb0f 40f9 | 4117 8012 | eb03 00f9 | ea13 00f9 
  0x00000001165fe144: ; ImmutableOopMap {rfp=Oop [0]=Oop [8]=Oop [16]=Oop [32]=Oop }
                      ;*ifeq {reexecute=1 rethrow=0 return_oop=0}
                      ; - (reexecute) kotlinx.coroutines.internal.ThreadContextKt::countAll$lambda$0@4 (line 32)
                      ; - kotlinx.coroutines.internal.ThreadContextKt$$Lambda$66/0x0000000501106ac0::invoke@5
                      ; - kotlin.coroutines.CombinedContext::fold@22 (line 131)
                      ; - kotlinx.coroutines.internal.ThreadContextKt::threadContextElements@8 (line 55)
                      ; - kotlinx.coroutines.internal.ThreadContextKt::updateThreadContext@7 (line 61)
                      ; - kotlinx.coroutines.DispatchedTask::run@71 (line 223)
                      ;   {runtime_call UncommonTrapBlob}
  0x00000001165fe144: cf92 e097 | ea07 40f9 | ed13 00f9 | 2104 8012 | fd0f 40f9 | ea03 00f9 

  0x00000001165fe15c: ; ImmutableOopMap {rfp=Oop [0]=Oop [16]=Oop [32]=Oop }
                      ;*invokeinterface fold {reexecute=0 rethrow=0 return_oop=0}
                      ; - kotlinx.coroutines.internal.ThreadContextKt::threadContextElements@8 (line 55)
                      ; - kotlinx.coroutines.internal.ThreadContextKt::updateThreadContext@7 (line 61)
                      ; - kotlinx.coroutines.DispatchedTask::run@71 (line 223)
                      ;   {runtime_call UncommonTrapBlob}
  0x00000001165fe15c: c992 e097 | 6114 8012 | fd0f 40f9 

  0x00000001165fe168: ; ImmutableOopMap {rfp=Oop [8]=Oop [16]=Oop [40]=Oop }
                      ;*ifnonnull {reexecute=1 rethrow=0 return_oop=0}
                      ; - (reexecute) kotlin.jvm.internal.Intrinsics::checkNotNullParameter@1 (line 130)
                      ; - kotlin.ResultKt::createFailure@3
                      ; - kotlinx.coroutines.DispatchedTask::run@246 (line 232)
                      ;   {runtime_call UncommonTrapBlob}
  0x00000001165fe168: c692 e097 | ea07 40f9 | ea03 00f9 | ea77 41a9 | 2104 8012 | ea07 00f9 | ec0f 00f9 

  0x00000001165fe184: ; ImmutableOopMap {rfp=Oop [0]=Oop [8]=Oop [24]=Oop [32]=Oop }
                      ;*invokeinterface getCancellationException {reexecute=0 rethrow=0 return_oop=0}
                      ; - kotlinx.coroutines.DispatchedTask::run@178 (line 93)
                      ;   {runtime_call UncommonTrapBlob}
  0x00000001165fe184: bf92 e097 | eb07 40f9 | 4117 8012 | fd0f 40f9 | eb03 00f9 | ea13 00f9 

  0x00000001165fe19c: ; ImmutableOopMap {rfp=Oop [0]=Oop [16]=Oop [32]=Oop }
                      ;*ifnonnull {reexecute=1 rethrow=0 return_oop=0}
                      ; - (reexecute) kotlin.jvm.internal.Intrinsics::checkNotNull@1 (line 24)
                      ; - kotlinx.coroutines.internal.ThreadContextKt::threadContextElements@14 (line 55)
                      ; - kotlinx.coroutines.internal.ThreadContextKt::updateThreadContext@7 (line 61)
                      ; - kotlinx.coroutines.DispatchedTask::run@71 (line 223)
                      ;   {runtime_call UncommonTrapBlob}
  0x00000001165fe19c: b992 e097 | 2104 8012 | fd03 0eaa | ea03 00f9 

  0x00000001165fe1ac: ; ImmutableOopMap {rfp=Oop [0]=Oop }
                      ;*checkcast {reexecute=0 rethrow=0 return_oop=0}
                      ; - kotlinx.coroutines.DispatchedTask::run@43 (line 80)
                      ;   {runtime_call UncommonTrapBlob}
  0x00000001165fe1ac: b592 e097 | ea07 40f9 | ea03 00f9 | ea0b 40f9 | 2101 8012 | fd03 0eaa | eabf 00a9 

  0x00000001165fe1c8: ; ImmutableOopMap {rfp=Oop [0]=Oop [8]=Oop [16]=Oop }
                      ;*invokeinterface get {reexecute=0 rethrow=0 return_oop=0}
                      ; - kotlinx.coroutines.DispatchedTask::run@147 (line 91)
                      ;   {runtime_call UncommonTrapBlob}
  0x00000001165fe1c8: ae92 e097 | ea07 40f9 | ea03 00f9 | ea0b 40f9 | 6101 8012 | fd0f 40f9 | ea07 00f9 

  0x00000001165fe1e4: ; ImmutableOopMap {rfp=Oop [0]=Oop [8]=Oop [32]=Oop }
                      ;*instanceof {reexecute=0 rethrow=0 return_oop=0}
                      ; - kotlin.coroutines.CombinedContext::get@39 (line 122)
                      ; - kotlinx.coroutines.DispatchedTask::run@147 (line 91)
                      ;   {runtime_call UncommonTrapBlob}
  0x00000001165fe1e4: a792 e097 | ea07 40f9 | ea03 00f9 | fd03 0eaa | ea0b 40f9 | 6101 8012 | eacf 00a9 | ef0f 00f9 
  0x00000001165fe204: ; ImmutableOopMap {rfp=Oop [0]=Oop [8]=Oop [16]=Oop [24]=Oop }
                      ;*instanceof {reexecute=0 rethrow=0 return_oop=0}
                      ; - kotlinx.coroutines.DispatchedTask::getExceptionalResult$kotlinx_coroutines_core@1 (line 75)
                      ; - kotlinx.coroutines.DispatchedTask::run@119 (line 85)
                      ;   {runtime_call UncommonTrapBlob}
  0x00000001165fe204: 9f92 e097 | ea07 40f9 | ea03 00f9 | fd03 0eaa | ea0b 40f9 | 6101 8012 | eacf 00a9 | ef0f 00f9 
  0x00000001165fe224: ; ImmutableOopMap {rfp=Oop [0]=Oop [8]=Oop [16]=Oop [24]=Oop }
                      ;*instanceof {reexecute=0 rethrow=0 return_oop=0}
                      ; - kotlinx.coroutines.DispatchedTask::getExceptionalResult$kotlinx_coroutines_core@1 (line 75)
                      ; - kotlinx.coroutines.CancellableContinuationImpl::getExceptionalResult$kotlinx_coroutines_core@2 (line 614)
                      ; - kotlinx.coroutines.DispatchedTask::run@119 (line 85)
                      ;   {runtime_call UncommonTrapBlob}
  0x00000001165fe224: 9792 e097 | ea07 40f9 | ed0b 00f9 | 2101 8012 | fd0f 40f9 | ea03 00a9 

  0x00000001165fe23c: ; ImmutableOopMap {rfp=Oop [0]=Oop [8]=Oop [16]=Oop }
                      ;*invokeinterface fold {reexecute=0 rethrow=0 return_oop=0}
                      ; - kotlinx.coroutines.internal.ThreadContextKt::threadContextElements@8 (line 55)
                      ; - kotlinx.coroutines.internal.ThreadContextKt::updateThreadContext@7 (line 61)
                      ; - kotlinx.coroutines.DispatchedTask::run@71 (line 223)
                      ;   {runtime_call UncommonTrapBlob}
  0x00000001165fe23c: 9192 e097 | eb07 40f9 | fd0f 40f9 | 6101 8012 | eb03 00f9 | e00f 00f9 

  0x00000001165fe254: ; ImmutableOopMap {rfp=Oop [0]=Oop [16]=Oop [24]=Oop }
                      ;*checkcast {reexecute=0 rethrow=0 return_oop=0}
                      ; - kotlinx.coroutines.internal.ThreadContextKt$$Lambda$66/0x0000000501106ac0::invoke@2
                      ; - kotlin.coroutines.CombinedContext::fold@22 (line 131)
                      ; - kotlinx.coroutines.internal.ThreadContextKt::threadContextElements@8 (line 55)
                      ; - kotlinx.coroutines.internal.ThreadContextKt::updateThreadContext@7 (line 61)
                      ; - kotlinx.coroutines.DispatchedTask::run@71 (line 223)
                      ;   {runtime_call UncommonTrapBlob}
  0x00000001165fe254: 8b92 e097 | e103 00aa | 0400 0014 | e103 00aa | 0200 0014 | e103 00aa | fd7b 44a9 | ff43 0191 
  0x00000001165fe274: ;   {runtime_call _rethrow_Java}
  0x00000001165fe274: d37f e317 | e003 00f9 | 3000 0014 | e003 00f9 | 2e00 0014 | e203 00aa | 4700 0014 | 0a08 40b9 
  0x00000001165fe294: ;   {metadata('kotlinx/coroutines/DispatchException')}
  0x00000001165fe294: 0c22 a0d2 | 0c8a 8cf2 | 5f01 0c6b | 41ff ff54 | ea03 00aa | ea03 00f9 | 3100 0014 | e203 00aa 
  0x00000001165fe2b4: 3d00 0014 | e003 00f9 | 2000 0014 | e003 00f9 | 1e00 0014 | e003 00f9 | 1c00 0014 | 0b08 40b9 
  0x00000001165fe2d4: ;   {metadata('kotlinx/coroutines/DispatchException')}
  0x00000001165fe2d4: 0a22 a0d2 | 0a8a 8cf2 | 7f01 0a6b | 81fe ff54 | ea03 00aa | ea03 00f9 | 2100 0014 | e003 00f9 
  0x00000001165fe2f4: 1200 0014 | 0a00 0014 | 0a08 40b9 

  0x00000001165fe300: ;   {metadata('kotlinx/coroutines/DispatchException')}
  0x00000001165fe300: 0c22 a0d2 | 0c8a 8cf2 | 5f01 0c6b | 4105 0054 | ea03 00aa | ea03 00f9 | 1600 0014 | 0100 0014 
  0x00000001165fe320: e003 00f9 | 0600 0014 | e003 00f9 | 0400 0014 | e003 00f9 | 0200 0014 | e003 00f9 | ea03 40f9 
  0x00000001165fe340: ;   {oop(a 'kotlinx/coroutines/internal/Symbol'{0x0000000780991ba0})}
  0x00000001165fe340: 0274 83d2 | 2213 b0f2 | e200 c0f2 | 5d09 40b9 | e10b 40f9 

  0x00000001165fe354: ; ImmutableOopMap {[0]=Oop [24]=Oop }
                      ;*invokestatic restoreThreadContext {reexecute=0 rethrow=0 return_oop=0}
                      ; - kotlinx.coroutines.DispatchedTask::run@354 (line 237)
                      ;   {static_call}
  0x00000001165fe354: 6b79 e097 

  0x00000001165fe358: ;   {metadata('kotlinx/coroutines/DispatchException')}
  0x00000001165fe358: 0a22 a0d2 | 0a8a 8cf2 | bf03 0a6b | 0102 0054 | ea03 40f9 | ea03 00f9 | e10f 40f9 | e9ff 9fd2 
  0x00000001165fe378: e9ff bff2 | e9ff dff2 

  0x00000001165fe380: ; ImmutableOopMap {[0]=Oop }
                      ;*invokevirtual getDelegate$kotlinx_coroutines_core {reexecute=0 rethrow=0 return_oop=1}
                      ; - kotlinx.coroutines.DispatchedTask::run@362 (line 105)
                      ;   {virtual_call}
  0x00000001165fe380: a078 e097 | e103 00aa | e9ff 9fd2 | e9ff bff2 | e9ff dff2 

  0x00000001165fe394: ; ImmutableOopMap {[0]=Oop }
                      ;*invokeinterface getContext {reexecute=0 rethrow=0 return_oop=1}
                      ; - kotlinx.coroutines.DispatchedTask::run@365 (line 105)
                      ;   {virtual_call}
  0x00000001165fe394: 9b78 e097 | fd03 00aa | 410a 8012 

  0x00000001165fe3a0: ; ImmutableOopMap {rfp=Oop [0]=Oop }
                      ;*invokevirtual getCause {reexecute=0 rethrow=0 return_oop=0}
                      ; - kotlinx.coroutines.DispatchedTask::run@371 (line 105)
                      ;   {runtime_call UncommonTrapBlob}
  0x00000001165fe3a0: 3892 e097 | e203 40f9 | e10f 40f9 

  0x00000001165fe3ac: ; ImmutableOopMap {}
                      ;*invokevirtual handleFatalException$kotlinx_coroutines_core {reexecute=0 rethrow=0 return_oop=0}
                      ; - kotlinx.coroutines.DispatchedTask::run@383 (line 107)
                      ;   {optimized virtual_call}
  0x00000001165fe3ac: d577 e097 | 3bfe ff17 | e203 00aa | fcff ff17 

  0x00000001165fe3bc: ;   {internal_word}
  0x00000001165fe3bc: 48c7 ff10 | 88b3 01f9 

  0x00000001165fe3c4: ;   {runtime_call SafepointBlob}
  0x00000001165fe3c4: 8f90 e017 | 0000 0000 | 0000 0000 | 0000 0000 | 0000 0000 | 0000 0000 | 0000 0000 | 0000 0000 
  0x00000001165fe3e4: 0000 0000 | 0000 0000 | 0000 0000 | 0000 0000 | 0000 0000 | 0000 0000 | 0000 0000 
[Stub Code]
  0x00000001165fe400: ;   {no_reloc}
  0x00000001165fe400: 4800 0058 | 0001 1fd6 | 802c e215 | 0100 0000 

  0x00000001165fe410: ;   {trampoline_stub}
  0x00000001165fe410: 4800 0058 | 0001 1fd6 | 0058 ee15 | 0100 0000 

  0x00000001165fe420: ;   {trampoline_stub}
  0x00000001165fe420: 4800 0058 | 0001 1fd6 | 0058 ee15 | 0100 0000 

  0x00000001165fe430: ;   {trampoline_stub}
  0x00000001165fe430: 4800 0058 | 0001 1fd6 | 802c e215 | 0100 0000 

  0x00000001165fe440: ;   {trampoline_stub}
  0x00000001165fe440: 4800 0058 | 0001 1fd6 | 0058 ee15 | 0100 0000 

  0x00000001165fe450: ;   {trampoline_stub}
  0x00000001165fe450: 4800 0058 | 0001 1fd6 | 0058 ee15 | 0100 0000 

  0x00000001165fe460: ;   {trampoline_stub}
  0x00000001165fe460: 4800 0058 | 0001 1fd6 | e85d ee15 | 0100 0000 

  0x00000001165fe470: ;   {trampoline_stub}
  0x00000001165fe470: 4800 0058 | 0001 1fd6 | b05e ee15 | 0100 0000 

  0x00000001165fe480: ;   {trampoline_stub}
  0x00000001165fe480: 4800 0058 | 0001 1fd6 | 802c e215 | 0100 0000 

  0x00000001165fe490: ;   {trampoline_stub}
  0x00000001165fe490: 4800 0058 | 0001 1fd6 | 0058 ee15 | 0100 0000 

  0x00000001165fe4a0: ;   {trampoline_stub}
  0x00000001165fe4a0: 4800 0058 | 0001 1fd6 | 802c e215 | 0100 0000 

  0x00000001165fe4b0: ;   {trampoline_stub}
  0x00000001165fe4b0: 4800 0058 | 0001 1fd6 | b05e ee15 | 0100 0000 

  0x00000001165fe4c0: ;   {trampoline_stub}
  0x00000001165fe4c0: 4800 0058 | 0001 1fd6 | 00c6 e115 | 0100 0000 

  0x00000001165fe4d0: ;   {trampoline_stub}
  0x00000001165fe4d0: 4800 0058 | 0001 1fd6 | e0e4 5f16 | 0100 0000 

  0x00000001165fe4e0: ;   {static_stub}
  0x00000001165fe4e0: df3f 03d5 

  0x00000001165fe4e4: ;   {metadata({method} {0x0000000132755058} 'getCancellationException' '()Ljava/util/concurrent/CancellationException;' in 'kotlinx/coroutines/JobSupport')}
  0x00000001165fe4e4: 0c0b 8ad2 | ac4e a6f2 | 2c00 c0f2 | 08d7 96d2 | 28bc a2f2 | 2800 c0f2 | 0001 1fd6 

  0x00000001165fe500: ;   {trampoline_stub}
  0x00000001165fe500: 4800 0058 | 0001 1fd6 | 10e5 5f16 | 0100 0000 

  0x00000001165fe510: ;   {static_stub}
  0x00000001165fe510: df3f 03d5 

  0x00000001165fe514: ;   {metadata({method} {0x0000000132acbf48} 'cancelCompletedResult$kotlinx_coroutines_core' '(Ljava/lang/Object;Ljava/lang/Throwable;)V' in 'kotlinx/coroutines/CancellableContinuationImpl')}
  0x00000001165fe514: 0ce9 97d2 | 8c55 a6f2 | 2c00 c0f2 | 8867 91d2 | 28bc a2f2 | 2800 c0f2 | 0001 1fd6 

  0x00000001165fe530: ;   {trampoline_stub}
  0x00000001165fe530: 4800 0058 | 0001 1fd6 | b05e ee15 | 0100 0000 

  0x00000001165fe540: ;   {trampoline_stub}
  0x00000001165fe540: 4800 0058 | 0001 1fd6 | 802c e215 | 0100 0000 

  0x00000001165fe550: ;   {trampoline_stub}
  0x00000001165fe550: 4800 0058 | 0001 1fd6 | 802c e215 | 0100 0000 

  0x00000001165fe560: ;   {trampoline_stub}
  0x00000001165fe560: 4800 0058 | 0001 1fd6 | 4011 ee15 | 0100 0000 

  0x00000001165fe570: ;   {trampoline_stub}
  0x00000001165fe570: 4800 0058 | 0001 1fd6 | 802c e215 | 0100 0000 

  0x00000001165fe580: ;   {trampoline_stub}
  0x00000001165fe580: 4800 0058 | 0001 1fd6 | 802c e215 | 0100 0000 

  0x00000001165fe590: ;   {trampoline_stub}
  0x00000001165fe590: 4800 0058 | 0001 1fd6 | 802c e215 | 0100 0000 

  0x00000001165fe5a0: ;   {trampoline_stub}
  0x00000001165fe5a0: 4800 0058 | 0001 1fd6 | 802c e215 | 0100 0000 

  0x00000001165fe5b0: ;   {trampoline_stub}
  0x00000001165fe5b0: 4800 0058 | 0001 1fd6 | 802c e215 | 0100 0000 

  0x00000001165fe5c0: ;   {trampoline_stub}
  0x00000001165fe5c0: 4800 0058 | 0001 1fd6 | 802c e215 | 0100 0000 

  0x00000001165fe5d0: ;   {trampoline_stub}
  0x00000001165fe5d0: 4800 0058 | 0001 1fd6 | 4011 ee15 | 0100 0000 

  0x00000001165fe5e0: ;   {trampoline_stub}
  0x00000001165fe5e0: 4800 0058 | 0001 1fd6 | 802c e215 | 0100 0000 

  0x00000001165fe5f0: ;   {trampoline_stub}
  0x00000001165fe5f0: 4800 0058 | 0001 1fd6 | 802c e215 | 0100 0000 

  0x00000001165fe600: ;   {trampoline_stub}
  0x00000001165fe600: 4800 0058 | 0001 1fd6 | 802c e215 | 0100 0000 

  0x00000001165fe610: ;   {trampoline_stub}
  0x00000001165fe610: 4800 0058 | 0001 1fd6 | 802c e215 | 0100 0000 

  0x00000001165fe620: ;   {trampoline_stub}
  0x00000001165fe620: 4800 0058 | 0001 1fd6 | 802c e215 | 0100 0000 

  0x00000001165fe630: ;   {trampoline_stub}
  0x00000001165fe630: 4800 0058 | 0001 1fd6 | 802c e215 | 0100 0000 

  0x00000001165fe640: ;   {trampoline_stub}
  0x00000001165fe640: 4800 0058 | 0001 1fd6 | 802c e215 | 0100 0000 

  0x00000001165fe650: ;   {trampoline_stub}
  0x00000001165fe650: 4800 0058 | 0001 1fd6 | 802c e215 | 0100 0000 

  0x00000001165fe660: ;   {trampoline_stub}
  0x00000001165fe660: 4800 0058 | 0001 1fd6 | 802c e215 | 0100 0000 

  0x00000001165fe670: ;   {trampoline_stub}
  0x00000001165fe670: 4800 0058 | 0001 1fd6 | 802c e215 | 0100 0000 

  0x00000001165fe680: ;   {trampoline_stub}
  0x00000001165fe680: 4800 0058 | 0001 1fd6 | 802c e215 | 0100 0000 

  0x00000001165fe690: ;   {trampoline_stub}
  0x00000001165fe690: 4800 0058 | 0001 1fd6 | 802c e215 | 0100 0000 

  0x00000001165fe6a0: ;   {trampoline_stub}
  0x00000001165fe6a0: 4800 0058 | 0001 1fd6 | 00c9 e115 | 0100 0000 

  0x00000001165fe6b0: ;   {static_stub}
  0x00000001165fe6b0: df3f 03d5 

  0x00000001165fe6b4: ;   {metadata(NULL)}
  0x00000001165fe6b4: 0c00 80d2 | 0c00 a0f2 | 0c00 c0f2 | 0800 80d2 | 0800 a0f2 | 0800 c0f2 | 0001 1fd6 

  0x00000001165fe6d0: ;   {trampoline_stub}
  0x00000001165fe6d0: 4800 0058 | 0001 1fd6 | 00c6 e115 | 0100 0000 

  0x00000001165fe6e0: ;   {trampoline_stub}
  0x00000001165fe6e0: 4800 0058 | 0001 1fd6 | 00c6 e115 | 0100 0000 

  0x00000001165fe6f0: ;   {trampoline_stub}
  0x00000001165fe6f0: 4800 0058 | 0001 1fd6 | 802c e215 | 0100 0000 

  0x00000001165fe700: ;   {trampoline_stub}
  0x00000001165fe700: 4800 0058 | 0001 1fd6 | 00c3 e115 | 0100 0000 

  0x00000001165fe710: ;   {static_stub}
  0x00000001165fe710: df3f 03d5 

  0x00000001165fe714: ;   {metadata(NULL)}
  0x00000001165fe714: 0c00 80d2 | 0c00 a0f2 | 0c00 c0f2 | 0800 80d2 | 0800 a0f2 | 0800 c0f2 | 0001 1fd6 
[Exception Handler]
  0x00000001165fe730: ;   {runtime_call ExceptionBlob}
  0x00000001165fe730: 5456 e317 
[Deopt Handler Code]
  0x00000001165fe734: 1e00 0010 

  0x00000001165fe738: ;   {runtime_call DeoptimizationBlob}
  0x00000001165fe738: 8290 e017 | 0000 0000 
[/MachCode]


---------------  P R O C E S S  ---------------

Threads class SMR info:
_java_thread_list=0x0000600003bf82e0, length=53, elements={
0x0000000130823c00, 0x0000000130840c00, 0x0000000130843400, 0x0000000130847400,
0x0000000130846e00, 0x000000013084b800, 0x0000000131015400, 0x000000013100fc00,
0x0000000131010a00, 0x00000001318b9600, 0x00000001318ba600, 0x00000001313a8a00,
0x0000000131a7be00, 0x0000000131a7c400, 0x0000000131ba2c00, 0x0000000131ba3200,
0x0000000131a7a600, 0x000000012721a200, 0x000000012721a800, 0x00000001312f8400,
0x0000000127240000, 0x0000000137008200, 0x0000000127254a00, 0x0000000131a7a000,
0x0000000154809000, 0x0000000130ff4800, 0x0000000130df4a00, 0x00000001313ff600,
0x00000001312fb600, 0x000000013120a400, 0x000000015483ae00, 0x0000000154874800,
0x0000000127224400, 0x000000013086ee00, 0x000000013086f400, 0x0000000154923a00,
0x0000000131653400, 0x0000000154c61800, 0x0000000131430e00, 0x0000000131681600,
0x000000016601f400, 0x000000013601a200, 0x000000013680ca00, 0x000000013700c400,
0x0000000131f7b000, 0x0000000137019c00, 0x000000013178c800, 0x0000000166185400,
0x00000001660aac00, 0x000000016600a800, 0x000000012726a400, 0x0000000154dc3e00,
0x0000000130e9a600
}

Java Threads: ( => current thread )
  0x0000000130823c00 JavaThread "main" [_thread_blocked, id=4867, stack(0x000000016b164000,0x000000016b367000)]
  0x0000000130840c00 JavaThread "Reference Handler" daemon [_thread_blocked, id=18179, stack(0x000000016bfb8000,0x000000016c1bb000)]
  0x0000000130843400 JavaThread "Finalizer" daemon [_thread_blocked, id=18691, stack(0x000000016c1c4000,0x000000016c3c7000)]
  0x0000000130847400 JavaThread "Signal Dispatcher" daemon [_thread_blocked, id=23299, stack(0x000000016c4e8000,0x000000016c6eb000)]
  0x0000000130846e00 JavaThread "Service Thread" daemon [_thread_blocked, id=31235, stack(0x000000016c6f4000,0x000000016c8f7000)]
  0x000000013084b800 JavaThread "Monitor Deflation Thread" daemon [_thread_blocked, id=30723, stack(0x000000016c900000,0x000000016cb03000)]
  0x0000000131015400 JavaThread "C2 CompilerThread0" daemon [_thread_blocked, id=30467, stack(0x000000016cb0c000,0x000000016cd0f000)]
  0x000000013100fc00 JavaThread "C1 CompilerThread0" daemon [_thread_blocked, id=29955, stack(0x000000016cd18000,0x000000016cf1b000)]
  0x0000000131010a00 JavaThread "Sweeper thread" daemon [_thread_blocked, id=29699, stack(0x000000016cf24000,0x000000016d127000)]
  0x00000001318b9600 JavaThread "Notification Thread" daemon [_thread_blocked, id=29187, stack(0x000000016d130000,0x000000016d333000)]
  0x00000001318ba600 JavaThread "Common-Cleaner" daemon [_thread_blocked, id=24835, stack(0x000000016d548000,0x000000016d74b000)]
  0x00000001313a8a00 JavaThread "httpclient-main-1" daemon [_thread_blocked, id=76291, stack(0x000000016e614000,0x000000016e817000)]
  0x0000000131a7be00 JavaThread "httpclient-dispatch-1" daemon [_thread_in_native, id=75779, stack(0x000000016e820000,0x000000016ea23000)]
  0x0000000131a7c400 JavaThread "httpclient-dispatch-2" daemon [_thread_in_native, id=87299, stack(0x000000016ea2c000,0x000000016ec2f000)]
  0x0000000131ba2c00 JavaThread "httpclient-dispatch-3" daemon [_thread_in_native, id=87555, stack(0x000000016ec38000,0x000000016ee3b000)]
  0x0000000131ba3200 JavaThread "httpclient-dispatch-4" daemon [_thread_in_native, id=130563, stack(0x000000016ee44000,0x000000016f047000)]
  0x0000000131a7a600 JavaThread "httpclient-dispatch-5" daemon [_thread_in_native, id=130307, stack(0x000000016f050000,0x000000016f253000)]
  0x000000012721a200 JavaThread "httpclient-dispatch-6" daemon [_thread_in_native, id=88579, stack(0x000000016f25c000,0x000000016f45f000)]
  0x000000012721a800 JavaThread "httpclient-dispatch-7" daemon [_thread_in_native, id=129795, stack(0x000000016f468000,0x000000016f66b000)]
  0x00000001312f8400 JavaThread "httpclient-dispatch-8" daemon [_thread_in_native, id=129283, stack(0x000000016f674000,0x000000016f877000)]
  0x0000000127240000 JavaThread "AppKit Thread" daemon [_thread_in_native, id=259, stack(0x000000016a8dc000,0x000000016b0d8000)]
  0x0000000137008200 JavaThread "AWT-Shutdown" [_thread_blocked, id=120611, stack(0x000000016f998000,0x000000016fb9b000)]
  0x0000000127254a00 JavaThread "AWT-EventQueue-0" [_thread_in_native, id=165651, stack(0x000000016fcbc000,0x000000016febf000)]
  0x0000000131a7a000 JavaThread "Java2D Queue Flusher" daemon [_thread_blocked, id=127759, stack(0x0000000300210000,0x0000000300413000)]
  0x0000000154809000 JavaThread "Java2D Disposer" daemon [_thread_blocked, id=76827, stack(0x000000030041c000,0x000000030061f000)]
=>0x0000000130ff4800 JavaThread "DefaultDispatcher-worker-1" daemon [_thread_in_native, id=112435, stack(0x00000003007cc000,0x00000003009cf000)]
  0x0000000130df4a00 JavaThread "DefaultDispatcher-worker-2" daemon [_thread_blocked, id=103715, stack(0x00000003009d8000,0x0000000300bdb000)]
  0x00000001313ff600 JavaThread "DefaultDispatcher-worker-3" daemon [_thread_blocked, id=103963, stack(0x0000000300be4000,0x0000000300de7000)]
  0x00000001312fb600 JavaThread "kotlinx.coroutines.DefaultExecutor" daemon [_thread_blocked, id=77083, stack(0x0000000300df0000,0x0000000300ff3000)]
  0x000000013120a400 JavaThread "Reference Cleaner" daemon [_thread_blocked, id=167507, stack(0x0000000300ffc000,0x00000003011ff000)]
  0x000000015483ae00 JavaThread "TimerQueue" daemon [_thread_blocked, id=138771, stack(0x0000000301208000,0x000000030140b000)]
  0x0000000154874800 JavaThread "pool-2-thread-1" daemon [_thread_blocked, id=163611, stack(0x00000003021c0000,0x00000003023c3000)]
  0x0000000127224400 JavaThread "process reaper" daemon [_thread_blocked, id=165603, stack(0x000000016d8f8000,0x000000016d92f000)]
  0x000000013086ee00 JavaThread "Gax-1" daemon [_thread_blocked, id=69147, stack(0x0000000303914000,0x0000000303b17000)]
  0x000000013086f400 JavaThread "grpc-nio-worker-ELG-1-1" daemon [_thread_in_native, id=106511, stack(0x0000000303b20000,0x0000000303d23000)]
  0x0000000154923a00 JavaThread "grpc-default-executor-0" daemon [_thread_blocked, id=102035, stack(0x0000000303d2c000,0x0000000303f2f000)]
  0x0000000131653400 JavaThread "grpc-nio-worker-ELG-1-2" daemon [_thread_in_native, id=167267, stack(0x0000000303f38000,0x000000030413b000)]
  0x0000000154c61800 JavaThread "grpc-default-executor-1" daemon [_thread_blocked, id=95955, stack(0x0000000304144000,0x0000000304347000)]
  0x0000000131430e00 JavaThread "grpc-nio-worker-ELG-1-3" daemon [_thread_in_native, id=160519, stack(0x0000000304350000,0x0000000304553000)]
  0x0000000131681600 JavaThread "grpc-default-executor-2" daemon [_thread_blocked, id=160275, stack(0x000000030455c000,0x000000030475f000)]
  0x000000016601f400 JavaThread "grpc-nio-worker-ELG-1-4" daemon [_thread_in_native, id=109859, stack(0x0000000304768000,0x000000030496b000)]
  0x000000013601a200 JavaThread "Gax-2" daemon [_thread_blocked, id=104463, stack(0x000000016d938000,0x000000016db3b000)]
  0x000000013680ca00 JavaThread "Gax-3" daemon [_thread_blocked, id=167107, stack(0x0000000304974000,0x0000000304b77000)]
  0x000000013700c400 JavaThread "Gax-4" daemon [_thread_blocked, id=82007, stack(0x0000000304b80000,0x0000000304d83000)]
  0x0000000131f7b000 JavaThread "grpc-nio-worker-ELG-1-5" daemon [_thread_in_native, id=480007, stack(0x000000031e6a8000,0x000000031e8ab000)]
  0x0000000137019c00 JavaThread "grpc-nio-worker-ELG-1-6" daemon [_thread_in_native, id=386659, stack(0x000000031e8b4000,0x000000031eab7000)]
  0x000000013178c800 JavaThread "grpc-nio-worker-ELG-1-7" daemon [_thread_in_native, id=481043, stack(0x000000031eac0000,0x000000031ecc3000)]
  0x0000000166185400 JavaThread "grpc-transport-9" daemon [_thread_blocked, id=116491, stack(0x0000000304f98000,0x000000030519b000)]
  0x00000001660aac00 JavaThread "grpc-transport-10" daemon [_thread_blocked, id=77815, stack(0x00000003051a4000,0x00000003053a7000)]
  0x000000016600a800 JavaThread "grpc-transport-11" daemon [_thread_blocked, id=387539, stack(0x00000003053b0000,0x00000003055b3000)]
  0x000000012726a400 JavaThread "grpc-transport-13" daemon [_thread_blocked, id=479331, stack(0x000000031c884000,0x000000031ca87000)]
  0x0000000154dc3e00 JavaThread "grpc-transport-12" daemon [_thread_blocked, id=187935, stack(0x000000031eccc000,0x000000031eecf000)]
  0x0000000130e9a600 JavaThread "grpc-transport-14" daemon [_thread_blocked, id=477459, stack(0x000000031eed8000,0x000000031f0db000)]

Other Threads:
  0x0000000105f04080 VMThread "VM Thread" [stack: 0x000000016bdac000,0x000000016bfaf000] [id=17667]
  0x000000013070d9c0 WatcherThread [stack: 0x000000016d33c000,0x000000016d53f000] [id=28931]
  0x00000001307060e0 GCTaskThread "GC Thread#0" [stack: 0x000000016b370000,0x000000016b573000] [id=14339]
  0x00000001206959f0 GCTaskThread "GC Thread#1" [stack: 0x000000016dd58000,0x000000016df5b000] [id=79875]
  0x0000000120695e70 GCTaskThread "GC Thread#2" [stack: 0x000000016df64000,0x000000016e167000] [id=72707]
  0x0000000130677c50 GCTaskThread "GC Thread#3" [stack: 0x000000016e170000,0x000000016e373000] [id=79363]
  0x0000000120696670 GCTaskThread "GC Thread#4" [stack: 0x000000016e37c000,0x000000016e57f000] [id=78851]
  0x0000000105f0c100 GCTaskThread "GC Thread#5" [stack: 0x0000000300004000,0x0000000300207000] [id=128783]
  0x0000000120651ff0 GCTaskThread "GC Thread#6" [stack: 0x0000000301414000,0x0000000301617000] [id=164627]
  0x0000000120652470 GCTaskThread "GC Thread#7" [stack: 0x0000000301620000,0x0000000301823000] [id=164107]
  0x0000000130706790 ConcurrentGCThread "G1 Main Marker" [stack: 0x000000016b57c000,0x000000016b77f000] [id=13827]
  0x0000000130707020 ConcurrentGCThread "G1 Conc#0" [stack: 0x000000016b788000,0x000000016b98b000] [id=13059]
  0x0000000120651a40 ConcurrentGCThread "G1 Conc#1" [stack: 0x000000030182c000,0x0000000301a2f000] [id=137011]
  0x0000000130708e90 ConcurrentGCThread "G1 Refine#0" [stack: 0x000000016b994000,0x000000016bb97000] [id=16643]
  0x0000000130709730 ConcurrentGCThread "G1 Service" [stack: 0x000000016bba0000,0x000000016bda3000] [id=21251]

Threads with active compile tasks:

VM state: not at safepoint (normal execution)

VM Mutex/Monitor currently owned by a thread: None

Heap address: 0x0000000780000000, size: 2048 MB, Compressed Oops mode: Zero based, Oop shift amount: 3

CDS archive(s) mapped at: [0x0000000500000000-0x0000000500be8000-0x0000000500be8000), size 12484608, SharedBaseAddress: 0x0000000500000000, ArchiveRelocationMode: 1.
Compressed class space mapped at: 0x0000000501000000-0x0000000541000000, reserved size: 1073741824
Narrow klass base: 0x0000000500000000, Narrow klass shift: 0, Narrow klass range: 0x100000000

GC Precious Log:
 CPUs: 8 total, 8 available
 Memory: 8192M
 Large Page Support: Disabled
 NUMA Support: Disabled
 Compressed Oops: Enabled (Zero based)
 Heap Region Size: 1M
 Heap Min Capacity: 8M
 Heap Initial Capacity: 128M
 Heap Max Capacity: 2G
 Pre-touch: Disabled
 Parallel Workers: 8
 Concurrent Workers: 2
 Concurrent Refinement Workers: 8
 Periodic GC: Disabled

Heap:
 garbage-first heap   total 109568K, used 40803K [0x0000000780000000, 0x0000000800000000)
  region size 1024K, 14 young (14336K), 2 survivors (2048K)
 Metaspace       used 60435K, committed 60672K, reserved 1114112K
  class space    used 6529K, committed 6656K, reserved 1048576K

Heap Regions: E=young(eden), S=young(survivor), O=old, HS=humongous(starts), HC=humongous(continues), CS=collection set, F=free, OA=open archive, CA=closed archive, TAMS=top-at-mark-start (previous, next)
|   0|0x0000000780000000, 0x0000000780100000, 0x0000000780100000|100%|HS|  |TAMS 0x0000000780100000, 0x0000000780000000| Complete 
|   1|0x0000000780100000, 0x0000000780200000, 0x0000000780200000|100%|HC|  |TAMS 0x0000000780200000, 0x0000000780100000| Complete 
|   2|0x0000000780200000, 0x0000000780300000, 0x0000000780300000|100%| O|  |TAMS 0x0000000780300000, 0x0000000780200000| Untracked 
|   3|0x0000000780300000, 0x0000000780400000, 0x0000000780400000|100%| O|  |TAMS 0x0000000780400000, 0x0000000780300000| Untracked 
|   4|0x0000000780400000, 0x0000000780500000, 0x0000000780500000|100%| O|  |TAMS 0x0000000780500000, 0x0000000780400000| Untracked 
|   5|0x0000000780500000, 0x0000000780600000, 0x0000000780600000|100%| O|  |TAMS 0x0000000780600000, 0x0000000780500000| Untracked 
|   6|0x0000000780600000, 0x0000000780700000, 0x0000000780700000|100%| O|  |TAMS 0x0000000780700000, 0x0000000780600000| Untracked 
|   7|0x0000000780700000, 0x0000000780800000, 0x0000000780800000|100%| O|  |TAMS 0x0000000780800000, 0x0000000780700000| Untracked 
|   8|0x0000000780800000, 0x0000000780900000, 0x0000000780900000|100%| O|  |TAMS 0x0000000780900000, 0x0000000780800000| Untracked 
|   9|0x0000000780900000, 0x0000000780a00000, 0x0000000780a00000|100%| O|  |TAMS 0x0000000780a00000, 0x0000000780900000| Untracked 
|  10|0x0000000780a00000, 0x0000000780b00000, 0x0000000780b00000|100%| O|  |TAMS 0x0000000780b00000, 0x0000000780a00000| Untracked 
|  11|0x0000000780b00000, 0x0000000780bf7c00, 0x0000000780c00000| 96%| O|  |TAMS 0x0000000780bf7c00, 0x0000000780b00000| Untracked 
|  12|0x0000000780c00000, 0x0000000780d00000, 0x0000000780d00000|100%| O|  |TAMS 0x0000000780d00000, 0x0000000780c00000| Untracked 
|  13|0x0000000780d00000, 0x0000000780e00000, 0x0000000780e00000|100%| O|  |TAMS 0x0000000780e00000, 0x0000000780d00000| Untracked 
|  14|0x0000000780e00000, 0x0000000780f00000, 0x0000000780f00000|100%| O|  |TAMS 0x0000000780f00000, 0x0000000780e00000| Untracked 
|  15|0x0000000780f00000, 0x0000000781000000, 0x0000000781000000|100%| O|  |TAMS 0x0000000781000000, 0x0000000780f00000| Untracked 
|  16|0x0000000781000000, 0x0000000781100000, 0x0000000781100000|100%| O|  |TAMS 0x0000000781100000, 0x0000000781000000| Untracked 
|  17|0x0000000781100000, 0x0000000781200000, 0x0000000781200000|100%|HS|  |TAMS 0x0000000781100000, 0x0000000781100000| Complete 
|  18|0x0000000781200000, 0x0000000781300000, 0x0000000781300000|100%|HS|  |TAMS 0x0000000781200000, 0x0000000781200000| Complete 
|  19|0x0000000781300000, 0x0000000781400000, 0x0000000781400000|100%|HS|  |TAMS 0x0000000781300000, 0x0000000781300000| Complete 
|  20|0x0000000781400000, 0x0000000781500000, 0x0000000781500000|100%|HC|  |TAMS 0x0000000781400000, 0x0000000781400000| Complete 
|  21|0x0000000781500000, 0x0000000781600000, 0x0000000781600000|100%| O|  |TAMS 0x0000000781600000, 0x0000000781500000| Untracked 
|  22|0x0000000781600000, 0x0000000781600000, 0x0000000781700000|  0%| F|  |TAMS 0x0000000781600000, 0x0000000781600000| Untracked 
|  23|0x0000000781700000, 0x0000000781800000, 0x0000000781800000|100%| O|  |TAMS 0x0000000781800000, 0x0000000781700000| Untracked 
|  24|0x0000000781800000, 0x00000007818a2600, 0x0000000781900000| 63%| O|  |TAMS 0x00000007818a2600, 0x0000000781800000| Untracked 
|  25|0x0000000781900000, 0x0000000781a00000, 0x0000000781a00000|100%|HS|  |TAMS 0x0000000781a00000, 0x0000000781900000| Complete 
|  26|0x0000000781a00000, 0x0000000781b00000, 0x0000000781b00000|100%|HS|  |TAMS 0x0000000781b00000, 0x0000000781a00000| Complete 
|  27|0x0000000781b00000, 0x0000000781c00000, 0x0000000781c00000|100%|HC|  |TAMS 0x0000000781c00000, 0x0000000781b00000| Complete 
|  28|0x0000000781c00000, 0x0000000781c00000, 0x0000000781d00000|  0%| F|  |TAMS 0x0000000781c00000, 0x0000000781c00000| Untracked 
|  29|0x0000000781d00000, 0x0000000781d00000, 0x0000000781e00000|  0%| F|  |TAMS 0x0000000781d00000, 0x0000000781d00000| Untracked 
|  30|0x0000000781e00000, 0x0000000781e00000, 0x0000000781f00000|  0%| F|  |TAMS 0x0000000781e00000, 0x0000000781e00000| Untracked 
|  31|0x0000000781f00000, 0x0000000781f00000, 0x0000000782000000|  0%| F|  |TAMS 0x0000000781f00000, 0x0000000781f00000| Untracked 
|  32|0x0000000782000000, 0x0000000782000000, 0x0000000782100000|  0%| F|  |TAMS 0x0000000782000000, 0x0000000782000000| Untracked 
|  33|0x0000000782100000, 0x0000000782100000, 0x0000000782200000|  0%| F|  |TAMS 0x0000000782100000, 0x0000000782100000| Untracked 
|  34|0x0000000782200000, 0x0000000782200000, 0x0000000782300000|  0%| F|  |TAMS 0x0000000782200000, 0x0000000782200000| Untracked 
|  35|0x0000000782300000, 0x0000000782300000, 0x0000000782400000|  0%| F|  |TAMS 0x0000000782300000, 0x0000000782300000| Untracked 
|  36|0x0000000782400000, 0x0000000782400000, 0x0000000782500000|  0%| F|  |TAMS 0x0000000782400000, 0x0000000782400000| Untracked 
|  37|0x0000000782500000, 0x0000000782500000, 0x0000000782600000|  0%| F|  |TAMS 0x0000000782500000, 0x0000000782500000| Untracked 
|  38|0x0000000782600000, 0x0000000782600000, 0x0000000782700000|  0%| F|  |TAMS 0x0000000782600000, 0x0000000782600000| Untracked 
|  39|0x0000000782700000, 0x0000000782700000, 0x0000000782800000|  0%| F|  |TAMS 0x0000000782700000, 0x0000000782700000| Untracked 
|  40|0x0000000782800000, 0x0000000782800000, 0x0000000782900000|  0%| F|  |TAMS 0x0000000782800000, 0x0000000782800000| Untracked 
|  41|0x0000000782900000, 0x0000000782900000, 0x0000000782a00000|  0%| F|  |TAMS 0x0000000782900000, 0x0000000782900000| Untracked 
|  42|0x0000000782a00000, 0x0000000782a00000, 0x0000000782b00000|  0%| F|  |TAMS 0x0000000782a00000, 0x0000000782a00000| Untracked 
|  43|0x0000000782b00000, 0x0000000782b00000, 0x0000000782c00000|  0%| F|  |TAMS 0x0000000782b00000, 0x0000000782b00000| Untracked 
|  44|0x0000000782c00000, 0x0000000782c00000, 0x0000000782d00000|  0%| F|  |TAMS 0x0000000782c00000, 0x0000000782c00000| Untracked 
|  45|0x0000000782d00000, 0x0000000782d00000, 0x0000000782e00000|  0%| F|  |TAMS 0x0000000782d00000, 0x0000000782d00000| Untracked 
|  46|0x0000000782e00000, 0x0000000782e00000, 0x0000000782f00000|  0%| F|  |TAMS 0x0000000782e00000, 0x0000000782e00000| Untracked 
|  47|0x0000000782f00000, 0x0000000782f00000, 0x0000000783000000|  0%| F|  |TAMS 0x0000000782f00000, 0x0000000782f00000| Untracked 
|  48|0x0000000783000000, 0x0000000783000000, 0x0000000783100000|  0%| F|  |TAMS 0x0000000783000000, 0x0000000783000000| Untracked 
|  49|0x0000000783100000, 0x0000000783100000, 0x0000000783200000|  0%| F|  |TAMS 0x0000000783100000, 0x0000000783100000| Untracked 
|  50|0x0000000783200000, 0x0000000783200000, 0x0000000783300000|  0%| F|  |TAMS 0x0000000783200000, 0x0000000783200000| Untracked 
|  51|0x0000000783300000, 0x0000000783300000, 0x0000000783400000|  0%| F|  |TAMS 0x0000000783300000, 0x0000000783300000| Untracked 
|  52|0x0000000783400000, 0x0000000783400000, 0x0000000783500000|  0%| F|  |TAMS 0x0000000783400000, 0x0000000783400000| Untracked 
|  53|0x0000000783500000, 0x0000000783500000, 0x0000000783600000|  0%| F|  |TAMS 0x0000000783500000, 0x0000000783500000| Untracked 
|  54|0x0000000783600000, 0x0000000783600000, 0x0000000783700000|  0%| F|  |TAMS 0x0000000783600000, 0x0000000783600000| Untracked 
|  55|0x0000000783700000, 0x0000000783700000, 0x0000000783800000|  0%| F|  |TAMS 0x0000000783700000, 0x0000000783700000| Untracked 
|  56|0x0000000783800000, 0x0000000783800000, 0x0000000783900000|  0%| F|  |TAMS 0x0000000783800000, 0x0000000783800000| Untracked 
|  57|0x0000000783900000, 0x0000000783900000, 0x0000000783a00000|  0%| F|  |TAMS 0x0000000783900000, 0x0000000783900000| Untracked 
|  58|0x0000000783a00000, 0x0000000783a00000, 0x0000000783b00000|  0%| F|  |TAMS 0x0000000783a00000, 0x0000000783a00000| Untracked 
|  59|0x0000000783b00000, 0x0000000783b00000, 0x0000000783c00000|  0%| F|  |TAMS 0x0000000783b00000, 0x0000000783b00000| Untracked 
|  60|0x0000000783c00000, 0x0000000783c00000, 0x0000000783d00000|  0%| F|  |TAMS 0x0000000783c00000, 0x0000000783c00000| Untracked 
|  61|0x0000000783d00000, 0x0000000783d00000, 0x0000000783e00000|  0%| F|  |TAMS 0x0000000783d00000, 0x0000000783d00000| Untracked 
|  62|0x0000000783e00000, 0x0000000783e00000, 0x0000000783f00000|  0%| F|  |TAMS 0x0000000783e00000, 0x0000000783e00000| Untracked 
|  63|0x0000000783f00000, 0x0000000783f00000, 0x0000000784000000|  0%| F|  |TAMS 0x0000000783f00000, 0x0000000783f00000| Untracked 
|  64|0x0000000784000000, 0x0000000784000000, 0x0000000784100000|  0%| F|  |TAMS 0x0000000784000000, 0x0000000784000000| Untracked 
|  65|0x0000000784100000, 0x0000000784100000, 0x0000000784200000|  0%| F|  |TAMS 0x0000000784100000, 0x0000000784100000| Untracked 
|  66|0x0000000784200000, 0x0000000784200000, 0x0000000784300000|  0%| F|  |TAMS 0x0000000784200000, 0x0000000784200000| Untracked 
|  67|0x0000000784300000, 0x0000000784300000, 0x0000000784400000|  0%| F|  |TAMS 0x0000000784300000, 0x0000000784300000| Untracked 
|  68|0x0000000784400000, 0x0000000784400000, 0x0000000784500000|  0%| F|  |TAMS 0x0000000784400000, 0x0000000784400000| Untracked 
|  69|0x0000000784500000, 0x0000000784500000, 0x0000000784600000|  0%| F|  |TAMS 0x0000000784500000, 0x0000000784500000| Untracked 
|  70|0x0000000784600000, 0x0000000784600000, 0x0000000784700000|  0%| F|  |TAMS 0x0000000784600000, 0x0000000784600000| Untracked 
|  71|0x0000000784700000, 0x0000000784700000, 0x0000000784800000|  0%| F|  |TAMS 0x0000000784700000, 0x0000000784700000| Untracked 
|  72|0x0000000784800000, 0x0000000784800000, 0x0000000784900000|  0%| F|  |TAMS 0x0000000784800000, 0x0000000784800000| Untracked 
|  73|0x0000000784900000, 0x0000000784900000, 0x0000000784a00000|  0%| F|  |TAMS 0x0000000784900000, 0x0000000784900000| Untracked 
|  74|0x0000000784a00000, 0x0000000784a00000, 0x0000000784b00000|  0%| F|  |TAMS 0x0000000784a00000, 0x0000000784a00000| Untracked 
|  75|0x0000000784b00000, 0x0000000784b00000, 0x0000000784c00000|  0%| F|  |TAMS 0x0000000784b00000, 0x0000000784b00000| Untracked 
|  76|0x0000000784c00000, 0x0000000784c00000, 0x0000000784d00000|  0%| F|  |TAMS 0x0000000784c00000, 0x0000000784c00000| Untracked 
|  77|0x0000000784d00000, 0x0000000784d00000, 0x0000000784e00000|  0%| F|  |TAMS 0x0000000784d00000, 0x0000000784d00000| Untracked 
|  78|0x0000000784e00000, 0x0000000784e00000, 0x0000000784f00000|  0%| F|  |TAMS 0x0000000784e00000, 0x0000000784e00000| Untracked 
|  79|0x0000000784f00000, 0x0000000784f00000, 0x0000000785000000|  0%| F|  |TAMS 0x0000000784f00000, 0x0000000784f00000| Untracked 
|  80|0x0000000785000000, 0x0000000785000000, 0x0000000785100000|  0%| F|  |TAMS 0x0000000785000000, 0x0000000785000000| Untracked 
|  81|0x0000000785100000, 0x0000000785100000, 0x0000000785200000|  0%| F|  |TAMS 0x0000000785100000, 0x0000000785100000| Untracked 
|  82|0x0000000785200000, 0x0000000785200000, 0x0000000785300000|  0%| F|  |TAMS 0x0000000785200000, 0x0000000785200000| Untracked 
|  83|0x0000000785300000, 0x0000000785300000, 0x0000000785400000|  0%| F|  |TAMS 0x0000000785300000, 0x0000000785300000| Untracked 
|  84|0x0000000785400000, 0x0000000785400000, 0x0000000785500000|  0%| F|  |TAMS 0x0000000785400000, 0x0000000785400000| Untracked 
|  85|0x0000000785500000, 0x0000000785500000, 0x0000000785600000|  0%| F|  |TAMS 0x0000000785500000, 0x0000000785500000| Untracked 
|  86|0x0000000785600000, 0x0000000785600000, 0x0000000785700000|  0%| F|  |TAMS 0x0000000785600000, 0x0000000785600000| Untracked 
|  87|0x0000000785700000, 0x0000000785700000, 0x0000000785800000|  0%| F|  |TAMS 0x0000000785700000, 0x0000000785700000| Untracked 
|  88|0x0000000785800000, 0x0000000785800000, 0x0000000785900000|  0%| F|  |TAMS 0x0000000785800000, 0x0000000785800000| Untracked 
|  89|0x0000000785900000, 0x0000000785900000, 0x0000000785a00000|  0%| F|  |TAMS 0x0000000785900000, 0x0000000785900000| Untracked 
|  90|0x0000000785a00000, 0x0000000785a00000, 0x0000000785b00000|  0%| F|  |TAMS 0x0000000785a00000, 0x0000000785a00000| Untracked 
|  91|0x0000000785b00000, 0x0000000785be2c28, 0x0000000785c00000| 88%| E|  |TAMS 0x0000000785b00000, 0x0000000785b00000| Complete 
|  92|0x0000000785c00000, 0x0000000785d00000, 0x0000000785d00000|100%| E|CS|TAMS 0x0000000785c00000, 0x0000000785c00000| Complete 
|  93|0x0000000785d00000, 0x0000000785e00000, 0x0000000785e00000|100%| E|CS|TAMS 0x0000000785d00000, 0x0000000785d00000| Complete 
|  94|0x0000000785e00000, 0x0000000785f00000, 0x0000000785f00000|100%| E|CS|TAMS 0x0000000785e00000, 0x0000000785e00000| Complete 
|  95|0x0000000785f00000, 0x0000000786000000, 0x0000000786000000|100%| E|CS|TAMS 0x0000000785f00000, 0x0000000785f00000| Complete 
|  96|0x0000000786000000, 0x0000000786100000, 0x0000000786100000|100%| E|CS|TAMS 0x0000000786000000, 0x0000000786000000| Complete 
|  97|0x0000000786100000, 0x0000000786200000, 0x0000000786200000|100%| E|CS|TAMS 0x0000000786100000, 0x0000000786100000| Complete 
| 130|0x0000000788200000, 0x0000000788246ac0, 0x0000000788300000| 27%| S|CS|TAMS 0x0000000788200000, 0x0000000788200000| Complete 
| 131|0x0000000788300000, 0x0000000788400000, 0x0000000788400000|100%| S|CS|TAMS 0x0000000788300000, 0x0000000788300000| Complete 
| 147|0x0000000789300000, 0x0000000789400000, 0x0000000789400000|100%| E|CS|TAMS 0x0000000789300000, 0x0000000789300000| Complete 
| 148|0x0000000789400000, 0x0000000789500000, 0x0000000789500000|100%| E|CS|TAMS 0x0000000789400000, 0x0000000789400000| Complete 
| 149|0x0000000789500000, 0x0000000789600000, 0x0000000789600000|100%| E|CS|TAMS 0x0000000789500000, 0x0000000789500000| Complete 
| 150|0x0000000789600000, 0x0000000789700000, 0x0000000789700000|100%| E|CS|TAMS 0x0000000789600000, 0x0000000789600000| Complete 
| 151|0x0000000789700000, 0x0000000789800000, 0x0000000789800000|100%| E|CS|TAMS 0x0000000789700000, 0x0000000789700000| Complete 
|2046|0x00000007ffe00000, 0x00000007ffe78000, 0x00000007fff00000| 46%|OA|  |TAMS 0x00000007ffe78000, 0x00000007ffe00000| Untracked 
|2047|0x00000007fff00000, 0x00000007fff80000, 0x0000000800000000| 50%|CA|  |TAMS 0x00000007fff80000, 0x00000007fff00000| Untracked 

Card table byte_map: [0x000000010564c000,0x0000000105a4c000] _byte_map_base: 0x0000000101a4c000

Marking Bits (Prev, Next): (CMBitMap*) 0x0000000131831650, (CMBitMap*) 0x0000000131831610
 Prev Bits: [0x0000000120700000, 0x0000000122700000)
 Next Bits: [0x000000011d8b0000, 0x000000011f8b0000)

Polling page: 0x0000000104dc0000

Metaspace:

Usage:
  Non-class:     52.64 MB used.
      Class:      6.38 MB used.
       Both:     59.02 MB used.

Virtual space:
  Non-class space:       64.00 MB reserved,      52.75 MB ( 82%) committed,  1 nodes.
      Class space:        1.00 GB reserved,       6.50 MB ( <1%) committed,  1 nodes.
             Both:        1.06 GB reserved,      59.25 MB (  5%) committed. 

Chunk freelists:
   Non-Class:  10.38 MB
       Class:  9.40 MB
        Both:  19.78 MB

MaxMetaspaceSize: unlimited
CompressedClassSpaceSize: 1.00 GB
Initial GC threshold: 21.00 MB
Current GC threshold: 98.75 MB
CDS: on
MetaspaceReclaimPolicy: balanced
 - commit_granule_bytes: 65536.
 - commit_granule_words: 8192.
 - virtual_space_node_default_size: 8388608.
 - enlarge_chunks_in_place: 1.
 - new_chunks_are_fully_committed: 0.
 - uncommit_free_chunks: 1.
 - use_allocation_guard: 0.
 - handle_deallocations: 1.


Internal statistics:

num_allocs_failed_limit: 9.
num_arena_births: 246.
num_arena_deaths: 0.
num_vsnodes_births: 2.
num_vsnodes_deaths: 0.
num_space_committed: 948.
num_space_uncommitted: 0.
num_chunks_returned_to_freelist: 9.
num_chunks_taken_from_freelist: 1834.
num_chunk_merges: 9.
num_chunk_splits: 1569.
num_chunks_enlarged: 1420.
num_inconsistent_stats: 0.

CodeHeap 'non-profiled nmethods': size=120032Kb used=2794Kb max_used=3028Kb free=117237Kb
 bounds [0x0000000116378000, 0x0000000116678000, 0x000000011d8b0000]
CodeHeap 'profiled nmethods': size=120016Kb used=12012Kb max_used=14001Kb free=108003Kb
 bounds [0x000000010e8b0000, 0x000000010f660000, 0x0000000115de4000]
CodeHeap 'non-nmethods': size=5712Kb used=2014Kb max_used=2095Kb free=3697Kb
 bounds [0x0000000115de4000, 0x0000000116054000, 0x0000000116378000]
 total_blobs=7268 nmethods=5694 adapters=1489
 compilation: enabled
              stopped_count=0, restarted_count=0
 full_count=0

Compilation events (20 events):
Event: 65.949 Thread 0x000000013100fc00 6786       3       androidx.collection.MutableScatterSet$MutableSetWrapper::remove (9 bytes)
Event: 65.949 Thread 0x000000013100fc00 nmethod 6786 0x000000010edee610 code [0x000000010edee7c0, 0x000000010edee948]
Event: 65.949 Thread 0x000000013100fc00 6787       3       kotlin.collections.AbstractCollection::<init> (5 bytes)
Event: 65.949 Thread 0x000000013100fc00 nmethod 6787 0x000000010f1a5110 code [0x000000010f1a52c0, 0x000000010f1a5418]
Event: 65.949 Thread 0x000000013100fc00 6788       1       androidx.compose.ui.node.DepthSortedSetsForDifferentPasses::access$getLookaheadSet$p (5 bytes)
Event: 65.949 Thread 0x000000013100fc00 nmethod 6788 0x000000011646c810 code [0x000000011646c980, 0x000000011646ca18]
Event: 65.949 Thread 0x000000013100fc00 6789       1       androidx.compose.ui.node.DepthSortedSetsForDifferentPasses::access$getSet$p (5 bytes)
Event: 65.949 Thread 0x000000013100fc00 nmethod 6789 0x0000000116528110 code [0x0000000116528280, 0x0000000116528318]
Event: 65.949 Thread 0x000000013100fc00 6790       1       androidx.compose.ui.node.MeasureAndLayoutDelegate::access$getRoot$p (5 bytes)
Event: 65.949 Thread 0x000000013100fc00 nmethod 6790 0x0000000116527e10 code [0x0000000116527f80, 0x0000000116528018]
Event: 65.949 Thread 0x000000013100fc00 6791       3       kotlinx.coroutines.CompletedExceptionally::makeHandled (10 bytes)
Event: 65.949 Thread 0x000000013100fc00 nmethod 6791 0x000000010f1d9910 code [0x000000010f1d9ac0, 0x000000010f1d9c88]
Event: 65.949 Thread 0x000000013100fc00 6792       3       kotlinx.coroutines.flow.SharedFlowImpl::getBufferEndIndex (11 bytes)
Event: 65.949 Thread 0x000000013100fc00 nmethod 6792 0x000000010ecacd90 code [0x000000010ecacf40, 0x000000010ecad158]
Event: 65.950 Thread 0x000000013100fc00 6793       3       kotlinx.coroutines.NodeList::<init> (5 bytes)
Event: 65.950 Thread 0x000000013100fc00 nmethod 6793 0x000000010ed18610 code [0x000000010ed187c0, 0x000000010ed18a98]
Event: 65.950 Thread 0x000000013100fc00 6795       3       androidx.compose.animation.core.AnimationVector1D::newVector$animation_core (8 bytes)
Event: 65.950 Thread 0x000000013100fc00 nmethod 6795 0x000000010ee4f010 code [0x000000010ee4f200, 0x000000010ee4f558]
Event: 65.950 Thread 0x000000013100fc00 6794       3       kotlinx.coroutines.internal.LockFreeLinkedListHead::<init> (5 bytes)
Event: 65.950 Thread 0x000000013100fc00 nmethod 6794 0x000000010f03ae10 code [0x000000010f03afc0, 0x000000010f03b258]

GC Heap History (20 events):
Event: 62.263 GC heap before
{Heap before GC invocations=16 (full 0):
 garbage-first heap   total 90112K, used 77040K [0x0000000780000000, 0x0000000800000000)
  region size 1024K, 39 young (39936K), 1 survivors (1024K)
 Metaspace       used 59368K, committed 59584K, reserved 1114112K
  class space    used 6430K, committed 6528K, reserved 1048576K
}
Event: 62.265 GC heap after
{Heap after GC invocations=17 (full 0):
 garbage-first heap   total 90112K, used 22865K [0x0000000780000000, 0x0000000800000000)
  region size 1024K, 1 young (1024K), 1 survivors (1024K)
 Metaspace       used 59368K, committed 59584K, reserved 1114112K
  class space    used 6430K, committed 6528K, reserved 1048576K
}
Event: 62.612 GC heap before
{Heap before GC invocations=17 (full 0):
 garbage-first heap   total 90112K, used 70993K [0x0000000780000000, 0x0000000800000000)
  region size 1024K, 33 young (33792K), 1 survivors (1024K)
 Metaspace       used 59805K, committed 60096K, reserved 1114112K
  class space    used 6477K, committed 6592K, reserved 1048576K
}
Event: 62.614 GC heap after
{Heap after GC invocations=18 (full 0):
 garbage-first heap   total 90112K, used 22962K [0x0000000780000000, 0x0000000800000000)
  region size 1024K, 1 young (1024K), 1 survivors (1024K)
 Metaspace       used 59805K, committed 60096K, reserved 1114112K
  class space    used 6477K, committed 6592K, reserved 1048576K
}
Event: 62.914 GC heap before
{Heap before GC invocations=18 (full 0):
 garbage-first heap   total 90112K, used 69042K [0x0000000780000000, 0x0000000800000000)
  region size 1024K, 31 young (31744K), 1 survivors (1024K)
 Metaspace       used 60022K, committed 60288K, reserved 1114112K
  class space    used 6500K, committed 6592K, reserved 1048576K
}
Event: 62.916 GC heap after
{Heap after GC invocations=19 (full 0):
 garbage-first heap   total 90112K, used 23082K [0x0000000780000000, 0x0000000800000000)
  region size 1024K, 1 young (1024K), 1 survivors (1024K)
 Metaspace       used 60022K, committed 60288K, reserved 1114112K
  class space    used 6500K, committed 6592K, reserved 1048576K
}
Event: 63.264 GC heap before
{Heap before GC invocations=19 (full 0):
 garbage-first heap   total 90112K, used 68138K [0x0000000780000000, 0x0000000800000000)
  region size 1024K, 30 young (30720K), 1 survivors (1024K)
 Metaspace       used 60028K, committed 60288K, reserved 1114112K
  class space    used 6500K, committed 6592K, reserved 1048576K
}
Event: 63.266 GC heap after
{Heap after GC invocations=20 (full 0):
 garbage-first heap   total 90112K, used 23092K [0x0000000780000000, 0x0000000800000000)
  region size 1024K, 1 young (1024K), 1 survivors (1024K)
 Metaspace       used 60028K, committed 60288K, reserved 1114112K
  class space    used 6500K, committed 6592K, reserved 1048576K
}
Event: 63.564 GC heap before
{Heap before GC invocations=20 (full 0):
 garbage-first heap   total 90112K, used 68148K [0x0000000780000000, 0x0000000800000000)
  region size 1024K, 30 young (30720K), 1 survivors (1024K)
 Metaspace       used 60030K, committed 60288K, reserved 1114112K
  class space    used 6500K, committed 6592K, reserved 1048576K
}
Event: 63.576 GC heap after
{Heap after GC invocations=21 (full 0):
 garbage-first heap   total 90112K, used 23042K [0x0000000780000000, 0x0000000800000000)
  region size 1024K, 1 young (1024K), 1 survivors (1024K)
 Metaspace       used 60030K, committed 60288K, reserved 1114112K
  class space    used 6500K, committed 6592K, reserved 1048576K
}
Event: 63.930 GC heap before
{Heap before GC invocations=21 (full 0):
 garbage-first heap   total 90112K, used 69122K [0x0000000780000000, 0x0000000800000000)
  region size 1024K, 31 young (31744K), 1 survivors (1024K)
 Metaspace       used 60033K, committed 60288K, reserved 1114112K
  class space    used 6500K, committed 6592K, reserved 1048576K
}
Event: 63.954 GC heap after
{Heap after GC invocations=22 (full 0):
 garbage-first heap   total 90112K, used 23070K [0x0000000780000000, 0x0000000800000000)
  region size 1024K, 1 young (1024K), 1 survivors (1024K)
 Metaspace       used 60033K, committed 60288K, reserved 1114112K
  class space    used 6500K, committed 6592K, reserved 1048576K
}
Event: 64.268 GC heap before
{Heap before GC invocations=22 (full 0):
 garbage-first heap   total 90112K, used 68126K [0x0000000780000000, 0x0000000800000000)
  region size 1024K, 30 young (30720K), 1 survivors (1024K)
 Metaspace       used 60034K, committed 60288K, reserved 1114112K
  class space    used 6500K, committed 6592K, reserved 1048576K
}
Event: 64.281 GC heap after
{Heap after GC invocations=23 (full 0):
 garbage-first heap   total 90112K, used 23098K [0x0000000780000000, 0x0000000800000000)
  region size 1024K, 1 young (1024K), 1 survivors (1024K)
 Metaspace       used 60034K, committed 60288K, reserved 1114112K
  class space    used 6500K, committed 6592K, reserved 1048576K
}
Event: 64.603 GC heap before
{Heap before GC invocations=23 (full 0):
 garbage-first heap   total 90112K, used 68154K [0x0000000780000000, 0x0000000800000000)
  region size 1024K, 30 young (30720K), 1 survivors (1024K)
 Metaspace       used 60043K, committed 60288K, reserved 1114112K
  class space    used 6500K, committed 6592K, reserved 1048576K
}
Event: 64.605 GC heap after
{Heap after GC invocations=24 (full 0):
 garbage-first heap   total 157696K, used 23060K [0x0000000780000000, 0x0000000800000000)
  region size 1024K, 1 young (1024K), 1 survivors (1024K)
 Metaspace       used 60043K, committed 60288K, reserved 1114112K
  class space    used 6500K, committed 6592K, reserved 1048576K
}
Event: 65.511 GC heap before
{Heap before GC invocations=24 (full 0):
 garbage-first heap   total 157696K, used 153108K [0x0000000780000000, 0x0000000800000000)
  region size 1024K, 82 young (83968K), 1 survivors (1024K)
 Metaspace       used 60148K, committed 60416K, reserved 1114112K
  class space    used 6500K, committed 6592K, reserved 1048576K
}
Event: 65.512 GC heap after
{Heap after GC invocations=25 (full 0):
 garbage-first heap   total 157696K, used 25363K [0x0000000780000000, 0x0000000800000000)
  region size 1024K, 2 young (2048K), 2 survivors (2048K)
 Metaspace       used 60148K, committed 60416K, reserved 1114112K
  class space    used 6500K, committed 6592K, reserved 1048576K
}
Event: 65.695 GC heap before
{Heap before GC invocations=25 (full 0):
 garbage-first heap   total 157696K, used 53011K [0x0000000780000000, 0x0000000800000000)
  region size 1024K, 22 young (22528K), 2 survivors (2048K)
 Metaspace       used 60353K, committed 60608K, reserved 1114112K
  class space    used 6517K, committed 6656K, reserved 1048576K
}
Event: 65.696 GC heap after
{Heap after GC invocations=26 (full 0):
 garbage-first heap   total 157696K, used 25443K [0x0000000780000000, 0x0000000800000000)
  region size 1024K, 2 young (2048K), 2 survivors (2048K)
 Metaspace       used 60353K, committed 60608K, reserved 1114112K
  class space    used 6517K, committed 6656K, reserved 1048576K
}

Deoptimization events (20 events):
Event: 65.277 Thread 0x0000000127254a00 Uncommon trap: trap_request=0xffffff6e fr.pc=0x0000000116491048 relative=0x0000000000002888
Event: 65.277 Thread 0x0000000127254a00 Uncommon trap: reason=loop_limit_check action=maybe_recompile pc=0x0000000116491048 method=java.awt.EventDispatchThread.filterAndCheckEvent(Ljava/awt/AWTEvent;)Z @ 22 c2
Event: 65.277 Thread 0x0000000127254a00 DEOPT PACKING pc=0x0000000116491048 sp=0x000000016febe790
Event: 65.277 Thread 0x0000000127254a00 DEOPT UNPACKING pc=0x0000000115e22d1c sp=0x000000016febe6d0 mode 2
Event: 65.512 Thread 0x000000016601f400 Uncommon trap: trap_request=0xffffff45 fr.pc=0x00000001165cb91c relative=0x00000000000001dc
Event: 65.512 Thread 0x000000016601f400 Uncommon trap: reason=unstable_if action=reinterpret pc=0x00000001165cb91c method=java.util.ArrayDeque.addLast(Ljava/lang/Object;)V @ 42 c2
Event: 65.512 Thread 0x000000016601f400 DEOPT PACKING pc=0x00000001165cb91c sp=0x0000000304969580
Event: 65.512 Thread 0x000000016601f400 DEOPT UNPACKING pc=0x0000000115e22d1c sp=0x00000003049694a0 mode 2
Event: 65.533 Thread 0x0000000127254a00 Uncommon trap: trap_request=0xffffff45 fr.pc=0x00000001164e7000 relative=0x00000000000025c0
Event: 65.533 Thread 0x0000000127254a00 Uncommon trap: reason=unstable_if action=reinterpret pc=0x00000001164e7000 method=androidx.compose.ui.node.LayoutNode.updateChildrenIfDirty$ui()V @ 4 c2
Event: 65.533 Thread 0x0000000127254a00 DEOPT PACKING pc=0x00000001164e7000 sp=0x000000016febc450
Event: 65.533 Thread 0x0000000127254a00 DEOPT UNPACKING pc=0x0000000115e22d1c sp=0x000000016febc1a0 mode 2
Event: 65.716 Thread 0x0000000127254a00 Uncommon trap: trap_request=0xffffff45 fr.pc=0x00000001164f58b0 relative=0x0000000000000af0
Event: 65.716 Thread 0x0000000127254a00 Uncommon trap: reason=unstable_if action=reinterpret pc=0x00000001164f58b0 method=androidx.compose.runtime.ComposerImpl.groupCompoundKeyPart(Landroidx/compose/runtime/SlotReader;I)I @ 87 c2
Event: 65.716 Thread 0x0000000127254a00 DEOPT PACKING pc=0x00000001164f58b0 sp=0x000000016febd0c0
Event: 65.716 Thread 0x0000000127254a00 DEOPT UNPACKING pc=0x0000000115e22d1c sp=0x000000016febcf80 mode 2
Event: 65.949 Thread 0x0000000127254a00 Uncommon trap: trap_request=0xffffffde fr.pc=0x00000001165fe188 relative=0x0000000000000848
Event: 65.949 Thread 0x0000000127254a00 Uncommon trap: reason=class_check action=maybe_recompile pc=0x00000001165fe188 method=kotlinx.coroutines.DispatchedTask.run()V @ 178 c2
Event: 65.949 Thread 0x0000000127254a00 DEOPT PACKING pc=0x00000001165fe188 sp=0x000000016febe490
Event: 65.949 Thread 0x0000000127254a00 DEOPT UNPACKING pc=0x0000000115e22d1c sp=0x000000016febe3c0 mode 2

Classes unloaded (0 events):
No events

Classes redefined (0 events):
No events

Internal exceptions (20 events):
Event: 4.330 Thread 0x0000000127254a00 Exception <a 'java/lang/NoSuchMethodError'{0x00000007830bbb50}: 'java.lang.Object java.lang.invoke.DirectMethodHandle$Holder.newInvokeSpecial(java.lang.Object, long)'> (0x00000007830bbb50) 
thrown [open/src/hotspot/share/interpreter/linkResolver.cpp, line 759]
Event: 26.347 Thread 0x0000000127254a00 Exception <a 'java/lang/NoClassDefFoundError'{0x0000000787f85d60}> (0x0000000787f85d60) 
thrown [open/src/hotspot/share/oops/instanceKlass.cpp, line 1216]
Event: 26.347 Thread 0x0000000127254a00 Exception <a 'java/lang/NoClassDefFoundError'{0x0000000787f98030}: org/apache/logging/log4j/spi/ExtendedLoggerWrapper> (0x0000000787f98030) 
thrown [open/src/hotspot/share/classfile/systemDictionary.cpp, line 245]
Event: 26.349 Thread 0x0000000127254a00 Exception <a 'java/lang/NoClassDefFoundError'{0x0000000787fa6f20}: org/apache/log4j/Priority> (0x0000000787fa6f20) 
thrown [open/src/hotspot/share/classfile/systemDictionary.cpp, line 245]
Event: 26.366 Thread 0x0000000127254a00 Exception <a 'java/lang/UnsatisfiedLinkError'{0x0000000786041a20}: 'int io.grpc.netty.shaded.io.netty.channel.epoll.Native.offsetofEpollData()'> (0x0000000786041a20) 
thrown [open/src/hotspot/share/prims/nativeLookup.cpp, line 543]
Event: 26.368 Thread 0x0000000127254a00 Exception <a 'java/lang/ExceptionInInitializerError'{0x0000000786044ef0}> (0x0000000786044ef0) 
thrown [open/src/hotspot/share/oops/instanceKlass.cpp, line 1221]
Event: 26.390 Thread 0x0000000127254a00 Exception <a 'java/lang/reflect/InvocationTargetException'{0x00000007831480c0}> (0x00000007831480c0) 
thrown [open/src/hotspot/share/runtime/reflection.cpp, line 1121]
Event: 26.406 Thread 0x0000000127254a00 Exception <a 'java/lang/NoSuchMethodError'{0x00000007831685f8}: 'java.lang.Object java.lang.invoke.DirectMethodHandle$Holder.invokeStaticInit(java.lang.Object, java.lang.Object, long, java.lang.Object)'> (0x00000007831685f8) 
thrown [open/src/hotspot/share/interpreter/linkResolver.cpp, line 759]
Event: 26.406 Thread 0x0000000127254a00 Exception <a 'java/lang/NoSuchMethodError'{0x000000078316ee38}: 'java.lang.Object java.lang.invoke.DirectMethodHandle$Holder.newInvokeSpecial(java.lang.Object, java.lang.Object, long)'> (0x000000078316ee38) 
thrown [open/src/hotspot/share/interpreter/linkResolver.cpp, line 759]
Event: 26.407 Thread 0x0000000127254a00 Exception <a 'java/lang/NoSuchMethodError'{0x0000000783172ef8}: 'java.lang.Object java.lang.invoke.Invokers$Holder.linkToTargetMethod(java.lang.Object, long, java.lang.Object)'> (0x0000000783172ef8) 
thrown [open/src/hotspot/share/interpreter/linkResolver.cpp, line 759]
Event: 26.407 Thread 0x0000000127254a00 Exception <a 'java/lang/NoSuchMethodError'{0x000000078317cf48}: 'java.lang.Object java.lang.invoke.DirectMethodHandle$Holder.newInvokeSpecial(java.lang.Object, java.lang.Object, java.lang.Object, int)'> (0x000000078317cf48) 
thrown [open/src/hotspot/share/interpreter/linkResolver.cpp, line 759]
Event: 26.407 Thread 0x0000000127254a00 Exception <a 'java/lang/NoSuchMethodError'{0x0000000783181878}: 'java.lang.Object java.lang.invoke.DirectMethodHandle$Holder.invokeSpecial(java.lang.Object, java.lang.Object, java.lang.Object, java.lang.Object, int)'> (0x0000000783181878) 
thrown [open/src/hotspot/share/interpreter/linkResolver.cpp, line 759]
Event: 26.407 Thread 0x0000000127254a00 Exception <a 'java/lang/NoSuchMethodError'{0x0000000783185990}: 'java.lang.Object java.lang.invoke.Invokers$Holder.linkToTargetMethod(java.lang.Object, java.lang.Object, int, java.lang.Object)'> (0x0000000783185990) 
thrown [open/src/hotspot/share/interpreter/linkResolver.cpp, line 759]
Event: 27.035 Thread 0x0000000127254a00 Exception <a 'java/lang/ClassNotFoundException'{0x000000078260b938}: com/sun/security/cert/internal/x509/X509V1CertImpl> (0x000000078260b938) 
thrown [open/src/hotspot/share/classfile/systemDictionary.cpp, line 256]
Event: 27.146 Thread 0x0000000154923a00 Exception <a 'sun/nio/fs/UnixException'{0x0000000782d9c970}> (0x0000000782d9c970) 
thrown [open/src/hotspot/share/prims/jni.cpp, line 516]
Event: 27.500 Thread 0x0000000154923a00 Implicit null exception at 0x0000000116572078 to 0x0000000116572120
Event: 27.567 Thread 0x0000000154923a00 Exception <a 'java/lang/NullPointerException'{0x0000000782ef5c58}> (0x0000000782ef5c58) 
thrown [open/src/hotspot/share/interpreter/linkResolver.cpp, line 1433]
Event: 27.576 Thread 0x0000000154923a00 Exception <a 'java/lang/NoSuchMethodError'{0x0000000782c75640}: 'java.lang.Object java.lang.invoke.DirectMethodHandle$Holder.newInvokeSpecial(java.lang.Object, java.lang.Object, int, int)'> (0x0000000782c75640) 
thrown [open/src/hotspot/share/interpreter/linkResolver.cpp, line 759]
Event: 27.710 Thread 0x0000000127254a00 Exception <a 'java/lang/NoSuchMethodError'{0x00000007821b2a18}: 'void java.lang.invoke.DirectMethodHandle$Holder.invokeStatic(java.lang.Object, java.lang.Object, java.lang.Object, java.lang.Object)'> (0x00000007821b2a18) 
thrown [open/src/hotspot/share/interpreter/linkResolver.cpp, line 759]
Event: 65.949 Thread 0x0000000166242000 Exception <a 'java/lang/InterruptedException'{0x0000000785b151e0}: sleep interrupted> (0x0000000785b151e0) 
thrown [open/src/hotspot/share/prims/jvm.cpp, line 3064]

VM Operations (20 events):
Event: 64.603 Executing VM operation: G1TryInitiateConcMark
Event: 64.605 Executing VM operation: G1TryInitiateConcMark done
Event: 64.712 Executing VM operation: HandshakeAllThreads
Event: 64.713 Executing VM operation: HandshakeAllThreads done
Event: 64.788 Executing VM operation: HandshakeAllThreads
Event: 64.788 Executing VM operation: HandshakeAllThreads done
Event: 64.910 Executing VM operation: HandshakeAllThreads
Event: 64.910 Executing VM operation: HandshakeAllThreads done
Event: 65.505 Executing VM operation: ICBufferFull
Event: 65.505 Executing VM operation: ICBufferFull done
Event: 65.510 Executing VM operation: G1CollectForAllocation
Event: 65.512 Executing VM operation: G1CollectForAllocation done
Event: 65.694 Executing VM operation: CollectForMetadataAllocation
Event: 65.696 Executing VM operation: CollectForMetadataAllocation done
Event: 65.705 Executing VM operation: G1Concurrent
Event: 65.708 Executing VM operation: G1Concurrent done
Event: 65.712 Executing VM operation: G1Concurrent
Event: 65.712 Executing VM operation: G1Concurrent done
Event: 66.715 Executing VM operation: Cleanup
Event: 66.715 Executing VM operation: Cleanup done

Events (20 events):
Event: 64.915 Thread 0x0000000131010a00 flushing nmethod 0x000000010f5d9610
Event: 64.915 Thread 0x0000000131010a00 flushing nmethod 0x000000010f5dc690
Event: 65.506 Thread 0x0000000166185400 Thread added: 0x0000000166185400
Event: 65.506 Protecting memory [0x0000000304f98000,0x0000000304fa4000] with protection modes 0
Event: 65.507 Thread 0x00000001660aac00 Thread added: 0x00000001660aac00
Event: 65.507 Protecting memory [0x00000003051a4000,0x00000003051b0000] with protection modes 0
Event: 65.507 Thread 0x000000016600a800 Thread added: 0x000000016600a800
Event: 65.507 Protecting memory [0x00000003053b0000,0x00000003053bc000] with protection modes 0
Event: 65.683 Thread 0x000000012726a400 Thread added: 0x000000012726a400
Event: 65.684 Protecting memory [0x000000031c884000,0x000000031c890000] with protection modes 0
Event: 65.684 Thread 0x0000000154dc3e00 Thread added: 0x0000000154dc3e00
Event: 65.684 Protecting memory [0x000000031eccc000,0x000000031ecd8000] with protection modes 0
Event: 65.697 loading class java/util/AbstractList$RandomAccessSubList
Event: 65.698 loading class java/util/AbstractList$SubList
Event: 65.699 loading class java/util/AbstractList$SubList done
Event: 65.699 loading class java/util/AbstractList$RandomAccessSubList done
Event: 65.702 Thread 0x0000000130e9a600 Thread added: 0x0000000130e9a600
Event: 65.702 Protecting memory [0x000000031eed8000,0x000000031eee4000] with protection modes 0
Event: 65.949 Protecting memory [0x0000000304d8c000,0x0000000304d98000] with protection modes 3
Event: 65.949 Thread 0x0000000166242000 Thread exited: 0x0000000166242000


Dynamic libraries:
0x0000000104d68000 	/Library/Java/JavaVirtualMachines/jdk-17.jdk/Contents/Home/lib/libjli.dylib
0x00000001a737d000 	/System/Library/Frameworks/Cocoa.framework/Versions/A/Cocoa
0x000000018b6e3000 	/System/Library/Frameworks/AppKit.framework/Versions/C/AppKit
0x000000018ed23000 	/System/Library/Frameworks/CoreData.framework/Versions/A/CoreData
0x0000000188ada000 	/System/Library/Frameworks/Foundation.framework/Versions/C/Foundation
0x0000000197156000 	/usr/lib/libSystem.B.dylib
0x000000018ce07000 	/System/Library/PrivateFrameworks/UIFoundation.framework/Versions/A/UIFoundation
0x0000000240748000 	/System/Library/PrivateFrameworks/CollectionViewCore.framework/Versions/A/CollectionViewCore
0x000000019441b000 	/System/Library/PrivateFrameworks/XCTTargetBootstrap.framework/Versions/A/XCTTargetBootstrap
0x0000000252ff4000 	/System/Library/PrivateFrameworks/GenerativeModels.framework/Versions/A/GenerativeModels
0x0000000199d63000 	/System/Library/PrivateFrameworks/InternationalSupport.framework/Versions/A/InternationalSupport
0x000000019a0bf000 	/System/Library/PrivateFrameworks/UserActivity.framework/Versions/A/UserActivity
0x000000018f3b8000 	/System/Library/PrivateFrameworks/BaseBoard.framework/Versions/A/BaseBoard
0x000000024a1cf000 	/System/Library/PrivateFrameworks/FrontBoard.framework/Versions/A/FrontBoard
0x00000001a2071000 	/System/Library/PrivateFrameworks/FrontBoardServices.framework/Versions/A/FrontBoardServices
0x000000028afbc000 	/usr/lib/libRosetta.dylib
0x000000027e2da000 	/System/Library/PrivateFrameworks/UIIntelligenceSupport.framework/Versions/A/UIIntelligenceSupport
0x0000000234a70000 	/System/Library/Frameworks/SwiftUICore.framework/Versions/A/SwiftUICore
0x0000000284e74000 	/System/Library/PrivateFrameworks/WritingTools.framework/Versions/A/WritingTools
0x0000000283c6f000 	/System/Library/PrivateFrameworks/WindowManagement.framework/Versions/A/WindowManagement
0x0000000188749000 	/System/Library/Frameworks/SystemConfiguration.framework/Versions/A/SystemConfiguration
0x0000000198d89000 	/usr/lib/libspindump.dylib
0x000000018cfc0000 	/System/Library/Frameworks/UniformTypeIdentifiers.framework/Versions/A/UniformTypeIdentifiers
0x00000001963ad000 	/usr/lib/libbsm.0.dylib
0x0000000191aa6000 	/usr/lib/libapp_launch_measurement.dylib
0x0000000190dcb000 	/System/Library/PrivateFrameworks/CoreAnalytics.framework/Versions/A/CoreAnalytics
0x0000000191aaa000 	/System/Library/PrivateFrameworks/CoreAutoLayout.framework/Versions/A/CoreAutoLayout
0x000000019388e000 	/System/Library/Frameworks/Metal.framework/Versions/A/Metal
0x0000000194d57000 	/usr/lib/liblangid.dylib
0x0000000194421000 	/System/Library/PrivateFrameworks/CoreSVG.framework/Versions/A/CoreSVG
0x000000018da1a000 	/System/Library/PrivateFrameworks/SkyLight.framework/Versions/A/SkyLight
0x0000000249f04000 	/System/Library/PrivateFrameworks/FocusEngine.framework/Versions/A/FocusEngine
0x000000018dfd1000 	/System/Library/Frameworks/CoreGraphics.framework/Versions/A/CoreGraphics
0x0000000247911000 	/System/Library/PrivateFrameworks/DesignLibrary.framework/Versions/A/DesignLibrary
0x00000001a0283000 	/System/Library/Frameworks/Accelerate.framework/Versions/A/Accelerate
0x0000000198b4b000 	/System/Library/PrivateFrameworks/IconServices.framework/Versions/A/IconServices
0x0000000193866000 	/System/Library/Frameworks/IOSurface.framework/Versions/A/IOSurface
0x0000000190dfb000 	/usr/lib/libDiagnosticMessagesClient.dylib
0x00000001970a0000 	/usr/lib/libz.1.dylib
0x00000001a47ac000 	/System/Library/Frameworks/ApplicationServices.framework/Versions/A/ApplicationServices
0x0000000194406000 	/System/Library/PrivateFrameworks/DFRFoundation.framework/Versions/A/DFRFoundation
0x000000018af30000 	/usr/lib/libicucore.A.dylib
0x000000019b829000 	/System/Library/Frameworks/AudioToolbox.framework/Versions/A/AudioToolbox
0x000000019a06d000 	/System/Library/PrivateFrameworks/DataDetectorsCore.framework/Versions/A/DataDetectorsCore
0x000000027f223000 	/System/Library/PrivateFrameworks/UpdateCycle.framework/Versions/A/UpdateCycle
0x00000001b8fa0000 	/System/Library/PrivateFrameworks/TextInput.framework/Versions/A/TextInput
0x000000018d95e000 	/usr/lib/libMobileGestalt.dylib
0x000000019410a000 	/System/Library/Frameworks/Carbon.framework/Versions/A/Frameworks/HIToolbox.framework/Versions/A/HIToolbox
0x0000000191309000 	/System/Library/Frameworks/QuartzCore.framework/Versions/A/QuartzCore
0x000000018ab11000 	/System/Library/Frameworks/Security.framework/Versions/A/Security
0x000000019fbf2000 	/System/Library/Frameworks/Carbon.framework/Versions/A/Frameworks/SpeechRecognition.framework/Versions/A/SpeechRecognition
0x0000000191771000 	/System/Library/PrivateFrameworks/CoreUI.framework/Versions/A/CoreUI
0x000000018a37b000 	/System/Library/Frameworks/CoreAudio.framework/Versions/A/CoreAudio
0x0000000190ef6000 	/System/Library/Frameworks/DiskArbitration.framework/Versions/A/DiskArbitration
0x0000000199327000 	/System/Library/PrivateFrameworks/MultitouchSupport.framework/Versions/A/MultitouchSupport
0x000000018d95c000 	/usr/lib/libenergytrace.dylib
0x00000001ac2f7000 	/System/Library/PrivateFrameworks/RenderBox.framework/Versions/A/RenderBox
0x000000018b588000 	/System/Library/Frameworks/IOKit.framework/Versions/A/IOKit
0x00000001a0004000 	/System/Library/Frameworks/CoreServices.framework/Versions/A/CoreServices
0x0000000191a2d000 	/System/Library/PrivateFrameworks/PerformanceAnalysis.framework/Versions/A/PerformanceAnalysis
0x000000022d338000 	/System/Library/Frameworks/OpenGL.framework/Versions/A/OpenGL
0x0000000191af3000 	/usr/lib/libxml2.2.dylib
0x000000019628e000 	/System/Library/PrivateFrameworks/MobileKeyBag.framework/Versions/A/MobileKeyBag
0x0000000186dc8000 	/usr/lib/libobjc.A.dylib
0x000000018713d000 	/usr/lib/libc++.1.dylib
0x000000019ff82000 	/System/Library/Frameworks/Accessibility.framework/Versions/A/Accessibility
0x000000018e727000 	/System/Library/Frameworks/ColorSync.framework/Versions/A/ColorSync
0x000000018726d000 	/System/Library/Frameworks/CoreFoundation.framework/Versions/A/CoreFoundation
0x000000019479f000 	/System/Library/Frameworks/CoreImage.framework/Versions/A/CoreImage
0x000000018a152000 	/System/Library/Frameworks/CoreText.framework/Versions/A/CoreText
0x000000022ed59000 	/System/Library/Frameworks/CoreTransferable.framework/Versions/A/CoreTransferable
0x000000022f274000 	/System/Library/Frameworks/DataDetection.framework/Versions/A/DataDetection
0x000000022f28b000 	/System/Library/Frameworks/DeveloperToolsSupport.framework/Versions/A/DeveloperToolsSupport
0x000000019445f000 	/System/Library/Frameworks/ImageIO.framework/Versions/A/ImageIO
0x00000002359cd000 	/System/Library/Frameworks/Symbols.framework/Versions/A/Symbols
0x00000001be321000 	/System/Library/PrivateFrameworks/AttributeGraph.framework/Versions/A/AttributeGraph
0x00000001a214b000 	/System/Library/PrivateFrameworks/BoardServices.framework/Versions/A/BoardServices
0x00000001e354e000 	/System/Library/PrivateFrameworks/FeatureFlags.framework/Versions/A/FeatureFlags
0x000000025349f000 	/System/Library/PrivateFrameworks/Gestures.framework/Versions/A/Gestures
0x000000019715a000 	/System/Library/PrivateFrameworks/SoftLinking.framework/Versions/A/SoftLinking
0x00000001cd016000 	/usr/lib/swift/libswiftAccelerate.dylib
0x00000001c317c000 	/usr/lib/swift/libswiftCompression.dylib
0x000000019b17e000 	/usr/lib/swift/libswiftCore.dylib
0x00000001b51be000 	/usr/lib/swift/libswiftCoreFoundation.dylib
0x00000001b521e000 	/usr/lib/swift/libswiftCoreImage.dylib
0x00000001a1d73000 	/usr/lib/swift/libswiftDispatch.dylib
0x00000001b521f000 	/usr/lib/swift/libswiftIOKit.dylib
0x00000001c316e000 	/usr/lib/swift/libswiftMetal.dylib
0x00000001d294a000 	/usr/lib/swift/libswiftOSLog.dylib
0x00000001a4e23000 	/usr/lib/swift/libswiftObjectiveC.dylib
0x000000028c76f000 	/usr/lib/swift/libswiftObservation.dylib
0x00000001c856f000 	/usr/lib/swift/libswiftQuartzCore.dylib
0x000000028c831000 	/usr/lib/swift/libswiftSpatial.dylib
0x000000028c8ab000 	/usr/lib/swift/libswiftSynchronization.dylib
0x00000001cd006000 	/usr/lib/swift/libswiftUniformTypeIdentifiers.dylib
0x00000001b51d1000 	/usr/lib/swift/libswiftXPC.dylib
0x000000028c8f1000 	/usr/lib/swift/libswift_Builtin_float.dylib
0x000000028c8f2000 	/usr/lib/swift/libswift_Concurrency.dylib
0x00000001a4e27000 	/usr/lib/swift/libswiftos.dylib
0x00000001b8d12000 	/usr/lib/swift/libswiftsimd.dylib
0x000000019737e000 	/usr/lib/libcompression.dylib
0x0000000199ccc000 	/System/Library/PrivateFrameworks/TextureIO.framework/Versions/A/TextureIO
0x000000018e8cf000 	/System/Library/Frameworks/ApplicationServices.framework/Versions/A/Frameworks/HIServices.framework/Versions/A/HIServices
0x00000001987d5000 	/usr/lib/libate.dylib
0x0000000197150000 	/usr/lib/system/libcache.dylib
0x000000019710b000 	/usr/lib/system/libcommonCrypto.dylib
0x0000000197136000 	/usr/lib/system/libcompiler_rt.dylib
0x000000019712b000 	/usr/lib/system/libcopyfile.dylib
0x0000000186f71000 	/usr/lib/system/libcorecrypto.dylib
0x0000000187071000 	/usr/lib/system/libdispatch.dylib
0x0000000186e1b000 	/usr/lib/system/libdyld.dylib
0x0000000197146000 	/usr/lib/system/libkeymgr.dylib
0x00000001970ee000 	/usr/lib/system/libmacho.dylib
0x0000000196385000 	/usr/lib/system/libquarantine.dylib
0x0000000197143000 	/usr/lib/system/libremovefile.dylib
0x000000018d9de000 	/usr/lib/system/libsystem_asl.dylib
0x0000000186ef7000 	/usr/lib/system/libsystem_blocks.dylib
0x00000001870bc000 	/usr/lib/system/libsystem_c.dylib
0x000000019713a000 	/usr/lib/system/libsystem_collections.dylib
0x0000000194d44000 	/usr/lib/system/libsystem_configuration.dylib
0x000000019382d000 	/usr/lib/system/libsystem_containermanager.dylib
0x0000000196b24000 	/usr/lib/system/libsystem_coreservices.dylib
0x000000018b206000 	/usr/lib/system/libsystem_darwin.dylib
0x000000028cc13000 	/usr/lib/system/libsystem_darwindirectory.dylib
0x0000000197147000 	/usr/lib/system/libsystem_dnssd.dylib
0x000000028cc17000 	/usr/lib/system/libsystem_eligibility.dylib
0x00000001870b9000 	/usr/lib/system/libsystem_featureflags.dylib
0x000000018723d000 	/usr/lib/system/libsystem_info.dylib
0x00000001970af000 	/usr/lib/system/libsystem_m.dylib
0x0000000187020000 	/usr/lib/system/libsystem_malloc.dylib
0x000000018d941000 	/usr/lib/system/libsystem_networkextension.dylib
0x000000018b671000 	/usr/lib/system/libsystem_notify.dylib
0x0000000194d49000 	/usr/lib/system/libsystem_sandbox.dylib
0x000000028cc21000 	/usr/lib/system/libsystem_sanitizers.dylib
0x000000019713f000 	/usr/lib/system/libsystem_secinit.dylib
0x00000001871e9000 	/usr/lib/system/libsystem_kernel.dylib
0x0000000187234000 	/usr/lib/system/libsystem_platform.dylib
0x0000000187227000 	/usr/lib/system/libsystem_pthread.dylib
0x000000018f59c000 	/usr/lib/system/libsystem_symptoms.dylib
0x0000000186f50000 	/usr/lib/system/libsystem_trace.dylib
0x000000028cc29000 	/usr/lib/system/libsystem_trial.dylib
0x0000000197119000 	/usr/lib/system/libunwind.dylib
0x0000000186efb000 	/usr/lib/system/libxpc.dylib
0x00000001871ce000 	/usr/lib/libc++abi.dylib
0x000000028c47c000 	/usr/lib/libswiftPrespecialized.dylib
0x0000000197158000 	/usr/lib/libfakelink.dylib
0x000000018d58b000 	/System/Library/Frameworks/CFNetwork.framework/Versions/A/CFNetwork
0x00000001971ab000 	/usr/lib/libarchive.2.dylib
0x000000019dc76000 	/System/Library/Frameworks/Combine.framework/Versions/A/Combine
0x000000024076d000 	/System/Library/PrivateFrameworks/CollectionsInternal.framework/Versions/A/CollectionsInternal
0x000000026c66d000 	/System/Library/PrivateFrameworks/ReflectionInternal.framework/Versions/A/ReflectionInternal
0x000000026d5c0000 	/System/Library/PrivateFrameworks/RuntimeInternal.framework/Versions/A/RuntimeInternal
0x00000001b2041000 	/usr/lib/swift/libswiftDarwin.dylib
0x000000028c8bf000 	/usr/lib/swift/libswiftSystem.dylib
0x000000028c97e000 	/usr/lib/swift/libswift_DarwinFoundation1.dylib
0x000000028ca22000 	/usr/lib/swift/libswift_StringProcessing.dylib
0x000000018b508000 	/System/Library/PrivateFrameworks/CoreServicesInternal.framework/Versions/A/CoreServicesInternal
0x0000000197123000 	/usr/lib/liboah.dylib
0x00000001a4257000 	/System/Library/PrivateFrameworks/DiskImages.framework/Versions/A/DiskImages
0x00000001b1ae6000 	/System/Library/Frameworks/NetFS.framework/Versions/A/NetFS
0x0000000191a6f000 	/System/Library/Frameworks/CoreServices.framework/Versions/A/Frameworks/FSEvents.framework/Versions/A/FSEvents
0x000000018b210000 	/System/Library/Frameworks/CoreServices.framework/Versions/A/Frameworks/CarbonCore.framework/Versions/A/CarbonCore
0x0000000190e6a000 	/System/Library/Frameworks/CoreServices.framework/Versions/A/Frameworks/Metadata.framework/Versions/A/Metadata
0x0000000196b2b000 	/System/Library/Frameworks/CoreServices.framework/Versions/A/Frameworks/OSServices.framework/Versions/A/OSServices
0x00000001972a3000 	/System/Library/Frameworks/CoreServices.framework/Versions/A/Frameworks/SearchKit.framework/Versions/A/SearchKit
0x000000018f516000 	/System/Library/Frameworks/CoreServices.framework/Versions/A/Frameworks/AE.framework/Versions/A/AE
0x00000001877cc000 	/System/Library/Frameworks/CoreServices.framework/Versions/A/Frameworks/LaunchServices.framework/Versions/A/LaunchServices
0x0000000198629000 	/System/Library/Frameworks/CoreServices.framework/Versions/A/Frameworks/DictionaryServices.framework/Versions/A/DictionaryServices
0x0000000191a7c000 	/System/Library/Frameworks/CoreServices.framework/Versions/A/Frameworks/SharedFileList.framework/Versions/A/SharedFileList
0x0000000197336000 	/usr/lib/libapple_nghttp2.dylib
0x000000018f12d000 	/usr/lib/libsqlite3.dylib
0x000000018f316000 	/System/Library/Frameworks/Accounts.framework/Versions/A/Accounts
0x00000001a4499000 	/System/Library/PrivateFrameworks/AppSupport.framework/Versions/A/AppSupport
0x00000001b3f70000 	/System/Library/Frameworks/AVFoundation.framework/Versions/A/AVFoundation
0x000000019beb0000 	/System/Library/Frameworks/GSS.framework/Versions/A/GSS
0x000000018f4aa000 	/System/Library/PrivateFrameworks/RunningBoardServices.framework/Versions/A/RunningBoardServices
0x00000001a4dab000 	/System/Library/PrivateFrameworks/StreamingZip.framework/Versions/A/StreamingZip
0x000000018f5a5000 	/System/Library/Frameworks/Network.framework/Versions/A/Network
0x00000001970f2000 	/usr/lib/system/libkxld.dylib
0x000000023bce2000 	/System/Library/PrivateFrameworks/AppleKeyStore.framework/Versions/A/AppleKeyStore
0x000000028acbe000 	/usr/lib/libCoreEntitlements.dylib
0x0000000260d46000 	/System/Library/PrivateFrameworks/MessageSecurity.framework/Versions/A/MessageSecurity
0x000000018f111000 	/System/Library/PrivateFrameworks/ProtocolBuffer.framework/Versions/A/ProtocolBuffer
0x00000001a117f000 	/System/Library/PrivateFrameworks/SymptomDiagnosticReporter.framework/Versions/A/SymptomDiagnosticReporter
0x000000019886e000 	/System/Library/PrivateFrameworks/CrashReporterSupport.framework/Versions/A/CrashReporterSupport
0x0000000196b0b000 	/System/Library/PrivateFrameworks/AppleFSCompression.framework/Versions/A/AppleFSCompression
0x0000000196395000 	/usr/lib/libcoretls.dylib
0x000000019869f000 	/usr/lib/libcoretls_cfhelpers.dylib
0x0000000197378000 	/usr/lib/libpam.2.dylib
0x0000000198715000 	/usr/lib/libxar.1.dylib
0x00000001986a1000 	/System/Library/PrivateFrameworks/APFS.framework/Versions/A/APFS
0x0000000278d39000 	/System/Library/PrivateFrameworks/SwiftASN1Internal.framework/Versions/A/SwiftASN1Internal
0x0000000198724000 	/usr/lib/libutil.dylib
0x0000000194d52000 	/System/Library/PrivateFrameworks/AppleSystemInfo.framework/Versions/A/AppleSystemInfo
0x000000019605c000 	/System/Library/PrivateFrameworks/IOMobileFramebuffer.framework/Versions/A/IOMobileFramebuffer
0x00000001a3bb7000 	/System/Library/PrivateFrameworks/CoreWiFi.framework/Versions/A/CoreWiFi
0x00000001b507e000 	/System/Library/PrivateFrameworks/LoggingSupport.framework/Versions/A/LoggingSupport
0x000000019bf13000 	/System/Library/PrivateFrameworks/MobileAsset.framework/Versions/A/MobileAsset
0x00000001a118f000 	/System/Library/PrivateFrameworks/PowerLog.framework/Versions/A/PowerLog
0x00000001a272a000 	/System/Library/PrivateFrameworks/Rapport.framework/Versions/A/Rapport
0x0000000234903000 	/System/Library/Frameworks/SwiftData.framework/Versions/A/SwiftData
0x0000000191c9c000 	/System/Library/PrivateFrameworks/UserManagement.framework/Versions/A/UserManagement
0x000000018d4b2000 	/usr/lib/libboringssl.dylib
0x000000018f58a000 	/usr/lib/libdns_services.dylib
0x00000001b40a4000 	/usr/lib/libquic.dylib
0x000000019b10f000 	/usr/lib/libusrtcp.dylib
0x000000023cb9d000 	/System/Library/PrivateFrameworks/AtomicsInternal.framework/Versions/A/AtomicsInternal
0x00000001db36e000 	/System/Library/PrivateFrameworks/InternalSwiftProtobuf.framework/Versions/A/InternalSwiftProtobuf
0x000000028c746000 	/usr/lib/swift/libswiftDistributed.dylib
0x0000000194d50000 	/System/Library/PrivateFrameworks/AggregateDictionary.framework/Versions/A/AggregateDictionary
0x000000023d3cc000 	/System/Library/PrivateFrameworks/BiomeLibrary.framework/Versions/A/BiomeLibrary
0x00000001c41e2000 	/System/Library/PrivateFrameworks/BiomeStreams.framework/Versions/A/BiomeStreams
0x00000001c0238000 	/System/Library/PrivateFrameworks/BiomeFoundation.framework/Versions/A/BiomeFoundation
0x00000001ca468000 	/System/Library/PrivateFrameworks/BiomePubSub.framework/Versions/A/BiomePubSub
0x00000001a5d8e000 	/System/Library/PrivateFrameworks/ProactiveSupport.framework/Versions/A/ProactiveSupport
0x000000023695f000 	/System/Library/Frameworks/_LocationEssentials.framework/Versions/A/_LocationEssentials
0x0000000198680000 	/usr/lib/liblzma.5.dylib
0x00000001a47ad000 	/System/Library/PrivateFrameworks/InternationalTextSearch.framework/Versions/A/InternationalTextSearch
0x00000001bc714000 	/System/Library/PrivateFrameworks/SoftwareUpdateCoreSupport.framework/Versions/A/SoftwareUpdateCoreSupport
0x00000001c4c81000 	/System/Library/PrivateFrameworks/SoftwareUpdateCoreConnect.framework/Versions/A/SoftwareUpdateCoreConnect
0x00000001a4351000 	/System/Library/PrivateFrameworks/RemoteServiceDiscovery.framework/Versions/A/RemoteServiceDiscovery
0x00000001bc2eb000 	/System/Library/PrivateFrameworks/MSUDataAccessor.framework/Versions/A/MSUDataAccessor
0x00000001b724c000 	/usr/lib/libbootpolicy.dylib
0x00000001a4368000 	/System/Library/PrivateFrameworks/RemoteXPC.framework/Versions/A/RemoteXPC
0x00000001c40b6000 	/usr/lib/libFDR.dylib
0x00000001ca06a000 	/usr/lib/libamsupport.dylib
0x000000028afb4000 	/usr/lib/libReverseProxyDevice.dylib
0x000000023b552000 	/System/Library/PrivateFrameworks/AppleDeviceQuerySupport.framework/Versions/A/AppleDeviceQuerySupport
0x00000001cd231000 	/usr/lib/libpartition2_dynamic.dylib
0x0000000197312000 	/System/Library/PrivateFrameworks/AppleSauce.framework/Versions/A/AppleSauce
0x000000028ab69000 	/usr/lib/libAppleArchive.dylib
0x0000000196b17000 	/usr/lib/libbz2.1.0.dylib
0x0000000190f00000 	/System/Library/Frameworks/Accelerate.framework/Versions/A/Frameworks/vImage.framework/Versions/A/vImage
0x000000019ffdf000 	/System/Library/Frameworks/Accelerate.framework/Versions/A/Frameworks/vecLib.framework/Versions/A/vecLib
0x000000019875b000 	/System/Library/Frameworks/Accelerate.framework/Versions/A/Frameworks/vecLib.framework/Versions/A/libvMisc.dylib
0x0000000187cd0000 	/System/Library/Frameworks/Accelerate.framework/Versions/A/Frameworks/vecLib.framework/Versions/A/libBLAS.dylib
0x0000000191bda000 	/System/Library/Frameworks/CoreVideo.framework/Versions/A/CoreVideo
0x000000019bac7000 	/System/Library/Frameworks/ApplicationServices.framework/Versions/A/Frameworks/ATS.framework/Versions/A/ATS
0x0000000199c59000 	/System/Library/Frameworks/ApplicationServices.framework/Versions/A/Frameworks/PrintCore.framework/Versions/A/PrintCore
0x000000019be79000 	/System/Library/Frameworks/ApplicationServices.framework/Versions/A/Frameworks/QD.framework/Versions/A/QD
0x000000019be74000 	/System/Library/Frameworks/ApplicationServices.framework/Versions/A/Frameworks/ColorSyncLegacy.framework/Versions/A/ColorSyncLegacy
0x000000019ba99000 	/System/Library/Frameworks/ApplicationServices.framework/Versions/A/Frameworks/SpeechSynthesis.framework/Versions/A/SpeechSynthesis
0x0000000193e3a000 	/System/Library/PrivateFrameworks/FontServices.framework/libFontParser.dylib
0x00000001a4079000 	/System/Library/PrivateFrameworks/BackBoardServices.framework/Versions/A/BackBoardServices
0x000000023d2d1000 	/System/Library/PrivateFrameworks/BackBoardHIDEventFoundation.framework/Versions/A/BackBoardHIDEventFoundation
0x0000000189c6e000 	/System/Library/Frameworks/CoreDisplay.framework/Versions/A/CoreDisplay
0x000000019936d000 	/System/Library/Frameworks/VideoToolbox.framework/Versions/A/VideoToolbox
0x0000000197376000 	/System/Library/Frameworks/MetalPerformanceShaders.framework/Versions/A/MetalPerformanceShaders
0x000000026b578000 	/System/Library/PrivateFrameworks/ProDisplayLibrary.framework/Versions/A/ProDisplayLibrary
0x00000001a7e98000 	/System/Library/PrivateFrameworks/IOSurfaceAccelerator.framework/Versions/A/IOSurfaceAccelerator
0x0000000193883000 	/System/Library/PrivateFrameworks/IOAccelerator.framework/Versions/A/IOAccelerator
0x0000000193b92000 	/System/Library/Frameworks/CoreMedia.framework/Versions/A/CoreMedia
0x000000018d9f6000 	/System/Library/PrivateFrameworks/TCC.framework/Versions/A/TCC
0x0000000199325000 	/System/Library/PrivateFrameworks/WatchdogClient.framework/Versions/A/WatchdogClient
0x00000001b519e000 	/usr/lib/swift/libswiftCoreAudio.dylib
0x00000001d1197000 	/usr/lib/swift/libswiftCoreMedia.dylib
0x000000028c8d9000 	/usr/lib/swift/libswiftVideoToolbox.dylib
0x00000001ca4c9000 	/System/Library/PrivateFrameworks/BiomeStorage.framework/Versions/A/BiomeStorage
0x0000000259a73000 	/System/Library/PrivateFrameworks/IntelligencePlatformLibrary.framework/Versions/A/IntelligencePlatformLibrary
0x000000026a33c000 	/System/Library/PrivateFrameworks/PoirotSchematizer.framework/Versions/A/PoirotSchematizer
0x000000023dc81000 	/System/Library/PrivateFrameworks/BiomeSync.framework/Versions/A/BiomeSync
0x000000023d3b2000 	/System/Library/PrivateFrameworks/BiomeDSL.framework/Versions/A/BiomeDSL
0x000000026a3aa000 	/System/Library/PrivateFrameworks/PoirotUDFs.framework/Versions/A/PoirotUDFs
0x000000028c981000 	/usr/lib/swift/libswift_DarwinFoundation2.dylib
0x000000028c982000 	/usr/lib/swift/libswift_DarwinFoundation3.dylib
0x00000001a271f000 	/System/Library/PrivateFrameworks/CoreTime.framework/Versions/A/CoreTime
0x0000000197190000 	/usr/lib/libiconv.2.dylib
0x00000001970ed000 	/usr/lib/libcharset.1.dylib
0x000000026a2ff000 	/System/Library/PrivateFrameworks/PoirotSQLite.framework/Versions/A/PoirotSQLite
0x000000028c983000 	/usr/lib/swift/libswift_RegexParser.dylib
0x000000023f305000 	/System/Library/PrivateFrameworks/CascadeSets.framework/Versions/A/CascadeSets
0x000000019c08a000 	/System/Library/PrivateFrameworks/CorePhoneNumbers.framework/Versions/A/CorePhoneNumbers
0x000000019911f000 	/System/Library/PrivateFrameworks/AppleJPEG.framework/Versions/A/AppleJPEG
0x0000000198ac5000 	/usr/lib/libexpat.1.dylib
0x0000000199b2f000 	/System/Library/Frameworks/ImageIO.framework/Versions/A/Resources/libPng.dylib
0x0000000199b5a000 	/System/Library/Frameworks/ImageIO.framework/Versions/A/Resources/libTIFF.dylib
0x0000000199c42000 	/System/Library/Frameworks/ImageIO.framework/Versions/A/Resources/libGIF.dylib
0x0000000199164000 	/System/Library/Frameworks/ImageIO.framework/Versions/A/Resources/libJP2.dylib
0x0000000199be9000 	/System/Library/Frameworks/ImageIO.framework/Versions/A/Resources/libJPEG.dylib
0x0000000199be0000 	/System/Library/Frameworks/ImageIO.framework/Versions/A/Resources/libRadiance.dylib
0x000000024f763000 	/System/Library/PrivateFrameworks/GPUCompiler.framework/Versions/32023/Libraries/libllvm-flatbuffers.dylib
0x000000024a1c2000 	/System/Library/PrivateFrameworks/FramePacing.framework/Versions/A/FramePacing
0x000000022d32a000 	/System/Library/Frameworks/OpenGL.framework/Versions/A/Libraries/libCoreFSCache.dylib
0x000000024b2f0000 	/System/Library/PrivateFrameworks/GPUCompiler.framework/Versions/32023/Libraries/libGPUCompilerUtils.dylib
0x00000001a2218000 	/System/Library/PrivateFrameworks/GraphicsServices.framework/Versions/A/GraphicsServices
0x000000022d389000 	/System/Library/Frameworks/OpenGL.framework/Versions/A/Libraries/libGLU.dylib
0x000000022d34c000 	/System/Library/Frameworks/OpenGL.framework/Versions/A/Libraries/libGFXShared.dylib
0x000000022d519000 	/System/Library/Frameworks/OpenGL.framework/Versions/A/Libraries/libGL.dylib
0x000000022d355000 	/System/Library/Frameworks/OpenGL.framework/Versions/A/Libraries/libGLImage.dylib
0x000000022d349000 	/System/Library/Frameworks/OpenGL.framework/Versions/A/Libraries/libCVMSPluginSupport.dylib
0x000000022d332000 	/System/Library/Frameworks/OpenGL.framework/Versions/A/Libraries/libCoreVMClient.dylib
0x0000000199bdb000 	/System/Library/PrivateFrameworks/GPUWrangler.framework/Versions/A/GPUWrangler
0x0000000199bbb000 	/System/Library/PrivateFrameworks/IOPresentment.framework/Versions/A/IOPresentment
0x0000000199be3000 	/System/Library/PrivateFrameworks/DSExternalDisplay.framework/Versions/A/DSExternalDisplay
0x00000002808ff000 	/System/Library/PrivateFrameworks/VideoToolboxParavirtualizationSupport.framework/Versions/A/VideoToolboxParavirtualizationSupport
0x0000000198a7c000 	/System/Library/PrivateFrameworks/AppleVA.framework/Versions/A/AppleVA
0x000000022f3d5000 	/System/Library/Frameworks/ExtensionFoundation.framework/Versions/A/ExtensionFoundation
0x0000000199c48000 	/System/Library/PrivateFrameworks/CMCaptureCore.framework/Versions/A/CMCaptureCore
0x0000000198d7c000 	/System/Library/PrivateFrameworks/AppServerSupport.framework/Versions/A/AppServerSupport
0x000000019be82000 	/System/Library/PrivateFrameworks/perfdata.framework/Versions/A/perfdata
0x0000000189d8f000 	/System/Library/PrivateFrameworks/AudioToolboxCore.framework/Versions/A/AudioToolboxCore
0x0000000193b68000 	/System/Library/PrivateFrameworks/caulk.framework/Versions/A/caulk
0x000000019ba7f000 	/usr/lib/libAudioStatistics.dylib
0x00000001b4199000 	/System/Library/PrivateFrameworks/SystemPolicy.framework/Versions/A/SystemPolicy
0x000000019bd27000 	/usr/lib/libSMC.dylib
0x00000001bbafd000 	/usr/lib/swift/libswiftCoreMIDI.dylib
0x00000001a718a000 	/System/Library/Frameworks/CoreMIDI.framework/Versions/A/CoreMIDI
0x0000000199b09000 	/usr/lib/libAudioToolboxUtility.dylib
0x000000019be90000 	/usr/lib/libperfcheck.dylib
0x000000023cc6c000 	/System/Library/PrivateFrameworks/AudioAnalytics.framework/Versions/A/AudioAnalytics
0x00000001db05c000 	/System/Library/Frameworks/OSLog.framework/Versions/A/OSLog
0x0000000265db2000 	/System/Library/PrivateFrameworks/OSEligibility.framework/Versions/A/OSEligibility
0x00000002307b9000 	/System/Library/Frameworks/LightweightCodeRequirements.framework/Versions/A/LightweightCodeRequirements
0x00000001989c5000 	/System/Library/PrivateFrameworks/PlugInKit.framework/Versions/A/PlugInKit
0x00000001962a6000 	/System/Library/PrivateFrameworks/AssertionServices.framework/Versions/A/AssertionServices
0x0000000198aea000 	/System/Library/PrivateFrameworks/IconFoundation.framework/Versions/A/IconFoundation
0x00000002565ff000 	/System/Library/PrivateFrameworks/IconRendering.framework/Versions/A/IconRendering
0x000000026d7a5000 	/System/Library/PrivateFrameworks/SFSymbols.framework/Versions/A/SFSymbols
0x0000000198d2c000 	/System/Library/PrivateFrameworks/GraphVisualizer.framework/Versions/A/GraphVisualizer
0x000000024a0cd000 	/System/Library/PrivateFrameworks/FontServices.framework/Versions/A/FontServices
0x0000000198d3c000 	/System/Library/PrivateFrameworks/OTSVG.framework/Versions/A/OTSVG
0x000000019171f000 	/System/Library/Frameworks/ApplicationServices.framework/Versions/A/Frameworks/ATS.framework/Versions/A/Resources/libFontRegistry.dylib
0x000000028bab6000 	/usr/lib/libhvf.dylib
0x0000000266a3e000 	/System/Library/PrivateFrameworks/ParsingInternal.framework/Versions/A/ParsingInternal
0x000000024a0d1000 	/System/Library/PrivateFrameworks/FontServices.framework/libXTFontStaticRegistryData.dylib
0x0000000194c8a000 	/System/Library/Frameworks/MetalPerformanceShaders.framework/Versions/A/Frameworks/MPSCore.framework/Versions/A/MPSCore
0x0000000196a76000 	/System/Library/Frameworks/MetalPerformanceShaders.framework/Versions/A/Frameworks/MPSImage.framework/Versions/A/MPSImage
0x0000000196435000 	/System/Library/Frameworks/MetalPerformanceShaders.framework/Versions/A/Frameworks/MPSNeuralNetwork.framework/Versions/A/MPSNeuralNetwork
0x0000000196874000 	/System/Library/Frameworks/MetalPerformanceShaders.framework/Versions/A/Frameworks/MPSMatrix.framework/Versions/A/MPSMatrix
0x000000019668c000 	/System/Library/Frameworks/MetalPerformanceShaders.framework/Versions/A/Frameworks/MPSRayIntersector.framework/Versions/A/MPSRayIntersector
0x00000001968a6000 	/System/Library/Frameworks/MetalPerformanceShaders.framework/Versions/A/Frameworks/MPSNDArray.framework/Versions/A/MPSNDArray
0x000000023163f000 	/System/Library/Frameworks/MetalPerformanceShaders.framework/Versions/A/Frameworks/MPSFunctions.framework/Versions/A/MPSFunctions
0x0000000231620000 	/System/Library/Frameworks/MetalPerformanceShaders.framework/Versions/A/Frameworks/MPSBenchmarkLoop.framework/Versions/A/MPSBenchmarkLoop
0x0000000231653000 	/System/Library/Frameworks/MetalPerformanceShaders.framework/Versions/A/Frameworks/MPSHost.framework/Versions/A/MPSHost
0x0000000187ae7000 	/System/Library/PrivateFrameworks/MetalTools.framework/Versions/A/MetalTools
0x00000001ba438000 	/System/Library/PrivateFrameworks/IOAccelMemoryInfo.framework/Versions/A/IOAccelMemoryInfo
0x00000001c8962000 	/System/Library/PrivateFrameworks/kperf.framework/Versions/A/kperf
0x00000001b519a000 	/System/Library/PrivateFrameworks/GPURawCounter.framework/Versions/A/GPURawCounter
0x00000001a5f19000 	/System/Library/PrivateFrameworks/ASEProcessing.framework/Versions/A/ASEProcessing
0x00000001d6a17000 	/System/Library/PrivateFrameworks/Symbolication.framework/Versions/A/Symbolication
0x0000000269eec000 	/System/Library/PrivateFrameworks/PhotosensitivityProcessing.framework/Versions/A/PhotosensitivityProcessing
0x000000026d82b000 	/System/Library/PrivateFrameworks/SILManager.framework/Versions/A/SILManager
0x00000001a25c2000 	/System/Library/PrivateFrameworks/CoreSymbolication.framework/Versions/A/CoreSymbolication
0x00000001b510d000 	/System/Library/PrivateFrameworks/MallocStackLogging.framework/Versions/A/MallocStackLogging
0x00000001a25a0000 	/System/Library/PrivateFrameworks/DebugSymbols.framework/Versions/A/DebugSymbols
0x00000001c70d4000 	/System/Library/PrivateFrameworks/OSAnalytics.framework/Versions/A/OSAnalytics
0x0000000247e30000 	/System/Library/PrivateFrameworks/DeviceRecovery.framework/Versions/A/DeviceRecovery
0x000000027c18e000 	/System/Library/PrivateFrameworks/Tightbeam.framework/Versions/A/Tightbeam
0x00000001cd79e000 	/System/Library/PrivateFrameworks/AFKUser.framework/Versions/A/AFKUser
0x0000000196ee4000 	/System/Library/Frameworks/UserNotifications.framework/Versions/A/UserNotifications
0x00000001babcf000 	/System/Library/PrivateFrameworks/SiriInstrumentation.framework/Versions/A/SiriInstrumentation
0x000000026fcb9000 	/System/Library/PrivateFrameworks/SiriAnalytics.framework/Versions/A/SiriAnalytics
0x00000001b8332000 	/System/Library/PrivateFrameworks/FeedbackLogger.framework/Versions/A/FeedbackLogger
0x00000001d2be3000 	/usr/lib/swift/libswiftAVFoundation.dylib
0x000000027e9b5000 	/System/Library/PrivateFrameworks/UnifiedAssetFramework.framework/Versions/A/UnifiedAssetFramework
0x000000019b9fe000 	/System/Library/PrivateFrameworks/AudioSession.framework/Versions/A/AudioSession
0x0000000198c09000 	/System/Library/PrivateFrameworks/MediaExperience.framework/Versions/A/MediaExperience
0x000000019b7d3000 	/System/Library/PrivateFrameworks/AudioSession.framework/libSessionUtility.dylib
0x00000001a1074000 	/System/Library/Frameworks/CoreBluetooth.framework/Versions/A/CoreBluetooth
0x0000000196119000 	/System/Library/PrivateFrameworks/CoreUtils.framework/Versions/A/CoreUtils
0x00000001ad02a000 	/System/Library/PrivateFrameworks/HID.framework/Versions/A/HID
0x0000000246d48000 	/System/Library/PrivateFrameworks/CoreUtilsExtras.framework/Versions/A/CoreUtilsExtras
0x0000000256554000 	/System/Library/PrivateFrameworks/IO80211.framework/Versions/A/IO80211
0x000000019d9c2000 	/System/Library/Frameworks/IOBluetooth.framework/Versions/A/IOBluetooth
0x000000028c78e000 	/usr/lib/swift/libswiftRegexBuilder.dylib
0x0000000198865000 	/usr/lib/libIOReport.dylib
0x00000001e35d2000 	/System/Library/PrivateFrameworks/WiFiPeerToPeer.framework/Versions/A/WiFiPeerToPeer
0x00000001962b5000 	/System/Library/Frameworks/SecurityFoundation.framework/Versions/A/SecurityFoundation
0x000000023f3b9000 	/System/Library/PrivateFrameworks/Centauri.framework/Versions/A/Centauri
0x00000001884cb000 	/System/Library/PrivateFrameworks/Lexicon.framework/Versions/A/Lexicon
0x000000028bf06000 	/usr/lib/libmrc.dylib
0x00000002565bf000 	/System/Library/PrivateFrameworks/IPConfiguration.framework/Versions/A/IPConfiguration
0x00000001d71ee000 	/System/Library/PrivateFrameworks/Netrb.framework/Versions/A/Netrb
0x000000019641e000 	/usr/lib/libgermantok.dylib
0x0000000194e79000 	/System/Library/PrivateFrameworks/LinguisticData.framework/Versions/A/LinguisticData
0x00000001a127d000 	/System/Library/PrivateFrameworks/MediaKit.framework/Versions/A/MediaKit
0x00000001a11cb000 	/System/Library/Frameworks/DiscRecording.framework/Versions/A/DiscRecording
0x0000000198ae0000 	/usr/lib/libheimdal-asn1.dylib
0x00000001a4d81000 	/System/Library/Frameworks/AudioUnit.framework/Versions/A/AudioUnit
0x0000000191a37000 	/System/Library/Frameworks/OpenDirectory.framework/Versions/A/OpenDirectory
0x0000000191a45000 	/System/Library/Frameworks/OpenDirectory.framework/Versions/A/Frameworks/CFOpenDirectory.framework/Versions/A/CFOpenDirectory
0x000000019dd6a000 	/System/Library/PrivateFrameworks/GeoServices.framework/Versions/A/GeoServices
0x000000019b799000 	/System/Library/PrivateFrameworks/LocationSupport.framework/Versions/A/LocationSupport
0x00000002532f1000 	/System/Library/PrivateFrameworks/GeoServicesCore.framework/Versions/A/GeoServicesCore
0x00000001adf2f000 	/System/Library/PrivateFrameworks/PhoneNumbers.framework/Versions/A/PhoneNumbers
0x000000025ba05000 	/System/Library/PrivateFrameworks/LocationLogEncryption.framework/Versions/A/LocationLogEncryption
0x000000022d8a5000 	/System/Library/Frameworks/AVFAudio.framework/Versions/A/AVFAudio
0x000000022d9e9000 	/System/Library/Frameworks/AVRouting.framework/Versions/A/AVRouting
0x00000001ae047000 	/usr/lib/libAccessibility.dylib
0x000000025a3ef000 	/System/Library/PrivateFrameworks/IsolatedCoreAudioClient.framework/Versions/A/IsolatedCoreAudioClient
0x0000000242b68000 	/System/Library/PrivateFrameworks/CoreAudioOrchestration.framework/Versions/A/CoreAudioOrchestration
0x000000019a130000 	/System/Library/Frameworks/MediaToolbox.framework/Versions/A/MediaToolbox
0x00000001a13a3000 	/System/Library/PrivateFrameworks/CoreAVCHD.framework/Versions/A/CoreAVCHD
0x00000001a02d2000 	/System/Library/Frameworks/MediaAccessibility.framework/Versions/A/MediaAccessibility
0x00000001a139f000 	/System/Library/PrivateFrameworks/Mangrove.framework/Versions/A/Mangrove
0x000000023e9f5000 	/System/Library/PrivateFrameworks/CMPhoto.framework/Versions/A/CMPhoto
0x00000001a1b6c000 	/System/Library/Frameworks/CoreTelephony.framework/Versions/A/CoreTelephony
0x00000001a1392000 	/System/Library/PrivateFrameworks/CoreAUC.framework/Versions/A/CoreAUC
0x000000023bb13000 	/System/Library/PrivateFrameworks/AppleJPEGXL.framework/Versions/A/AppleJPEGXL
0x000000019c09a000 	/usr/lib/libTelephonyUtilDynamic.dylib
0x00000001de15c000 	/System/Library/Frameworks/CryptoKit.framework/Versions/A/CryptoKit
0x00000001a4d7c000 	/System/Library/PrivateFrameworks/CryptoKitCBridging.framework/Versions/A/CryptoKitCBridging
0x00000001a222a000 	/System/Library/Frameworks/CryptoTokenKit.framework/Versions/A/CryptoTokenKit
0x00000002478a1000 	/System/Library/PrivateFrameworks/Dendrite.framework/Versions/A/Dendrite
0x00000001b4d40000 	/System/Library/Frameworks/NaturalLanguage.framework/Versions/A/NaturalLanguage
0x00000001e355a000 	/usr/lib/swift/libswiftNaturalLanguage.dylib
0x000000023c68b000 	/System/Library/PrivateFrameworks/AppleMobileFileIntegrity.framework/Versions/A/AppleMobileFileIntegrity
0x000000028b02b000 	/usr/lib/libTLE.dylib
0x00000001b513f000 	/usr/lib/libmis.dylib
0x00000001ecc84000 	/System/Library/PrivateFrameworks/ConfigProfileHelper.framework/Versions/A/ConfigProfileHelper
0x00000001a4f0b000 	/System/Library/PrivateFrameworks/Espresso.framework/Versions/A/Espresso
0x00000001921c6000 	/System/Library/Frameworks/CoreML.framework/Versions/A/CoreML
0x00000001e140f000 	/usr/lib/libedit.3.dylib
0x000000022a6b4000 	/System/Library/PrivateFrameworks/ANECompiler.framework/Versions/A/ANECompiler
0x00000001a6fce000 	/System/Library/PrivateFrameworks/AppleNeuralEngine.framework/Versions/A/AppleNeuralEngine
0x000000025bb23000 	/System/Library/PrivateFrameworks/MIL.framework/Versions/A/MIL
0x0000000231659000 	/System/Library/Frameworks/MetalPerformanceShadersGraph.framework/Versions/A/MetalPerformanceShadersGraph
0x000000025c292000 	/System/Library/PrivateFrameworks/MLCompilerServices.framework/Versions/A/MLCompilerServices
0x00000001a5d5d000 	/System/Library/PrivateFrameworks/ANEServices.framework/Versions/A/ANEServices
0x00000001ba3fb000 	/usr/lib/libncurses.5.4.dylib
0x000000018b684000 	/usr/lib/libsandbox.1.dylib
0x0000000198a06000 	/usr/lib/libMatch.1.dylib
0x0000000265b34000 	/System/Library/PrivateFrameworks/ODIE.framework/Versions/A/ODIE
0x000000025ef1f000 	/System/Library/PrivateFrameworks/MLModelAsset.framework/Versions/A/MLModelAsset
0x000000025c238000 	/System/Library/PrivateFrameworks/MLCompilerRuntime.framework/Versions/A/MLCompilerRuntime
0x00000001966e1000 	/System/Library/Frameworks/MLCompute.framework/Versions/A/MLCompute
0x000000025c1ba000 	/System/Library/PrivateFrameworks/MLAssetIO.framework/Versions/A/MLAssetIO
0x000000028c760000 	/usr/lib/swift/libswiftMLCompute.dylib
0x00000001a1d8a000 	/System/Library/PrivateFrameworks/AVFCore.framework/Versions/A/AVFCore
0x00000001ab665000 	/System/Library/PrivateFrameworks/AVFCapture.framework/Versions/A/AVFCapture
0x000000023e7a5000 	/System/Library/PrivateFrameworks/CMImaging.framework/Versions/A/CMImaging
0x00000001ab93b000 	/System/Library/PrivateFrameworks/Quagga.framework/Versions/A/Quagga
0x00000001aba6c000 	/System/Library/PrivateFrameworks/CMCapture.framework/Versions/A/CMCapture
0x000000019bc24000 	/System/Library/Frameworks/CoreMediaIO.framework/Versions/A/CoreMediaIO
0x000000023e6d9000 	/System/Library/PrivateFrameworks/CMCaptureDevice.framework/Versions/A/CMCaptureDevice
0x0000000198e75000 	/System/Library/PrivateFrameworks/CoreBrightness.framework/Versions/A/CoreBrightness
0x000000023f8b0000 	/System/Library/PrivateFrameworks/CinematicFraming.framework/Versions/A/CinematicFraming
0x000000026201b000 	/System/Library/PrivateFrameworks/ModelManagerServices.framework/Versions/A/ModelManagerServices
0x00000001cfc4c000 	/System/Library/PrivateFrameworks/CPMS.framework/Versions/A/CPMS
0x00000002798bd000 	/System/Library/PrivateFrameworks/SystemStatus.framework/Versions/A/SystemStatus
0x00000001b3b6e000 	/System/Library/Frameworks/CoreMotion.framework/Versions/A/CoreMotion
0x00000001c4161000 	/System/Library/PrivateFrameworks/TimeSync.framework/Versions/A/TimeSync
0x0000000248267000 	/System/Library/PrivateFrameworks/DistributedSensing.framework/Versions/A/DistributedSensing
0x00000001bf548000 	/System/Library/PrivateFrameworks/MobileBluetooth.framework/Versions/A/MobileBluetooth
0x00000001c5e21000 	/System/Library/PrivateFrameworks/IOKitten.framework/Versions/A/IOKitten
0x000000023b98d000 	/System/Library/PrivateFrameworks/AppleIntelligenceReporting.framework/Versions/A/AppleIntelligenceReporting
0x0000000196028000 	/System/Library/PrivateFrameworks/CoreEmoji.framework/Versions/A/CoreEmoji
0x00000001887dd000 	/usr/lib/libCRFSuite.dylib
0x0000000189abe000 	/System/Library/PrivateFrameworks/LanguageModeling.framework/Versions/A/LanguageModeling
0x0000000194d59000 	/System/Library/PrivateFrameworks/CoreNLP.framework/Versions/A/CoreNLP
0x000000018ea38000 	/System/Library/PrivateFrameworks/Montreal.framework/Versions/A/Montreal
0x0000000197198000 	/usr/lib/libcmph.dylib
0x00000001963bf000 	/usr/lib/libmecab.dylib
0x0000000197309000 	/usr/lib/libThaiTokenizer.dylib
0x00000002530d6000 	/System/Library/PrivateFrameworks/GenerativeModelsFoundation.framework/Versions/A/GenerativeModelsFoundation
0x000000027c691000 	/System/Library/PrivateFrameworks/TokenGeneration.framework/Versions/A/TokenGeneration
0x0000000252eaa000 	/System/Library/PrivateFrameworks/GenerativeFunctions.framework/Versions/A/GenerativeFunctions
0x0000000252ef8000 	/System/Library/PrivateFrameworks/GenerativeFunctionsFoundation.framework/Versions/A/GenerativeFunctionsFoundation
0x0000000261cdc000 	/System/Library/PrivateFrameworks/ModelCatalog.framework/Versions/A/ModelCatalog
0x000000026eed3000 	/System/Library/PrivateFrameworks/SensitiveContentAnalysisML.framework/Versions/A/SensitiveContentAnalysisML
0x0000000252f8e000 	/System/Library/PrivateFrameworks/GenerativeFunctionsInstrumentation.framework/Versions/A/GenerativeFunctionsInstrumentation
0x000000026bcff000 	/System/Library/PrivateFrameworks/PromptKit.framework/Versions/A/PromptKit
0x000000026b716000 	/System/Library/PrivateFrameworks/ProactiveDaemonSupport.framework/Versions/A/ProactiveDaemonSupport
0x000000027c8c9000 	/System/Library/PrivateFrameworks/TokenGenerationCore.framework/Versions/A/TokenGenerationCore
0x00000001b5c0d000 	/System/Library/PrivateFrameworks/Trial.framework/Versions/A/Trial
0x00000001b5b8e000 	/System/Library/PrivateFrameworks/TrialProto.framework/Versions/A/TrialProto
0x000000023b5b9000 	/System/Library/PrivateFrameworks/AppleFlatBuffers.framework/Versions/A/AppleFlatBuffers
0x000000026f1a3000 	/System/Library/PrivateFrameworks/SentencePieceInternal.framework/Versions/A/SentencePieceInternal
0x00000001a032c000 	/System/Library/Frameworks/Vision.framework/Versions/A/Vision
0x0000000246a12000 	/System/Library/PrivateFrameworks/CoreSceneUnderstanding.framework/Versions/A/CoreSceneUnderstanding
0x000000028150e000 	/System/Library/PrivateFrameworks/VisionCore.framework/Versions/A/VisionCore
0x00000001be4d6000 	/System/Library/Frameworks/Vision.framework/libfaceCore.dylib
0x00000001beff0000 	/System/Library/PrivateFrameworks/Futhark.framework/Versions/A/Futhark
0x00000001c2f35000 	/System/Library/PrivateFrameworks/InertiaCam.framework/Versions/A/InertiaCam
0x00000001bed7d000 	/System/Library/PrivateFrameworks/TextRecognition.framework/Versions/A/TextRecognition
0x00000001988a3000 	/System/Library/PrivateFrameworks/CVNLP.framework/Versions/A/CVNLP
0x00000001db545000 	/System/Library/PrivateFrameworks/HIDDisplay.framework/Versions/A/HIDDisplay
0x0000000199c14000 	/System/Library/Frameworks/ApplicationServices.framework/Versions/A/Frameworks/ATSUI.framework/Versions/A/ATSUI
0x000000019be08000 	/usr/lib/libcups.2.dylib
0x000000019be9e000 	/System/Library/Frameworks/Kerberos.framework/Versions/A/Kerberos
0x000000019bb0f000 	/usr/lib/libresolv.9.dylib
0x0000000198d90000 	/System/Library/PrivateFrameworks/Heimdal.framework/Versions/A/Heimdal
0x00000001a4d80000 	/System/Library/Frameworks/Kerberos.framework/Versions/A/Libraries/libHeimdalProxy.dylib
0x000000019bf02000 	/System/Library/PrivateFrameworks/CommonAuth.framework/Versions/A/CommonAuth
0x00000001adf3b000 	/System/Library/PrivateFrameworks/AXCoreUtilities.framework/Versions/A/AXCoreUtilities
0x000000028ab2c000 	/usr/lib/libAXSafeCategoryBundle.dylib
0x00000002359e7000 	/System/Library/Frameworks/TabularData.framework/Versions/A/TabularData
0x000000023c83b000 	/System/Library/PrivateFrameworks/ArgumentParserInternal.framework/Versions/A/ArgumentParserInternal
0x0000000195eea000 	/System/Library/Frameworks/Accelerate.framework/Versions/A/Frameworks/vecLib.framework/Versions/A/libvDSP.dylib
0x0000000197458000 	/System/Library/Frameworks/Accelerate.framework/Versions/A/Frameworks/vecLib.framework/Versions/A/libLAPACK.dylib
0x0000000196421000 	/System/Library/Frameworks/Accelerate.framework/Versions/A/Frameworks/vecLib.framework/Versions/A/libLinearAlgebra.dylib
0x000000019734f000 	/System/Library/Frameworks/Accelerate.framework/Versions/A/Frameworks/vecLib.framework/Versions/A/libSparseBLAS.dylib
0x0000000197453000 	/System/Library/Frameworks/Accelerate.framework/Versions/A/Frameworks/vecLib.framework/Versions/A/libQuadrature.dylib
0x0000000194e80000 	/System/Library/Frameworks/Accelerate.framework/Versions/A/Frameworks/vecLib.framework/Versions/A/libBNNS.dylib
0x00000001885db000 	/System/Library/Frameworks/Accelerate.framework/Versions/A/Frameworks/vecLib.framework/Versions/A/libSparse.dylib
0x000000019be67000 	/System/Library/PrivateFrameworks/NetAuth.framework/Versions/A/NetAuth
0x0000000191c5b000 	/System/Library/PrivateFrameworks/login.framework/Versions/A/Frameworks/loginsupport.framework/Versions/A/loginsupport
0x0000000196389000 	/usr/lib/libCheckFix.dylib
0x0000000190dfd000 	/System/Library/PrivateFrameworks/MetadataUtilities.framework/Versions/A/MetadataUtilities
0x0000000257046000 	/System/Library/PrivateFrameworks/InstalledContentLibrary.framework/Versions/A/InstalledContentLibrary
0x000000018b548000 	/System/Library/PrivateFrameworks/CoreServicesStore.framework/Versions/A/CoreServicesStore
0x00000001c8a79000 	/System/Library/PrivateFrameworks/MobileSystemServices.framework/Versions/A/MobileSystemServices
0x0000000198728000 	/usr/lib/libxslt.1.dylib
0x0000000196348000 	/System/Library/PrivateFrameworks/BackgroundTaskManagement.framework/Versions/A/BackgroundTaskManagement
0x00000001a4412000 	/usr/lib/libcurl.4.dylib
0x000000028b86a000 	/usr/lib/libcrypto.46.dylib
0x000000028c409000 	/usr/lib/libssl.48.dylib
0x00000001a40ec000 	/System/Library/Frameworks/LDAP.framework/Versions/A/LDAP
0x00000001a4128000 	/System/Library/PrivateFrameworks/TrustEvaluationAgent.framework/Versions/A/TrustEvaluationAgent
0x000000019bb2c000 	/usr/lib/libsasl2.2.dylib
0x00000001b2040000 	/usr/lib/swift/libswiftCoreGraphics.dylib
0x00000001a09c6000 	/usr/lib/swift/libswiftFoundation.dylib
0x00000001ec628000 	/usr/lib/swift/libswiftSwiftOnoneSupport.dylib
0x000000028cab7000 	/usr/lib/swift/libswiftsys_time.dylib
0x00000001d722c000 	/System/Library/PrivateFrameworks/CoreMaterial.framework/Versions/A/CoreMaterial
0x000000028b028000 	/usr/lib/libSpatial.dylib
0x000000028aa48000 	/System/Library/SubFrameworks/UIUtilities.framework/Versions/A/UIUtilities
0x0000000106164000 	/Library/Java/JavaVirtualMachines/jdk-17.jdk/Contents/Home/lib/server/libjvm.dylib
0x0000000104dd4000 	/Library/Java/JavaVirtualMachines/jdk-17.jdk/Contents/Home/lib/libjimage.dylib
0x0000000104e5c000 	/Library/Java/JavaVirtualMachines/jdk-17.jdk/Contents/Home/lib/libjava.dylib
0x00000001050f0000 	/Library/Java/JavaVirtualMachines/jdk-17.jdk/Contents/Home/lib/libnio.dylib
0x0000000105134000 	/Library/Java/JavaVirtualMachines/jdk-17.jdk/Contents/Home/lib/libnet.dylib
0x0000000105180000 	/Library/Java/JavaVirtualMachines/jdk-17.jdk/Contents/Home/lib/libzip.dylib
0x0000000150000000 	/private/var/folders/qs/1z8n9dmd7zzb94z08tkj426h0000gn/T/opencv_openpnp3044487361958899266/nu/pattern/opencv/osx/ARMv8/libopencv_java490.dylib
0x000000022d6a5000 	/System/Library/Frameworks/OpenCL.framework/Versions/A/OpenCL
0x0000000198e51000 	/System/Library/PrivateFrameworks/login.framework/Versions/A/login
0x00000001acfdf000 	/System/Library/PrivateFrameworks/CloudServices.framework/Versions/A/CloudServices
0x0000000196b5d000 	/System/Library/PrivateFrameworks/AuthKit.framework/Versions/A/AuthKit
0x000000019bb3f000 	/System/Library/PrivateFrameworks/MultiverseSupport.framework/Versions/A/MultiverseSupport
0x00000001a12af000 	/System/Library/PrivateFrameworks/DiskManagement.framework/Versions/A/DiskManagement
0x00000001a11be000 	/System/Library/PrivateFrameworks/AppleIDAuthSupport.framework/Versions/A/AppleIDAuthSupport
0x000000023727f000 	/System/Library/PrivateFrameworks/AAAFoundation.framework/Versions/A/AAAFoundation
0x000000019c047000 	/System/Library/PrivateFrameworks/KeychainCircle.framework/Versions/A/KeychainCircle
0x00000001adf31000 	/System/Library/PrivateFrameworks/URLFormatting.framework/Versions/A/URLFormatting
0x00000001a4406000 	/usr/lib/libcsfde.dylib
0x0000000198a0e000 	/usr/lib/libCoreStorage.dylib
0x000000019da98000 	/System/Library/PrivateFrameworks/ProtectedCloudStorage.framework/Versions/A/ProtectedCloudStorage
0x00000001a4401000 	/System/Library/PrivateFrameworks/EFILogin.framework/Versions/A/EFILogin
0x00000001a15cf000 	/System/Library/PrivateFrameworks/OctagonTrust.framework/Versions/A/OctagonTrust
0x00000001a22ac000 	/System/Library/Frameworks/LocalAuthentication.framework/Versions/A/LocalAuthentication
0x000000025b7b8000 	/System/Library/PrivateFrameworks/LocalAuthenticationCore.framework/Versions/A/LocalAuthenticationCore
0x000000025b980000 	/System/Library/PrivateFrameworks/LocalAuthenticationCredentialServices.framework/Versions/A/LocalAuthenticationCredentialServices
0x00000001a2319000 	/System/Library/Frameworks/LocalAuthentication.framework/Support/SharedUtils.framework/Versions/A/SharedUtils
0x0000000120270000 	/System/Library/Frameworks/CoreMediaIO.framework/Versions/A/Resources/BaseUnits/CMIOBaseUnits.bundle/Contents/MacOS/CMIOBaseUnits
0x000000026a3e0000 	/System/Library/PrivateFrameworks/Portrait.framework/Versions/A/Portrait
0x000000023b350000 	/System/Library/PrivateFrameworks/AppleDepth.framework/Versions/A/AppleDepth
0x000000024a291000 	/System/Library/PrivateFrameworks/FusionTracker.framework/Versions/A/FusionTracker
0x000000023b4cd000 	/System/Library/PrivateFrameworks/AppleDepthCore.framework/Versions/A/AppleDepthCore
0x00000001d6bd2000 	/System/Library/PrivateFrameworks/DiagnosticRequest.framework/Versions/A/DiagnosticRequest
0x0000000120124000 	/System/Library/Frameworks/CoreMediaIO.framework/Versions/A/Resources/CMIOUnits.bundle/Contents/MacOS/CMIOUnits
0x00000001c8569000 	/System/Library/PrivateFrameworks/FWAVC.framework/Versions/A/FWAVC
0x00000001b3b6d000 	/System/Library/Frameworks/Carbon.framework/Versions/A/Carbon
0x00000001a9a84000 	/System/Library/Frameworks/Carbon.framework/Versions/A/Frameworks/CommonPanels.framework/Versions/A/CommonPanels
0x00000001a43fd000 	/System/Library/Frameworks/Carbon.framework/Versions/A/Frameworks/Help.framework/Versions/A/Help
0x00000001a9a88000 	/System/Library/Frameworks/Carbon.framework/Versions/A/Frameworks/ImageCapture.framework/Versions/A/ImageCapture
0x00000001a9a63000 	/System/Library/Frameworks/Carbon.framework/Versions/A/Frameworks/OpenScripting.framework/Versions/A/OpenScripting
0x00000001a9a83000 	/System/Library/Frameworks/Carbon.framework/Versions/A/Frameworks/Ink.framework/Versions/A/Ink
0x00000001a9a80000 	/System/Library/Frameworks/Carbon.framework/Versions/A/Frameworks/SecurityHI.framework/Versions/A/SecurityHI
0x000000028ae9c000 	/usr/lib/libInterpreterSecurity.dylib
0x00000001ca7f7000 	/System/Library/PrivateFrameworks/XprotectFramework.framework/Versions/A/XprotectFramework
0x00000001ad34b000 	/System/Library/PrivateFrameworks/yara.framework/Versions/A/yara
0x000000028ae19000 	/usr/lib/libEndpointSecuritySystem.dylib
0x000000015394c000 	/System/Library/Components/AudioCodecs.component/Contents/MacOS/AudioCodecs
0x0000000152d44000 	/System/Library/Extensions/AGXMetalG14G.bundle/Contents/MacOS/AGXMetalG14G
0x00000001ad03e000 	/System/Library/PrivateFrameworks/IOGPU.framework/Versions/A/IOGPU
0x0000000156950000 	/Library/Java/JavaVirtualMachines/jdk-17.jdk/Contents/Home/lib/libawt.dylib
0x0000000156a00000 	/Library/Java/JavaVirtualMachines/jdk-17.jdk/Contents/Home/lib/libmlib_image.dylib
0x00000002307b0000 	/System/Library/Frameworks/JavaRuntimeSupport.framework/Versions/A/JavaRuntimeSupport
0x0000000156b90000 	/Library/Java/JavaVirtualMachines/jdk-17.jdk/Contents/Home/lib/libawt_lwawt.dylib
0x00000001568f4000 	/Library/Java/JavaVirtualMachines/jdk-17.jdk/Contents/Home/lib/libosxapp.dylib
0x00000001b20a9000 	/System/Library/Frameworks/ExceptionHandling.framework/Versions/A/ExceptionHandling
0x0000000156edc000 	/Library/Java/JavaVirtualMachines/jdk-17.jdk/Contents/Home/lib/libfontmanager.dylib
0x0000000156cb4000 	/Library/Java/JavaVirtualMachines/jdk-17.jdk/Contents/Home/lib/libfreetype.dylib
0x000000027f63b000 	/System/Library/PrivateFrameworks/VFX.framework/Versions/A/VFX
0x00000001c9336000 	/System/Library/Frameworks/ModelIO.framework/Versions/A/ModelIO
0x000000019db98000 	/System/Library/Frameworks/MetalKit.framework/Versions/A/MetalKit
0x00000002315aa000 	/System/Library/Frameworks/MetalFX.framework/Versions/A/MetalFX
0x00000002409dc000 	/System/Library/PrivateFrameworks/CompositorNonUI.framework/Versions/A/CompositorNonUI
0x000000022d8a4000 	/System/Library/Frameworks/ARKit.framework/Versions/A/ARKit
0x00000001a9a8b000 	/System/Library/Frameworks/JavaScriptCore.framework/Versions/A/JavaScriptCore
0x00000001b79dc000 	/System/Library/Frameworks/SceneKit.framework/Versions/A/SceneKit
0x00000002385b2000 	/System/Library/PrivateFrameworks/ARKitCore.framework/Versions/A/ARKitCore
0x000000028c75c000 	/usr/lib/swift/libswiftGLKit.dylib
0x000000028c768000 	/usr/lib/swift/libswiftMetalKit.dylib
0x000000028c76a000 	/usr/lib/swift/libswiftModelIO.dylib
0x000000028c82d000 	/usr/lib/swift/libswiftSceneKit.dylib
0x000000028ce0a000 	/usr/lib/usd/libusd_ms.dylib
0x000000027e87b000 	/System/Library/PrivateFrameworks/USDLib_FormatLoaderProxy.framework/Versions/A/USDLib_FormatLoaderProxy
0x000000028cab2000 	/usr/lib/swift/libswift_errno.dylib
0x000000028acf5000 	/usr/lib/libDisplayWarpSupport.dylib
0x0000000242caf000 	/System/Library/PrivateFrameworks/CoreComposite.framework/Versions/A/CoreComposite
0x000000028b6fe000 	/usr/lib/libchannel.dylib
0x000000028c37a000 	/usr/lib/librealtime_safety.dylib
0x000000023863e000 	/System/Library/PrivateFrameworks/ARKitFoundation.framework/Versions/A/ARKitFoundation
0x00000001d9023000 	/System/Library/PrivateFrameworks/AppleCVA.framework/Versions/A/AppleCVA
0x00000001a0005000 	/System/Library/PrivateFrameworks/CoreAppleCVA.framework/Versions/A/CoreAppleCVA
0x000000022e64b000 	/System/Library/Frameworks/BrowserEngineCore.framework/Versions/A/BrowserEngineCore
0x000000019ff04000 	/System/Library/Frameworks/GLKit.framework/Versions/A/GLKit
0x000000025fd72000 	/System/Library/PrivateFrameworks/MediaAnalysis.framework/Versions/A/MediaAnalysis
0x0000000237ecd000 	/System/Library/PrivateFrameworks/ANSTKit.framework/Versions/A/ANSTKit
0x00000001ecd07000 	/System/Library/PrivateFrameworks/AXMediaUtilities.framework/Versions/A/AXMediaUtilities
0x0000000196f35000 	/System/Library/Frameworks/CoreSpotlight.framework/Versions/A/CoreSpotlight
0x00000002602bc000 	/System/Library/PrivateFrameworks/MediaAnalysisPhotosServices.framework/Versions/A/MediaAnalysisPhotosServices
0x00000002602c0000 	/System/Library/PrivateFrameworks/MediaAnalysisServices.framework/Versions/A/MediaAnalysisServices
0x00000001b9367000 	/System/Library/PrivateFrameworks/PhotoLibraryServices.framework/Versions/A/PhotoLibraryServices
0x00000001b6190000 	/System/Library/Frameworks/Photos.framework/Versions/A/Photos
0x00000001cb006000 	/System/Library/PrivateFrameworks/PhotosFormats.framework/Versions/A/PhotosFormats
0x00000002690b4000 	/System/Library/PrivateFrameworks/PhotosIntelligence.framework/Versions/A/PhotosIntelligence
0x00000001c3198000 	/System/Library/Frameworks/SoundAnalysis.framework/Versions/A/SoundAnalysis
0x0000000278694000 	/System/Library/PrivateFrameworks/Stickers.framework/Versions/A/Stickers
0x0000000280694000 	/System/Library/PrivateFrameworks/VectorSearch.framework/Versions/A/VectorSearch
0x0000000281c15000 	/System/Library/PrivateFrameworks/VisualLookUp.framework/Versions/A/VisualLookUp
0x0000000282233000 	/System/Library/PrivateFrameworks/VisualUnderstanding.framework/Versions/A/VisualUnderstanding
0x00000001c9a66000 	/System/Library/PrivateFrameworks/AXAssetLoader.framework/Versions/A/AXAssetLoader
0x00000001c7240000 	/System/Library/PrivateFrameworks/CloudPhotoLibrary.framework/Versions/A/CloudPhotoLibrary
0x00000001d0aa7000 	/System/Library/PrivateFrameworks/CloudPhotoServices.framework/Versions/A/CloudPhotoServices
0x00000001a0c8b000 	/System/Library/Frameworks/Contacts.framework/Versions/A/Contacts
0x00000001ccee6000 	/System/Library/PrivateFrameworks/CoreMediaStream.framework/Versions/A/CoreMediaStream
0x00000001a1601000 	/System/Library/PrivateFrameworks/CPAnalytics.framework/Versions/A/CPAnalytics
0x00000001b657f000 	/System/Library/Frameworks/ImageCaptureCore.framework/Versions/A/ImageCaptureCore
0x00000001c926d000 	/System/Library/PrivateFrameworks/MediaConversionService.framework/Versions/A/MediaConversionService
0x00000001a85b1000 	/System/Library/PrivateFrameworks/PhotoFoundation.framework/Versions/A/PhotoFoundation
0x0000000268c10000 	/System/Library/PrivateFrameworks/PhotoLibraryServicesCore.framework/Versions/A/PhotoLibraryServicesCore
0x00000001c2e89000 	/System/Library/PrivateFrameworks/MMCS.framework/Versions/A/MMCS
0x00000001a6831000 	/System/Library/PrivateFrameworks/ChunkingLibrary.framework/Versions/A/ChunkingLibrary
0x00000001a02b2000 	/System/Library/PrivateFrameworks/AssetCacheServices.framework/Versions/A/AssetCacheServices
0x00000001a2327000 	/System/Library/PrivateFrameworks/AVFoundationCF.framework/Versions/A/AVFoundationCF
0x00000001a0aa2000 	/System/Library/PrivateFrameworks/ContactsPersistence.framework/Versions/A/ContactsPersistence
0x000000019fbf6000 	/System/Library/PrivateFrameworks/AppleLDAP.framework/Versions/A/AppleLDAP
0x00000001a47b0000 	/System/Library/Frameworks/ClassKit.framework/Versions/A/ClassKit
0x00000001a6a4d000 	/System/Library/PrivateFrameworks/CoreSuggestions.framework/Versions/A/CoreSuggestions
0x00000001a09c7000 	/System/Library/PrivateFrameworks/ContactsFoundation.framework/Versions/A/ContactsFoundation
0x00000001a21d8000 	/System/Library/PrivateFrameworks/vCard.framework/Versions/A/vCard
0x0000000240d19000 	/System/Library/PrivateFrameworks/ContactsMetrics.framework/Versions/A/ContactsMetrics
0x000000025f9b0000 	/System/Library/PrivateFrameworks/ManagedOrganizationContacts.framework/Versions/A/ManagedOrganizationContacts
0x00000001920f1000 	/System/Library/PrivateFrameworks/CloudDocs.framework/Versions/A/CloudDocs
0x00000001ad8ee000 	/System/Library/PrivateFrameworks/ProactiveEventTracker.framework/Versions/A/ProactiveEventTracker
0x00000001e1445000 	/usr/lib/swift/libswiftDemangle.dylib
0x0000000256678000 	/System/Library/PrivateFrameworks/ImageCaptureDevices.framework/Versions/A/ImageCaptureDevices
0x00000001a0f43000 	/System/Library/PrivateFrameworks/CommunicationsFilter.framework/Versions/A/CommunicationsFilter
0x00000001b4894000 	/System/Library/PrivateFrameworks/MediaStream.framework/Versions/A/MediaStream
0x00000001c975b000 	/System/Library/PrivateFrameworks/NeutrinoCore.framework/Versions/A/NeutrinoCore
0x000000018ec2d000 	/System/Library/PrivateFrameworks/NLP.framework/Versions/A/NLP
0x00000001cf7fc000 	/System/Library/PrivateFrameworks/PhotoImaging.framework/Versions/A/PhotoImaging
0x00000001d0a68000 	/System/Library/PrivateFrameworks/PhotosImagingFoundation.framework/Versions/A/PhotosImagingFoundation
0x00000002697bb000 	/System/Library/PrivateFrameworks/PhotosIntelligenceCore.framework/Versions/A/PhotosIntelligenceCore
0x00000001b666b000 	/System/Library/PrivateFrameworks/ToneLibrary.framework/Versions/A/ToneLibrary
0x00000001a281e000 	/System/Library/PrivateFrameworks/EmbeddedAcousticRecognition.framework/Versions/A/EmbeddedAcousticRecognition
0x00000001be367000 	/System/Library/PrivateFrameworks/EmojiFoundation.framework/Versions/A/EmojiFoundation
0x00000001c74ba000 	/System/Library/PrivateFrameworks/SDAPI.framework/Versions/A/SDAPI
0x000000025a3e4000 	/System/Library/PrivateFrameworks/IsolatedContextLogging.framework/Versions/A/IsolatedContextLogging
0x00000001bf008000 	/System/Library/PrivateFrameworks/DifferentialPrivacy.framework/Versions/A/DifferentialPrivacy
0x000000027f53f000 	/System/Library/PrivateFrameworks/VDAF.framework/Versions/A/VDAF
0x000000024fd01000 	/System/Library/PrivateFrameworks/GRDBInternal.framework/Versions/A/GRDBInternal
0x00000001d0ab6000 	/System/Library/PrivateFrameworks/AutoLoop.framework/Versions/A/AutoLoop
0x0000000269880000 	/System/Library/PrivateFrameworks/PhotosSpatialMediaCore.framework/Versions/A/PhotosSpatialMediaCore
0x00000002329fa000 	/System/Library/Frameworks/MusicKit.framework/Versions/A/MusicKit
0x00000001a73d3000 	/System/Library/PrivateFrameworks/AppleMediaServices.framework/Versions/A/AppleMediaServices
0x0000000249e96000 	/System/Library/PrivateFrameworks/FlexMusicKit.framework/Versions/A/FlexMusicKit
0x0000000263201000 	/System/Library/PrivateFrameworks/MusicKitInternal.framework/Versions/A/MusicKitInternal
0x00000001b51c5000 	/usr/lib/swift/libswiftIntents.dylib
0x000000025f4a6000 	/System/Library/PrivateFrameworks/MXI.framework/Versions/A/MXI
0x000000027e527000 	/System/Library/PrivateFrameworks/USDKit.framework/Versions/A/USDKit
0x000000027e87c000 	/System/Library/PrivateFrameworks/USDObjCKit.framework/Versions/A/USDObjCKit
0x00000001b6e55000 	/System/Library/PrivateFrameworks/iTunesCloud.framework/Versions/A/iTunesCloud
0x00000002796b5000 	/System/Library/PrivateFrameworks/Symptoms.framework/Versions/A/Frameworks/SymptomPresentationFeed.framework/Versions/A/SymptomPresentationFeed
0x00000001c0290000 	/System/Library/PrivateFrameworks/DAAPKit.framework/Versions/A/DAAPKit
0x00000002793f0000 	/System/Library/PrivateFrameworks/SymptomShared.framework/Versions/A/SymptomShared
0x000000019bbee000 	/System/Library/PrivateFrameworks/CoreFollowUp.framework/Versions/A/CoreFollowUp
0x00000001a02eb000 	/System/Library/PrivateFrameworks/SystemAdministration.framework/Versions/A/SystemAdministration
0x000000023bd8d000 	/System/Library/PrivateFrameworks/AppleMediaServicesKitInternal.framework/Versions/A/AppleMediaServicesKitInternal
0x000000019fbca000 	/System/Library/Frameworks/DirectoryService.framework/Versions/A/DirectoryService
0x00000001a4493000 	/System/Library/PrivateFrameworks/LoginUIKit.framework/Versions/A/Frameworks/LoginUICore.framework/Versions/A/LoginUICore
0x00000001990a2000 	/usr/lib/libodfde.dylib
0x00000001b8016000 	/System/Library/PrivateFrameworks/MusicLibrary.framework/Versions/A/MusicLibrary
0x000000019ffdd000 	/usr/lib/libCTGreenTeaLogger.dylib
0x00000002345e7000 	/System/Library/Frameworks/ShazamKit.framework/Versions/A/ShazamKit
0x000000026f96c000 	/System/Library/PrivateFrameworks/ShazamCore.framework/Versions/A/ShazamCore
0x0000000278663000 	/System/Library/PrivateFrameworks/Stickers.framework/Support/RecencyService.framework/Versions/A/RecencyService
0x0000000240267000 	/System/Library/PrivateFrameworks/Coherence.framework/Versions/A/Coherence
0x0000000278693000 	/System/Library/PrivateFrameworks/Stickers.framework/Support/ServiceShared.framework/Versions/A/ServiceShared
0x000000023f8ff000 	/System/Library/PrivateFrameworks/CipherML.framework/Versions/A/CipherML
0x0000000267825000 	/System/Library/PrivateFrameworks/PegasusAPI.framework/Versions/A/PegasusAPI
0x0000000268640000 	/System/Library/PrivateFrameworks/PegasusKit.framework/Versions/A/PegasusKit
0x00000001b1c75000 	/System/Library/PrivateFrameworks/CoreParsec.framework/Versions/A/CoreParsec
0x00000001b5cb7000 	/System/Library/PrivateFrameworks/SearchFoundation.framework/Versions/A/SearchFoundation
0x0000000250061000 	/System/Library/PrivateFrameworks/GRPCCoreInternal.framework/Versions/A/GRPCCoreInternal
0x0000000250110000 	/System/Library/PrivateFrameworks/GRPCProtobufInternal.framework/Versions/A/GRPCProtobufInternal
0x00000002791e4000 	/System/Library/PrivateFrameworks/SwiftSQLite.framework/Versions/A/SwiftSQLite
0x00000002685e1000 	/System/Library/PrivateFrameworks/PegasusConfiguration.framework/Versions/A/PegasusConfiguration
0x000000025013a000 	/System/Library/PrivateFrameworks/GRPCURLSessionTransportInternal.framework/Versions/A/GRPCURLSessionTransportInternal
0x00000001a15a8000 	/System/Library/PrivateFrameworks/GenerationalStorage.framework/Versions/A/GenerationalStorage
0x000000019bff8000 	/System/Library/PrivateFrameworks/CacheDelete.framework/Versions/A/CacheDelete
0x00000001a4ebd000 	/System/Library/Frameworks/QuickLookThumbnailing.framework/Versions/A/QuickLookThumbnailing
0x00000001a13d1000 	/System/Library/Frameworks/FileProvider.framework/Versions/A/FileProvider
0x000000018cfd7000 	/System/Library/PrivateFrameworks/DesktopServicesPriv.framework/Versions/A/DesktopServicesPriv
0x000000023d31a000 	/System/Library/PrivateFrameworks/BackgroundSystemTasks.framework/Versions/A/BackgroundSystemTasks
0x00000001a4dca000 	/System/Library/PrivateFrameworks/DuetActivityScheduler.framework/Versions/A/DuetActivityScheduler
0x00000001b4c0e000 	/System/Library/PrivateFrameworks/FTServices.framework/Versions/A/FTServices
0x0000000279400000 	/System/Library/PrivateFrameworks/Symptoms.framework/Versions/A/Frameworks/SymptomAnalytics.framework/Versions/A/SymptomAnalytics
0x00000001a34e4000 	/System/Library/PrivateFrameworks/CoreDuetContext.framework/Versions/A/CoreDuetContext
0x000000018d281000 	/System/Library/PrivateFrameworks/CoreDuet.framework/Versions/A/CoreDuet
0x00000001935ab000 	/System/Library/Frameworks/CoreLocation.framework/Versions/A/CoreLocation
0x00000001a353b000 	/System/Library/Frameworks/Intents.framework/Versions/A/Intents
0x00000001a7ed2000 	/System/Library/PrivateFrameworks/MediaRemote.framework/Versions/A/MediaRemote
0x00000001bbadb000 	/usr/lib/swift/libswiftCoreLocation.dylib
0x000000019d5b9000 	/System/Library/PrivateFrameworks/Sharing.framework/Versions/A/Sharing
0x000000019cf3d000 	/System/Library/PrivateFrameworks/IDSFoundation.framework/Versions/A/IDSFoundation
0x00000001a3bb6000 	/System/Library/PrivateFrameworks/Apple80211.framework/Versions/A/Apple80211
0x0000000196096000 	/System/Library/Frameworks/CoreWLAN.framework/Versions/A/CoreWLAN
0x000000019b720000 	/System/Library/PrivateFrameworks/IMFoundation.framework/Versions/A/IMFoundation
0x00000001ad34a000 	/System/Library/PrivateFrameworks/Marco.framework/Versions/A/Marco
0x000000018f3a1000 	/System/Library/PrivateFrameworks/CommonUtilities.framework/Versions/A/CommonUtilities
0x00000001a9a4b000 	/System/Library/PrivateFrameworks/Engram.framework/Versions/A/Engram
0x000000028537a000 	/System/Library/PrivateFrameworks/XPCDistributed.framework/Versions/A/XPCDistributed
0x00000001a99e9000 	/usr/lib/libtidy.A.dylib
0x00000001990a4000 	/System/Library/PrivateFrameworks/Bom.framework/Versions/A/Bom
0x000000019bb4c000 	/usr/lib/libParallelCompression.dylib
0x00000001ad1a4000 	/System/Library/PrivateFrameworks/MediaServices.framework/Versions/A/MediaServices
0x000000019cd17000 	/System/Library/PrivateFrameworks/IDS.framework/Versions/A/IDS
0x0000000198cff000 	/System/Library/PrivateFrameworks/PersistentConnection.framework/Versions/A/PersistentConnection
0x000000027784a000 	/System/Library/PrivateFrameworks/SonicFoundation.framework/Versions/A/SonicFoundation
0x000000023caf6000 	/System/Library/PrivateFrameworks/AsyncAlgorithmsInternal.framework/Versions/A/AsyncAlgorithmsInternal
0x00000001c3bca000 	/System/Library/PrivateFrameworks/FTAWD.framework/Versions/A/FTAWD
0x00000001b4bf4000 	/System/Library/PrivateFrameworks/FeatureFlagsSupport.framework/Versions/A/FeatureFlagsSupport
0x00000001a4e45000 	/System/Library/PrivateFrameworks/IntentsFoundation.framework/Versions/A/IntentsFoundation
0x0000000191c5e000 	/System/Library/PrivateFrameworks/ApplePushService.framework/Versions/A/ApplePushService
0x0000000191cc9000 	/System/Library/Frameworks/CloudKit.framework/Versions/A/CloudKit
0x00000001a5f18000 	/System/Library/PrivateFrameworks/CoreDuetDaemonProtocol.framework/Versions/A/CoreDuetDaemonProtocol
0x00000001cbc04000 	/System/Library/PrivateFrameworks/DeviceIdentity.framework/Versions/A/DeviceIdentity
0x00000002345c9000 	/System/Library/Frameworks/SharedWithYouCore.framework/Versions/A/SharedWithYouCore
0x00000002401a7000 	/System/Library/PrivateFrameworks/CloudTelemetry.framework/Versions/A/CloudTelemetry
0x00000001a4878000 	/System/Library/PrivateFrameworks/AppleAccount.framework/Versions/A/AppleAccount
0x00000001a4e60000 	/System/Library/PrivateFrameworks/C2.framework/Versions/A/C2
0x000000023fdfb000 	/System/Library/PrivateFrameworks/CloudCoreInternal.framework/Versions/A/CloudCoreInternal
0x000000023fb62000 	/System/Library/PrivateFrameworks/CloudAsset.framework/Versions/A/CloudAsset
0x00000001a4e56000 	/System/Library/Frameworks/PushKit.framework/Versions/A/PushKit
0x00000002401cc000 	/System/Library/PrivateFrameworks/CloudTelemetryTools.framework/Versions/A/CloudTelemetryTools
0x00000002401bd000 	/System/Library/PrivateFrameworks/CloudTelemetryShared.dylib
0x00000001a6d24000 	/System/Library/PrivateFrameworks/RTCReporting.framework/Versions/A/RTCReporting
0x00000002372a2000 	/System/Library/PrivateFrameworks/AAAFoundationSwift.framework/Versions/A/AAAFoundationSwift
0x00000001a4afe000 	/System/Library/PrivateFrameworks/AppleIDSSOAuthentication.framework/Versions/A/AppleIDSSOAuthentication
0x0000000247291000 	/System/Library/PrivateFrameworks/CryptoKitPrivate.framework/Versions/A/CryptoKitPrivate
0x000000019637a000 	/System/Library/Frameworks/ServiceManagement.framework/Versions/A/ServiceManagement
0x00000001918f8000 	/System/Library/PrivateFrameworks/ViewBridge.framework/Versions/A/ViewBridge
0x000000022db7a000 	/System/Library/Frameworks/AppIntents.framework/Versions/A/AppIntents
0x000000023413f000 	/System/Library/Frameworks/RelevanceKit.framework/Versions/A/RelevanceKit
0x000000025b57a000 	/System/Library/PrivateFrameworks/LinkServices.framework/Versions/A/LinkServices
0x000000023a204000 	/System/Library/PrivateFrameworks/AppIntentsTypeSupport.framework/Versions/A/AppIntentsTypeSupport
0x0000000248363000 	/System/Library/PrivateFrameworks/DoNotDisturb.framework/Versions/A/DoNotDisturb
0x000000025b3c8000 	/System/Library/PrivateFrameworks/LinkMetadata.framework/Versions/A/LinkMetadata
0x00000001ba555000 	/System/Library/PrivateFrameworks/IntentsCore.framework/Versions/A/IntentsCore
0x000000023d14b000 	/System/Library/PrivateFrameworks/AvailabilityKit.framework/Versions/A/AvailabilityKit
0x0000000239de7000 	/System/Library/PrivateFrameworks/AppIntentSchemas.framework/Versions/A/AppIntentSchemas
0x000000022fcc7000 	/System/Library/Frameworks/GeoToolbox.framework/Versions/A/GeoToolbox
0x0000000278420000 	/System/Library/PrivateFrameworks/StatusKit.framework/Versions/A/StatusKit
0x0000000126ee8000 	/usr/lib/libobjc-trampolines.dylib
0x00000001bf0f0000 	/System/Library/CoreServices/RawCamera.bundle/Contents/MacOS/RawCamera
0x0000000236855000 	/System/Library/Frameworks/_AppIntents_AppKit.framework/Versions/A/_AppIntents_AppKit
0x00000001bbac0000 	/System/Library/Frameworks/Accelerate.framework/Versions/A/Frameworks/vImage.framework/Versions/A/Libraries/libCGInterfaces.dylib
0x000000028ab30000 	/usr/lib/libAccessibilityBaseImplementations.dylib
0x0000000284e79000 	/System/Library/PrivateFrameworks/WritingToolsUI.framework/Versions/A/WritingToolsUI
0x0000000252cc5000 	/System/Library/PrivateFrameworks/GenerativeAssistantSettings.framework/Versions/A/GenerativeAssistantSettings
0x000000027a197000 	/System/Library/PrivateFrameworks/TextComposer.framework/Versions/A/TextComposer
0x0000000252c98000 	/System/Library/PrivateFrameworks/GenerativeAssistantCommon.framework/Versions/A/GenerativeAssistantCommon
0x00000001bcbd7000 	/System/Library/Frameworks/SwiftUI.framework/Versions/A/SwiftUI
0x0000000239b04000 	/System/Library/PrivateFrameworks/Anvil.framework/Versions/A/Anvil
0x000000025314c000 	/System/Library/PrivateFrameworks/GenerativePartnerService.framework/Versions/A/GenerativePartnerService
0x0000000253177000 	/System/Library/PrivateFrameworks/GenerativePartnerServiceUI.framework/Versions/A/GenerativePartnerServiceUI
0x00000001b4dba000 	/System/Library/Frameworks/SafariServices.framework/Versions/A/SafariServices
0x00000001b2139000 	/System/Library/Frameworks/WebKit.framework/Versions/A/WebKit
0x0000000236894000 	/System/Library/Frameworks/_AuthenticationServices_SwiftUI.framework/Versions/A/_AuthenticationServices_SwiftUI
0x00000001bc155000 	/System/Library/PrivateFrameworks/AppStoreDaemon.framework/Versions/A/AppStoreDaemon
0x00000001b8361000 	/System/Library/PrivateFrameworks/AppleMediaServicesUI.framework/Versions/A/AppleMediaServicesUI
0x00000001ebb82000 	/System/Library/PrivateFrameworks/JetEngine.framework/Versions/A/JetEngine
0x00000001b5a9e000 	/System/Library/PrivateFrameworks/OnBoardingKit.framework/Versions/A/OnBoardingKit
0x000000026f4e4000 	/System/Library/PrivateFrameworks/Settings.framework/Versions/A/Settings
0x000000022f549000 	/System/Library/Frameworks/ExtensionKit.framework/Versions/A/ExtensionKit
0x000000022f58c000 	/System/Library/Frameworks/FSKit.framework/Versions/A/FSKit
0x000000027a073000 	/System/Library/PrivateFrameworks/TextAnimationSupport.framework/Versions/A/TextAnimationSupport
0x000000026c5c5000 	/System/Library/PrivateFrameworks/RecapPerformanceTesting.framework/Versions/A/RecapPerformanceTesting
0x00000001b5a8e000 	/System/Library/PrivateFrameworks/SignpostCollection.framework/Versions/A/SignpostCollection
0x00000001a6d55000 	/System/Library/Frameworks/WebKit.framework/Versions/A/Frameworks/WebKitLegacy.framework/Versions/A/WebKitLegacy
0x00000001a4b4f000 	/System/Library/PrivateFrameworks/CorePrediction.framework/Versions/A/CorePrediction
0x0000000192a00000 	/System/Library/Frameworks/WebKit.framework/Versions/A/Frameworks/WebCore.framework/Versions/A/Frameworks/libwebrtc.dylib
0x000000019bbb4000 	/System/Library/Frameworks/SecurityInterface.framework/Versions/A/SecurityInterface
0x00000001b5a9d000 	/System/Library/PrivateFrameworks/WebInspectorUI.framework/Versions/A/WebInspectorUI
0x00000001ae07e000 	/System/Library/Frameworks/WebKit.framework/Versions/A/Frameworks/WebCore.framework/Versions/A/WebCore
0x000000023640b000 	/System/Library/Frameworks/WebKit.framework/Versions/A/Frameworks/WebCore.framework/Versions/A/Frameworks/libANGLE-shared.dylib
0x00000002836c4000 	/System/Library/PrivateFrameworks/WebGPU.framework/Versions/A/WebGPU
0x00000001b4bef000 	/System/Library/PrivateFrameworks/CoreOptimization.framework/Versions/A/CoreOptimization
0x000000023cff8000 	/System/Library/PrivateFrameworks/AuthenticationServicesCore.framework/Versions/A/AuthenticationServicesCore
0x00000001bf588000 	/System/Library/Frameworks/AuthenticationServices.framework/Versions/A/AuthenticationServices
0x00000001989a1000 	/System/Library/PrivateFrameworks/SharedWebCredentials.framework/Versions/A/SharedWebCredentials
0x00000001b6968000 	/System/Library/PrivateFrameworks/SafariCore.framework/Versions/A/SafariCore
0x00000001bf099000 	/System/Library/PrivateFrameworks/SafariFoundation.framework/Versions/A/SafariFoundation
0x000000023e34e000 	/System/Library/PrivateFrameworks/CBORLibrary.framework/Versions/A/CBORLibrary
0x000000023f3fe000 	/System/Library/PrivateFrameworks/Chirp.framework/Versions/A/Chirp
0x000000024006a000 	/System/Library/PrivateFrameworks/CloudSubscriptionFeatures.framework/Versions/A/CloudSubscriptionFeatures
0x000000022a3d9000 	/System/Library/PrivateFrameworks/RemoteManagement.framework/Versions/A/RemoteManagement
0x000000026c9b4000 	/System/Library/PrivateFrameworks/RemoteManagementModel.framework/Versions/A/RemoteManagementModel
0x000000026ca45000 	/System/Library/PrivateFrameworks/RemoteManagementStore.framework/Versions/A/RemoteManagementStore
0x000000019dbb7000 	/usr/lib/libxcselect.dylib
0x000000025f9b6000 	/System/Library/PrivateFrameworks/ManagedSettingsObjC.framework/Versions/A/ManagedSettingsObjC
0x00000001a5f2b000 	/System/Library/PrivateFrameworks/ConfigurationProfiles.framework/Versions/A/ConfigurationProfiles
0x000000025ba0a000 	/System/Library/PrivateFrameworks/LockdownMode.framework/Versions/A/LockdownMode
0x00000001ab56b000 	/System/Library/PrivateFrameworks/PowerlogControl.framework/Versions/A/PowerlogControl
0x00000001ab56d000 	/usr/lib/libUniversalAccess.dylib
0x00000001a7ea3000 	/System/Library/PrivateFrameworks/FamilyControls.framework/Versions/A/FamilyControls
0x00000001a7e9d000 	/System/Library/PrivateFrameworks/UniversalAccess.framework/Versions/A/Libraries/libUAPreferences.dylib
0x00000001a7ec5000 	/System/Library/PrivateFrameworks/CommerceKit.framework/Versions/A/Frameworks/CommerceCore.framework/Versions/A/CommerceCore
0x0000000247401000 	/System/Library/PrivateFrameworks/DMCUtilities.framework/Versions/A/DMCUtilities
0x000000025ba99000 	/System/Library/PrivateFrameworks/MDMClientLibrary.framework/Versions/A/MDMClientLibrary
0x000000026ca39000 	/System/Library/PrivateFrameworks/RemoteManagementProtocol.framework/Versions/A/RemoteManagementProtocol
0x0000000247362000 	/System/Library/PrivateFrameworks/DEPClientLibrary.framework/Versions/A/DEPClientLibrary
0x000000024738f000 	/System/Library/PrivateFrameworks/DMCEnrollmentLibrary.framework/Versions/A/DMCEnrollmentLibrary
0x00000001ab653000 	/System/Library/PrivateFrameworks/SetupAssistantFramework.framework/Versions/A/SetupAssistantFramework
0x00000001a4ba5000 	/System/Library/PrivateFrameworks/AuthKitUI.framework/Versions/A/AuthKitUI
0x00000001a44dd000 	/System/Library/PrivateFrameworks/AppSSO.framework/Versions/A/AppSSO
0x00000001bbea8000 	/System/Library/PrivateFrameworks/LocalAuthenticationUI.framework/Versions/A/LocalAuthenticationUI
0x0000000269f50000 	/System/Library/PrivateFrameworks/PlatformSSO.framework/Versions/A/PlatformSSO
0x000000026a03e000 	/System/Library/PrivateFrameworks/PlatformSSOCore.framework/Versions/A/PlatformSSOCore
0x0000000230840000 	/System/Library/Frameworks/LocalAuthenticationEmbeddedUI.framework/Versions/A/LocalAuthenticationEmbeddedUI
0x00000001bc9a1000 	/System/Library/PrivateFrameworks/AOSUI.framework/Versions/A/AOSUI
0x00000001ad6af000 	/System/Library/Frameworks/ContactsUI.framework/Versions/A/ContactsUI
0x00000001a0f4a000 	/System/Library/PrivateFrameworks/FamilyCircle.framework/Versions/A/FamilyCircle
0x00000001cac06000 	/System/Library/Frameworks/LinkPresentation.framework/Versions/A/LinkPresentation
0x00000001ad22f000 	/System/Library/PrivateFrameworks/IASUtilities.framework/Versions/A/IASUtilities
0x0000000256489000 	/System/Library/PrivateFrameworks/IASUtilitiesCore.framework/Versions/A/IASUtilitiesCore
0x000000026caae000 	/System/Library/PrivateFrameworks/RemoteUI.framework/Versions/A/RemoteUI
0x000000025ad1d000 	/System/Library/PrivateFrameworks/LiftUI.framework/Versions/A/LiftUI
0x000000028549f000 	/System/Library/PrivateFrameworks/_IconServices_SwiftUI.framework/Versions/A/_IconServices_SwiftUI
0x000000023ffa0000 	/System/Library/PrivateFrameworks/CloudSettings.framework/Versions/A/CloudSettings
0x00000001a6b20000 	/System/Library/Frameworks/EventKit.framework/Versions/A/EventKit
0x00000001ccd6f000 	/System/Library/PrivateFrameworks/Email.framework/Versions/A/Email
0x00000001b47fe000 	/System/Library/PrivateFrameworks/CoreRoutine.framework/Versions/A/CoreRoutine
0x00000001ec91c000 	/System/Library/PrivateFrameworks/VoiceShortcutClient.framework/Versions/A/VoiceShortcutClient
0x00000001c47ae000 	/System/Library/PrivateFrameworks/Categories.framework/Versions/A/Categories
0x00000001bc845000 	/System/Library/PrivateFrameworks/ChronoServices.framework/Versions/A/ChronoServices
0x000000023ee35000 	/System/Library/PrivateFrameworks/CalendarDatabase.framework/Versions/A/CalendarDatabase
0x000000023ed76000 	/System/Library/PrivateFrameworks/CalendarDaemon.framework/Versions/A/CalendarDaemon
0x00000001a5e79000 	/System/Library/PrivateFrameworks/CalendarFoundation.framework/Versions/A/CalendarFoundation
0x00000001a5e34000 	/System/Library/PrivateFrameworks/iCalendar.framework/Versions/A/iCalendar
0x0000000247606000 	/System/Library/PrivateFrameworks/DataAccessExpress.framework/Versions/A/DataAccessExpress
0x00000001ad817000 	/System/Library/PrivateFrameworks/ContactsAutocomplete.framework/Versions/A/ContactsAutocomplete
0x00000001bc791000 	/System/Library/PrivateFrameworks/FTClientServices.framework/Versions/A/FTClientServices
0x0000000278aaa000 	/System/Library/PrivateFrameworks/StorageContainersPrivate.framework/Versions/A/StorageContainersPrivate
0x000000028c741000 	/usr/lib/swift/libswiftCoreMediaIO.dylib
0x00000001ad0b0000 	/System/Library/PrivateFrameworks/CoreDAV.framework/Versions/A/CoreDAV
0x00000001a69ea000 	/System/Library/PrivateFrameworks/CalDAV.framework/Versions/A/CalDAV
0x00000001b1d8e000 	/System/Library/PrivateFrameworks/TelephonyUtilities.framework/Versions/A/TelephonyUtilities
0x00000002307fc000 	/System/Library/Frameworks/LiveCommunicationKit.framework/Versions/A/LiveCommunicationKit
0x00000002408c5000 	/System/Library/PrivateFrameworks/CommunicationTrust.framework/Versions/A/CommunicationTrust
0x00000001b6777000 	/System/Library/Frameworks/CallKit.framework/Versions/A/CallKit
0x00000001e154e000 	/System/Library/PrivateFrameworks/IMTransferServices.framework/Versions/A/IMTransferServices
0x00000001b4c08000 	/System/Library/PrivateFrameworks/IncomingCallFilter.framework/Versions/A/IncomingCallFilter
0x0000000264d07000 	/System/Library/PrivateFrameworks/NeighborhoodActivityConduit.framework/Versions/A/NeighborhoodActivityConduit
0x00000001b8d2a000 	/System/Library/PrivateFrameworks/CallHistory.framework/Versions/A/CallHistory
0x000000028aca9000 	/usr/lib/libBASupport.dylib
0x000000023f27c000 	/System/Library/PrivateFrameworks/CallsUtilities.framework/Versions/A/CallsUtilities
0x000000023f288000 	/System/Library/PrivateFrameworks/CallsXPC.framework/Versions/A/CallsXPC
0x000000022a544000 	/usr/lib/swift/libswiftCallKit.dylib
0x000000023f26e000 	/System/Library/PrivateFrameworks/CallsPersistence.framework/Versions/A/CallsPersistence
0x0000000234417000 	/System/Library/Frameworks/SensitiveContentAnalysis.framework/Versions/A/SensitiveContentAnalysis
0x00000001b9da9000 	/System/Library/PrivateFrameworks/PeopleSuggester.framework/Versions/A/PeopleSuggester
0x00000001c3522000 	/System/Library/PrivateFrameworks/SpotlightReceiver.framework/Versions/A/SpotlightReceiver
0x000000028545f000 	/System/Library/PrivateFrameworks/_AppIntentsServices_AppIntents.framework/Versions/A/_AppIntentsServices_AppIntents
0x0000000239f69000 	/System/Library/PrivateFrameworks/AppIntentsServices.framework/Versions/A/AppIntentsServices
0x00000001a5e1d000 	/System/Library/PrivateFrameworks/CoreRecents.framework/Versions/A/CoreRecents
0x0000000236917000 	/System/Library/Frameworks/_GeoToolbox_AppIntents.framework/Versions/A/_GeoToolbox_AppIntents
0x000000026c676000 	/System/Library/PrivateFrameworks/RegulatoryDomain.framework/Versions/A/RegulatoryDomain
0x000000025b9dd000 	/System/Library/PrivateFrameworks/LocalStatusKit.framework/Versions/A/LocalStatusKit
0x00000001ccd63000 	/System/Library/PrivateFrameworks/EmailAddressing.framework/Versions/A/EmailAddressing
0x00000001c8b3f000 	/System/Library/PrivateFrameworks/EmailCore.framework/Versions/A/EmailCore
0x00000001c9c33000 	/System/Library/PrivateFrameworks/EmailFoundation.framework/Versions/A/EmailFoundation
0x000000027cca7000 	/System/Library/PrivateFrameworks/ToolKit.framework/Versions/A/ToolKit
0x000000026ce68000 	/System/Library/PrivateFrameworks/ReplicatorEngine.framework/Versions/A/ReplicatorEngine
0x000000026d023000 	/System/Library/PrivateFrameworks/ReplicatorServices.framework/Versions/A/ReplicatorServices
0x0000000279936000 	/System/Library/PrivateFrameworks/SystemWake.framework/Versions/A/SystemWake
0x00000001b694e000 	/System/Library/PrivateFrameworks/ContextKit.framework/Versions/A/ContextKit
0x0000000240e63000 	/System/Library/PrivateFrameworks/ContextKitCore.framework/Versions/A/ContextKitCore
0x00000001b4eaf000 	/System/Library/Frameworks/LocalAuthentication.framework/Support/DaemonUtils.framework/Versions/A/DaemonUtils
0x000000025b93f000 	/System/Library/PrivateFrameworks/LocalAuthenticationCoreUI.framework/Versions/A/LocalAuthenticationCoreUI
0x00000001b8327000 	/System/Library/PrivateFrameworks/BridgeXPC.framework/Versions/A/BridgeXPC
0x00000001b5b7e000 	/System/Library/PrivateFrameworks/CoreKDL.framework/Versions/A/CoreKDL
0x00000001b4192000 	/System/Library/PrivateFrameworks/EmbeddedOSSupportHost.framework/Versions/A/EmbeddedOSSupportHost
0x00000001a8a05000 	/System/Library/PrivateFrameworks/LoginUIKit.framework/Versions/A/LoginUIKit
0x00000001c4cae000 	/System/Library/PrivateFrameworks/StorageKit.framework/Versions/A/StorageKit
0x000000022bd2e000 	/System/Library/Frameworks/DeviceCheck.framework/Versions/A/DeviceCheck
0x000000024800e000 	/System/Library/PrivateFrameworks/DiskImages2.framework/Versions/A/DiskImages2
0x00000001c4d28000 	/System/Library/PrivateFrameworks/CoreWLANKit.framework/Versions/A/CoreWLANKit
0x0000000282a1a000 	/System/Library/PrivateFrameworks/Wallpaper.framework/Versions/A/Wallpaper
0x00000001cdcec000 	/System/Library/PrivateFrameworks/DynamicDesktop.framework/Versions/A/DynamicDesktop
0x0000000282bad000 	/System/Library/PrivateFrameworks/WallpaperFoundation.framework/Versions/A/WallpaperFoundation
0x0000000282c0c000 	/System/Library/PrivateFrameworks/WallpaperTypes.framework/Versions/A/WallpaperTypes
0x00000001e334c000 	/System/Library/PrivateFrameworks/SystemDesktopAppearance.framework/Versions/A/SystemDesktopAppearance
0x0000000288570000 	/System/Library/PrivateFrameworks/icloudMCCKit.framework/Versions/A/icloudMCCKit
0x000000023b2b4000 	/System/Library/PrivateFrameworks/AppleAccountUI.framework/Versions/A/AppleAccountUI
0x00000001d71f8000 	/System/Library/PrivateFrameworks/PreferencePanesSupport.framework/Versions/A/PreferencePanesSupport
0x00000001bcb4f000 	/System/Library/PrivateFrameworks/FindMyDeviceUI.framework/Versions/A/FindMyDeviceUI
0x0000000286147000 	/System/Library/PrivateFrameworks/iCloudQuotaUI.framework/Versions/A/iCloudQuotaUI
0x00000001d73a9000 	/System/Library/PrivateFrameworks/CoreCDPUI.framework/Versions/A/CoreCDPUI
0x00000001b66a7000 	/System/Library/PrivateFrameworks/CoreFollowUpUI.framework/Versions/A/CoreFollowUpUI
0x00000001c37a6000 	/System/Library/PrivateFrameworks/IMCore.framework/Versions/A/IMCore
0x00000001ab5d3000 	/System/Library/PrivateFrameworks/CoreCDP.framework/Versions/A/CoreCDP
0x00000001a73be000 	/System/Library/PrivateFrameworks/AskPermission.framework/Versions/A/AskPermission
0x00000001ba4c9000 	/System/Library/Frameworks/Quartz.framework/Versions/A/Quartz
0x00000001c7214000 	/System/Library/PrivateFrameworks/CloudPhotoServicesConfiguration.framework/Versions/A/CloudPhotoServicesConfiguration
0x00000001b8b4a000 	/System/Library/PrivateFrameworks/CommerceKit.framework/Versions/A/CommerceKit
0x00000001c8c11000 	/System/Library/PrivateFrameworks/FindMyMac.framework/Versions/A/FindMyMac
0x00000001c8ae1000 	/System/Library/Frameworks/PreferencePanes.framework/Versions/A/PreferencePanes
0x00000001bbf96000 	/System/Library/Frameworks/AddressBook.framework/Versions/A/AddressBook
0x00000001a6250000 	/System/Library/PrivateFrameworks/AOSAccounts.framework/Versions/A/AOSAccounts
0x00000001a02e5000 	/System/Library/PrivateFrameworks/AppleSRP.framework/Versions/A/AppleSRP
0x00000001a4d90000 	/System/Library/PrivateFrameworks/NetFSServer.framework/Versions/A/NetFSServer
0x00000001b78b3000 	/System/Library/Frameworks/PDFKit.framework/Versions/A/PDFKit
0x000000028c780000 	/usr/lib/swift/libswiftPassKit.dylib
0x00000001db480000 	/System/Library/Frameworks/PassKit.framework/Versions/A/PassKit
0x00000001a8b14000 	/System/Library/PrivateFrameworks/PassKitCore.framework/Versions/A/PassKitCore
0x000000026713e000 	/System/Library/PrivateFrameworks/PassKitMacHelperTemp.framework/Versions/A/PassKitMacHelperTemp
0x000000028ac04000 	/usr/lib/libAppleSSE.dylib
0x00000001b4ef7000 	/System/Library/PrivateFrameworks/BiometricKit.framework/Versions/A/BiometricKit
0x000000026d681000 	/System/Library/PrivateFrameworks/SEService.framework/Versions/A/SEService
0x000000022f656000 	/System/Library/Frameworks/FinanceKit.framework/Versions/A/FinanceKit
0x00000001ba575000 	/System/Library/PrivateFrameworks/NearField.framework/Versions/A/NearField
0x000000026d5f8000 	/System/Library/PrivateFrameworks/SESShared.framework/Versions/A/SESShared
0x000000026d903000 	/System/Library/PrivateFrameworks/STSXPCHelperClient.framework/Versions/A/STSXPCHelperClient
0x00000001bc3b0000 	/usr/lib/libnfshared.dylib
0x00000001de3d2000 	/System/Library/PrivateFrameworks/PassKitUIFoundation.framework/Versions/A/PassKitUIFoundation
0x000000019fc08000 	/System/Library/Frameworks/MapKit.framework/Versions/A/MapKit
0x000000025321b000 	/System/Library/PrivateFrameworks/GeoAnalytics.framework/Versions/A/GeoAnalytics
0x00000001bc3df000 	/System/Library/PrivateFrameworks/Navigation.framework/Versions/A/Navigation
0x00000001c6295000 	/System/Library/PrivateFrameworks/VectorKit.framework/Versions/A/VectorKit
0x00000001ad2f8000 	/System/Library/PrivateFrameworks/VirtualGarage.framework/Versions/A/VirtualGarage
0x00000001bc5dc000 	/System/Library/Frameworks/ExternalAccessory.framework/ExternalAccessory
0x00000001bc5f7000 	/System/Library/PrivateFrameworks/IAP.framework/Versions/A/IAP
0x000000019feca000 	/System/Library/PrivateFrameworks/IOPlatformPluginFamily.framework/Versions/A/IOPlatformPluginFamily
0x000000023d14e000 	/System/Library/PrivateFrameworks/AvatarKit.framework/Versions/A/AvatarKit
0x000000023d20d000 	/System/Library/PrivateFrameworks/AvatarPersistence.framework/Versions/A/AvatarPersistence
0x0000000235d84000 	/System/Library/Frameworks/TipKit.framework/Versions/A/TipKit
0x00000001a85c5000 	/System/Library/PrivateFrameworks/IMSharedUtilities.framework/Versions/A/IMSharedUtilities
0x000000028c721000 	/usr/lib/swift/libswiftAppleArchive.dylib
0x000000023d20c000 	/System/Library/PrivateFrameworks/AvatarKitContent.framework/Versions/A/AvatarKitContent
0x00000001ad42e000 	/System/Library/PrivateFrameworks/ContactsUICore.framework/Versions/A/ContactsUICore
0x00000001b4d23000 	/System/Library/PrivateFrameworks/ContactsDonation.framework/Versions/A/ContactsDonation
0x00000001b45cf000 	/System/Library/PrivateFrameworks/DataDetectors.framework/Versions/A/DataDetectors
0x00000001a69d6000 	/System/Library/Frameworks/MediaLibrary.framework/Versions/A/MediaLibrary
0x00000001a0f32000 	/System/Library/PrivateFrameworks/PersonaKit.framework/Versions/A/PersonaKit
0x00000001ad41b000 	/System/Library/PrivateFrameworks/PersonaUI.framework/Versions/A/PersonaUI
0x00000001c84f6000 	/System/Library/PrivateFrameworks/Transparency.framework/Versions/A/Transparency
0x0000000249b6c000 	/System/Library/PrivateFrameworks/FindMyLocate.framework/Versions/A/FindMyLocate
0x00000001b6624000 	/System/Library/PrivateFrameworks/IntlPreferences.framework/Versions/A/IntlPreferences
0x0000000246d0e000 	/System/Library/PrivateFrameworks/CoreTransparency.framework/Versions/A/CoreTransparency
0x0000000249a40000 	/System/Library/PrivateFrameworks/FindMyCommon.framework/Versions/A/FindMyCommon
0x0000000249813000 	/System/Library/PrivateFrameworks/FindMyBase.framework/Versions/A/FindMyBase
0x0000000233042000 	/System/Library/Frameworks/NearbyInteraction.framework/Versions/A/NearbyInteraction
0x00000001a0b21000 	/System/Library/PrivateFrameworks/AddressBookCore.framework/Versions/A/AddressBookCore
0x00000001bc133000 	/System/Library/PrivateFrameworks/ToneKit.framework/Versions/A/ToneKit
0x0000000240ce5000 	/System/Library/PrivateFrameworks/ContactsAccounts.framework/Versions/A/ContactsAccounts
0x00000001ba3e0000 	/System/Library/PrivateFrameworks/Lookup.framework/Versions/A/Lookup
0x0000000233963000 	/System/Library/Frameworks/QuickLookUI.framework/Versions/A/QuickLookUI
0x0000000234390000 	/System/Library/Frameworks/ScreenCaptureKit.framework/Versions/A/ScreenCaptureKit
0x00000001b73d2000 	/System/Library/Frameworks/Quartz.framework/Versions/A/Frameworks/QuartzComposer.framework/Versions/A/QuartzComposer
0x00000001b65fb000 	/System/Library/Frameworks/Quartz.framework/Versions/A/Frameworks/QuartzFilters.framework/Versions/A/QuartzFilters
0x00000001b5682000 	/System/Library/Frameworks/Quartz.framework/Versions/A/Frameworks/ImageKit.framework/Versions/A/ImageKit
0x00000001b3b6c000 	/System/Library/PrivateFrameworks/CorePDF.framework/Versions/A/CorePDF
0x000000019db31000 	/System/Library/Frameworks/QuickLook.framework/Versions/A/QuickLook
0x00000001a8a00000 	/System/Library/PrivateFrameworks/DisplayServices.framework/Versions/A/DisplayServices
0x000000028155b000 	/System/Library/PrivateFrameworks/VisionKitCore.framework/Versions/A/VisionKitCore
0x00000001b1c45000 	/System/Library/PrivateFrameworks/QuickLookSupport.framework/Versions/A/QuickLookSupport
0x00000001b1fdf000 	/System/Library/PrivateFrameworks/DeviceManagement.framework/Versions/A/DeviceManagement
0x00000001d6b24000 	/System/Library/PrivateFrameworks/ScreenTimeUI.framework/Versions/A/ScreenTimeUI
0x00000001b45c9000 	/System/Library/PrivateFrameworks/QuickLookNonBaseSystem.framework/Versions/A/QuickLookNonBaseSystem
0x00000001b4dfa000 	/System/Library/PrivateFrameworks/Catalyst.framework/Versions/A/Catalyst
0x00000001b681f000 	/System/Library/PrivateFrameworks/ScreenTimeCore.framework/Versions/A/ScreenTimeCore
0x00000001ca461000 	/System/Library/PrivateFrameworks/ScreenTimeServiceUI.framework/Versions/A/ScreenTimeServiceUI
0x00000001c301b000 	/System/Library/PrivateFrameworks/ConfigurationEngineModel.framework/Versions/A/ConfigurationEngineModel
0x00000001c624f000 	/System/Library/PrivateFrameworks/UsageTracking.framework/Versions/A/UsageTracking
0x000000022f2a3000 	/System/Library/Frameworks/DeviceActivity.framework/Versions/A/DeviceActivity
0x00000001c621e000 	/System/Library/PrivateFrameworks/KnowledgeMonitor.framework/Versions/A/KnowledgeMonitor
0x00000001de378000 	/System/Library/PrivateFrameworks/BluetoothManager.framework/Versions/A/BluetoothManager
0x0000000230933000 	/System/Library/Frameworks/ManagedSettings.framework/Versions/A/ManagedSettings
0x000000025f9fb000 	/System/Library/PrivateFrameworks/ManagedSettingsSupport.framework/Versions/A/ManagedSettingsSupport
0x00000001db551000 	/System/Library/Frameworks/ReplayKit.framework/Versions/A/ReplayKit
0x00000001a9a1d000 	/System/Library/PrivateFrameworks/MarkupUI.framework/Versions/A/MarkupUI
0x00000001b45a0000 	/System/Library/PrivateFrameworks/SidecarCore.framework/Versions/A/SidecarCore
0x00000001b7286000 	/System/Library/PrivateFrameworks/AnnotationKit.framework/Versions/A/AnnotationKit
0x00000001b58b5000 	/System/Library/Frameworks/PencilKit.framework/Versions/A/PencilKit
0x00000001b5a79000 	/System/Library/PrivateFrameworks/SidecarUI.framework/Versions/A/SidecarUI
0x00000001b5220000 	/System/Library/PrivateFrameworks/CoreHandwriting.framework/Versions/A/CoreHandwriting
0x0000000188812000 	/usr/lib/libmecabra.dylib
0x00000001ada29000 	/System/Library/PrivateFrameworks/Calculate.framework/Versions/A/Calculate
0x0000000198753000 	/usr/lib/libChineseTokenizer.dylib
0x00000001ecee8000 	/System/Library/PrivateFrameworks/ScreenReaderCore.framework/Versions/A/ScreenReaderCore
0x0000000278a3c000 	/System/Library/PrivateFrameworks/StocksKit.framework/Versions/A/StocksKit
0x00000001ac9d0000 	/System/Library/PrivateFrameworks/OAuth.framework/Versions/A/OAuth
0x0000000278732000 	/System/Library/PrivateFrameworks/StocksCore.framework/Versions/A/StocksCore
0x0000000279c4d000 	/System/Library/PrivateFrameworks/TeaFoundation.framework/Versions/A/TeaFoundation
0x0000000279e34000 	/System/Library/PrivateFrameworks/TeaSettings.framework/Versions/A/TeaSettings
0x00000001e2b61000 	/System/Library/PrivateFrameworks/NewsCore.framework/Versions/A/NewsCore
0x0000000279bea000 	/System/Library/PrivateFrameworks/TeaDB.framework/Versions/A/TeaDB
0x00000001df4f0000 	/System/Library/PrivateFrameworks/RemoteConfiguration.framework/Versions/A/RemoteConfiguration
0x00000001e2748000 	/System/Library/PrivateFrameworks/NewsTransport.framework/Versions/A/NewsTransport
0x00000001e2b51000 	/System/Library/PrivateFrameworks/NewsFoundation.framework/Versions/A/NewsFoundation
0x000000026530e000 	/System/Library/PrivateFrameworks/NewsURLBucket.framework/Versions/A/NewsURLBucket
0x00000001b8f67000 	/System/Library/PrivateFrameworks/MobileInstallation.framework/Versions/A/MobileInstallation
0x0000000235eed000 	/System/Library/Frameworks/Translation.framework/Versions/A/Translation
0x00000001d2492000 	/System/Library/PrivateFrameworks/RevealCore.framework/Versions/A/RevealCore
0x00000001d2486000 	/System/Library/PrivateFrameworks/Reveal.framework/Versions/A/Reveal
0x00000001ca10c000 	/System/Library/Frameworks/Speech.framework/Versions/A/Speech
0x00000002373e1000 	/System/Library/PrivateFrameworks/AIMLExperimentationAnalytics.framework/Versions/A/AIMLExperimentationAnalytics
0x0000000239889000 	/System/Library/PrivateFrameworks/AlgorithmsInternal.framework/Versions/A/AlgorithmsInternal
0x000000027d5ad000 	/System/Library/PrivateFrameworks/TranslationUIServices.framework/Versions/A/TranslationUIServices
0x000000027c300000 	/System/Library/PrivateFrameworks/TipKitCore.framework/Versions/A/TipKitCore
0x00000001be3ec000 	/System/Library/PrivateFrameworks/CoreCDPInternal.framework/Versions/A/CoreCDPInternal
0x0000000256e52000 	/System/Library/PrivateFrameworks/InputAnalytics.framework/Versions/A/InputAnalytics
0x00000001c40a5000 	/System/Library/Frameworks/InstantMessage.framework/Versions/A/InstantMessage
0x00000001bbea1000 	/System/Library/PrivateFrameworks/IDSKVStore.framework/Versions/A/IDSKVStore
0x00000001bbb42000 	/System/Library/PrivateFrameworks/IMDPersistence.framework/Versions/A/IMDPersistence
0x000000027f535000 	/System/Library/PrivateFrameworks/UserSafety.framework/Versions/A/UserSafety
0x00000001dd3f7000 	/System/Library/PrivateFrameworks/BlastDoor.framework/Versions/A/BlastDoor
0x000000025b54b000 	/System/Library/PrivateFrameworks/LinkPresentationStyleSheetParsing.framework/Versions/A/LinkPresentationStyleSheetParsing
0x000000026a5a1000 	/System/Library/PrivateFrameworks/PosterFoundation.framework/Versions/A/PosterFoundation
0x000000026a62f000 	/System/Library/PrivateFrameworks/PosterModel.framework/Versions/A/PosterModel
0x000000026a609000 	/System/Library/PrivateFrameworks/PosterFuturesKit.framework/Versions/A/PosterFuturesKit
0x00000002495ec000 	/System/Library/PrivateFrameworks/FeedbackService.framework/Versions/A/FeedbackService
0x00000001b4c77000 	/System/Library/PrivateFrameworks/CoreSDB.framework/Versions/A/CoreSDB
0x000000023c8cd000 	/System/Library/PrivateFrameworks/AskToCore.framework/Versions/A/AskToCore
0x00000001d73a6000 	/System/Library/PrivateFrameworks/MachineSettings.framework/Versions/A/MachineSettings
0x00000001c8a5a000 	/System/Library/PrivateFrameworks/BezelServices.framework/Versions/A/BezelServices
0x00000001c031b000 	/System/Library/PrivateFrameworks/SPOwner.framework/Versions/A/SPOwner
0x00000001b8baf000 	/System/Library/PrivateFrameworks/FMCore.framework/Versions/A/FMCore
0x0000000286099000 	/System/Library/PrivateFrameworks/iCloudQuota.framework/Versions/A/iCloudQuota
0x00000001ad394000 	/System/Library/PrivateFrameworks/CoreRecognition.framework/Versions/A/CoreRecognition
0x00000001c8b1a000 	/System/Library/PrivateFrameworks/InAppMessages.framework/Versions/A/InAppMessages
0x00000001eba9b000 	/System/Library/PrivateFrameworks/JetUI.framework/Versions/A/JetUI
0x000000025a743000 	/System/Library/PrivateFrameworks/JetPack.framework/Versions/A/JetPack
0x00000001c8b11000 	/System/Library/PrivateFrameworks/InAppMessagesCore.framework/Versions/A/InAppMessagesCore
0x00000002854af000 	/System/Library/PrivateFrameworks/_JetEngine_SwiftUI.framework/Versions/A/_JetEngine_SwiftUI
0x00000002796de000 	/System/Library/PrivateFrameworks/Synapse.framework/Versions/A/Synapse
0x000000023ebc4000 	/System/Library/PrivateFrameworks/CSExattrCrypto.framework/Versions/A/CSExattrCrypto
0x00000001ba0d7000 	/System/Library/PrivateFrameworks/StoreFoundation.framework/Versions/A/StoreFoundation
0x00000001b8ba9000 	/System/Library/PrivateFrameworks/ServerInformation.framework/Versions/A/ServerInformation
0x00000001b85be000 	/System/Library/PrivateFrameworks/Install.framework/Frameworks/DistributionKit.framework/Versions/A/DistributionKit
0x00000001b1a19000 	/System/Library/PrivateFrameworks/PackageKit.framework/Versions/A/PackageKit
0x00000001b85e1000 	/System/Library/PrivateFrameworks/OSPersonalization.framework/Versions/A/OSPersonalization
0x00000001ba63e000 	/System/Library/PrivateFrameworks/BridgeOSSoftwareUpdate.framework/Versions/A/BridgeOSSoftwareUpdate
0x00000001b511d000 	/System/Library/PrivateFrameworks/StorageManagement.framework/Versions/A/StorageManagement
0x00000001c9f8c000 	/usr/lib/libauthinstall.dylib
0x00000001ba647000 	/System/Library/PrivateFrameworks/InstallerDiagnostics.framework/Versions/A/InstallerDiagnostics
0x00000001ca649000 	/usr/lib/libcrypto.42.dylib
0x000000028cc5d000 	/usr/lib/updaters/libAppleTconUARPUpdater.dylib
0x000000028cdf2000 	/usr/lib/updaters/libT200Updater.dylib
0x00000001ba62c000 	/System/Library/PrivateFrameworks/GPUInfo.framework/Versions/A/GPUInfo
0x00000001c8c17000 	/System/Library/PrivateFrameworks/MobileActivationMacOS.framework/Versions/A/MobileActivationMacOS
0x00000001ac915000 	/System/Library/PrivateFrameworks/AccountsDaemon.framework/Versions/A/AccountsDaemon
0x00000001ba68a000 	/System/Library/PrivateFrameworks/AOSKit.framework/Versions/A/AOSKit
0x0000000198882000 	/System/Library/PrivateFrameworks/AppSSOCore.framework/Versions/A/AppSSOCore
0x00000001c716b000 	/System/Library/PrivateFrameworks/NetworkServiceProxy.framework/Versions/A/NetworkServiceProxy
0x000000019ff3e000 	/usr/lib/libnetworkextension.dylib
0x000000019ca4d000 	/System/Library/Frameworks/NetworkExtension.framework/Versions/A/NetworkExtension
0x00000001a82eb000 	/System/Library/PrivateFrameworks/AssistantServices.framework/Versions/A/AssistantServices
0x00000001a24c9000 	/System/Library/PrivateFrameworks/SAObjects.framework/Versions/A/SAObjects
0x0000000275f67000 	/System/Library/PrivateFrameworks/SiriTTSService.framework/Versions/A/SiriTTSService
0x0000000270662000 	/System/Library/PrivateFrameworks/SiriCrossDeviceArbitration.framework/Versions/A/SiriCrossDeviceArbitration
0x0000000249176000 	/System/Library/PrivateFrameworks/FaceTimeNameUtility.framework/Versions/A/FaceTimeNameUtility
0x00000002706b6000 	/System/Library/PrivateFrameworks/SiriCrossDeviceArbitrationFeedback.framework/Versions/A/SiriCrossDeviceArbitrationFeedback
0x00000001c949f000 	/System/Library/PrivateFrameworks/UIKitServices.framework/Versions/A/UIKitServices
0x00000001bcba2000 	/usr/lib/libtailspin.dylib
0x00000001d0bc8000 	/System/Library/PrivateFrameworks/Osprey.framework/Versions/A/Osprey
0x00000002755e7000 	/System/Library/PrivateFrameworks/SiriTTS.framework/Versions/A/SiriTTS
0x00000002741a6000 	/System/Library/PrivateFrameworks/SiriPowerInstrumentation.framework/Versions/A/SiriPowerInstrumentation
0x0000000279be8000 	/System/Library/PrivateFrameworks/TailspinSymbolication.framework/Versions/A/TailspinSymbolication
0x00000002474cc000 	/System/Library/PrivateFrameworks/Darwinup.framework/Versions/A/Darwinup
0x00000001c92a8000 	/System/Library/PrivateFrameworks/SignpostSupport.framework/Versions/A/SignpostSupport
0x00000001c8968000 	/System/Library/PrivateFrameworks/ktrace.framework/Versions/A/ktrace
0x00000001c94d7000 	/System/Library/PrivateFrameworks/SampleAnalysis.framework/Versions/A/SampleAnalysis
0x00000001d2460000 	/System/Library/PrivateFrameworks/kperfdata.framework/Versions/A/kperfdata
0x000000019dc6f000 	/usr/lib/libdscsym.dylib
0x00000001d2935000 	/System/Library/PrivateFrameworks/BulkSymbolication.framework/Versions/A/BulkSymbolication
0x00000001b9f58000 	/System/Library/PrivateFrameworks/CaptiveNetwork.framework/Versions/A/CaptiveNetwork
0x00000001a4311000 	/System/Library/PrivateFrameworks/EAP8021X.framework/Versions/A/EAP8021X
0x00000001b41c2000 	/System/Library/PrivateFrameworks/FindMyDevice.framework/Versions/A/FindMyDevice
0x00000001a8af3000 	/System/Library/PrivateFrameworks/FMCoreLite.framework/Versions/A/FMCoreLite
0x000000022d523000 	/System/Library/Frameworks/OpenGL.framework/Versions/A/Resources/GLEngine.bundle/GLEngine
0x000000022d3c3000 	/System/Library/Frameworks/OpenGL.framework/Versions/A/Libraries/libGLProgrammability.dylib
0x00000001203f0000 	/System/Library/Extensions/AppleMetalOpenGLRenderer.bundle/Contents/MacOS/AppleMetalOpenGLRenderer
0x000000022d681000 	/System/Library/Frameworks/OpenGL.framework/Versions/A/Resources/GLRendererFloat.bundle/GLRendererFloat
0x00000001204a0000 	/Library/Java/JavaVirtualMachines/jdk-17.jdk/Contents/Home/lib/libosxui.dylib
0x0000000164348000 	/Users/dimasadipratama/.skiko/b575009fb1c6be00b2247acc8cb2294d1ffef4caeaa19a53956270917362bdd4/libskiko-macos-arm64.dylib
0x0000000130410000 	/Library/Java/JavaVirtualMachines/jdk-17.jdk/Contents/Home/lib/libjawt.dylib
0x000000027a402000 	/System/Library/PrivateFrameworks/TextInputUI.framework/Versions/A/TextInputUI
0x000000027a438000 	/System/Library/PrivateFrameworks/TextInputUIMacHelper.framework/Versions/A/TextInputUIMacHelper
0x00000001bf0e0000 	/System/Library/PrivateFrameworks/SafariPlatformSupport.framework/Versions/A/SafariPlatformSupport
0x0000000155844000 	/private/var/folders/qs/1z8n9dmd7zzb94z08tkj426h0000gn/T/libio_grpc_netty_shaded_netty_tcnative_osx_aarch_646925655855327940011.dylib
0x0000000137a84000 	/Library/Java/JavaVirtualMachines/jdk-17.jdk/Contents/Home/lib/libextnet.dylib


VM Arguments:
jvm_args: -Dfile.encoding=UTF-8 -Duser.country=US -Duser.language=en -Duser.variant 
java_command: org.bkkipmsemarang.kkp_scanner.MainKt
java_class_path (initial): /Users/dimasadipratama/StudioProjects/ScannerKKP_MAC/composeApp/build/classes/kotlin/jvm/main:/Users/dimasadipratama/StudioProjects/ScannerKKP_MAC/composeApp/build/processedResources/jvm/main:/Users/dimasadipratama/.gradle/caches/modules-2/files-2.1/org.jetbrains.compose.desktop/desktop-jvm/1.7.3/128a1262fd72c68277ebadf308a07ff086206f8e/desktop-jvm-1.7.3.jar:/Users/dimasadipratama/.gradle/caches/modules-2/files-2.1/org.jetbrains.compose.material/material-desktop/1.7.3/e87876e0c6f36990f13cedb09d820469fd6cc371/material-desktop-1.7.3.jar:/Users/dimasadipratama/.gradle/caches/modules-2/files-2.1/org.jetbrains.compose.material3/material3-desktop/1.7.3/46677287ea3e5da18b2ad62cac38b6c3df70c8cd/material3-desktop-1.7.3.jar:/Users/dimasadipratama/.gradle/caches/modules-2/files-2.1/org.jetbrains.compose.components/components-resources-desktop/1.7.3/aeb1cd8677ec680fcf716aecbaf1a2aafc217622/library-desktop-1.7.3.jar:/Users/dimasadipratama/.gradle/caches/modules-2/files-2.1/org.jetbrains.compose.material/material-ripple-desktop/1.7.3/42b03965266ad123672e8a87f98d914dc8c072bf/material-ripple-desktop-1.7.3.jar:/Users/dimasadipratama/.gradle/caches/modules-2/files-2.1/org.jetbrains.compose.foundation/foundation-desktop/1.7.3/77da4f0c26d63177315b3dce06c48177c5d49704/foundation-desktop-1.7.3.jar:/Users/dimasadipratama/.gradle/caches/modules-2/files-2.1/org.jetbrains.compose.material/material-icons-extended-desktop/1.7.3/c7c5465dd754043076875b32bce0dd7f5a354fe8/material-icons-extended-desktop-1.7.3.jar:/Users/dimasadipratama/.gradle/caches/modules-2/files-2.1/org.jetbrains.androidx.lifecycle/lifecycle-viewmodel-compose-desktop/2.8.4/ec231eb8e04e4e6b06cc18265468a5589c191c6d/lifecycle-viewmodel-compose-desktop-2.8.4.jar:/Users/dimasadipratama/.gradle/caches/modules-2/files-2.1/org.jetbrains.compose.animation/animation-desktop/1.7.3/c1fec150a3d1eadfe4643a550cbc9c83d106ef98/animation-desktop-1.7.3.jar:/Users/dimasadipratama/.gradle/caches/modules-2/files-2.1/org
Launcher Type: SUN_STANDARD

[Global flags]
     intx CICompilerCount                          = 4                                         {product} {ergonomic}
     uint ConcGCThreads                            = 2                                         {product} {ergonomic}
     uint G1ConcRefinementThreads                  = 8                                         {product} {ergonomic}
   size_t G1HeapRegionSize                         = 1048576                                   {product} {ergonomic}
    uintx GCDrainStackTargetSize                   = 64                                        {product} {ergonomic}
   size_t InitialHeapSize                          = 134217728                                 {product} {ergonomic}
   size_t MarkStackSize                            = 4194304                                   {product} {ergonomic}
   size_t MaxHeapSize                              = 2147483648                                {product} {ergonomic}
   size_t MaxNewSize                               = 1287651328                                {product} {ergonomic}
   size_t MinHeapDeltaBytes                        = 1048576                                   {product} {ergonomic}
   size_t MinHeapSize                              = 8388608                                   {product} {ergonomic}
    uintx NonNMethodCodeHeapSize                   = 5839564                                {pd product} {ergonomic}
    uintx NonProfiledCodeHeapSize                  = 122909338                              {pd product} {ergonomic}
    uintx ProfiledCodeHeapSize                     = 122909338                              {pd product} {ergonomic}
    uintx ReservedCodeCacheSize                    = 251658240                              {pd product} {ergonomic}
     bool SegmentedCodeCache                       = true                                      {product} {ergonomic}
   size_t SoftMaxHeapSize                          = 2147483648                             {manageable} {ergonomic}
     bool UseCompressedClassPointers               = true                           {product lp64_product} {ergonomic}
     bool UseCompressedOops                        = true                           {product lp64_product} {ergonomic}
     bool UseG1GC                                  = true                                      {product} {ergonomic}
     bool UseNUMA                                  = false                                     {product} {ergonomic}
     bool UseNUMAInterleaving                      = false                                     {product} {ergonomic}

Logging:
Log output configuration:
 #0: stdout all=warning uptime,level,tags
 #1: stderr all=off uptime,level,tags

Environment Variables:
PATH=/Users/dimasadipratama/.bun/bin:/opt/homebrew/bin:/opt/homebrew/sbin:/usr/local/bin:/System/Cryptexes/App/usr/bin:/usr/bin:/bin:/usr/sbin:/sbin:/var/run/com.apple.security.cryptexd/codex.system/bootstrap/usr/local/bin:/var/run/com.apple.security.cryptexd/codex.system/bootstrap/usr/bin:/var/run/com.apple.security.cryptexd/codex.system/bootstrap/usr/appleinternal/bin:/pkg/env/global/bin:/Library/Apple/usr/bin
SHELL=/bin/zsh
LANG=C.UTF-8

Signal Handlers:
   SIGSEGV: crash_handler in libjvm.dylib, mask=11100110000111110111111111111111, flags=SA_RESTART|SA_SIGINFO
    SIGBUS: crash_handler in libjvm.dylib, mask=11100110000111110111111111111111, flags=SA_RESTART|SA_SIGINFO
    SIGFPE: crash_handler in libjvm.dylib, mask=11100110000111110111111111111111, flags=SA_RESTART|SA_SIGINFO
   SIGPIPE: javaSignalHandler in libjvm.dylib, mask=11100110000111110111111111111111, flags=SA_RESTART|SA_SIGINFO
   SIGXFSZ: javaSignalHandler in libjvm.dylib, mask=11100110000111110111111111111111, flags=SA_RESTART|SA_SIGINFO
    SIGILL: crash_handler in libjvm.dylib, mask=11100110000111110111111111111111, flags=SA_RESTART|SA_SIGINFO
   SIGUSR2: SIG_IGN, mask=00000000000000000000000000000000, flags=none
  *** Handler was modified!
  *** Expected: SR_handler in libjvm.dylib, mask=00000000000000000000000000000000, flags=SA_RESTART|SA_SIGINFO
    SIGHUP: UserHandler in libjvm.dylib, mask=11100110000111110111111111111111, flags=SA_RESTART|SA_SIGINFO
    SIGINT: UserHandler in libjvm.dylib, mask=11100110000111110111111111111111, flags=SA_RESTART|SA_SIGINFO
   SIGTERM: UserHandler in libjvm.dylib, mask=11100110000111110111111111111111, flags=SA_RESTART|SA_SIGINFO
   SIGQUIT: UserHandler in libjvm.dylib, mask=11100110000111110111111111111111, flags=SA_RESTART|SA_SIGINFO
   SIGTRAP: crash_handler in libjvm.dylib, mask=11100110000111110111111111111111, flags=SA_RESTART|SA_SIGINFO


---------------  S Y S T E M  ---------------

OS:
uname: Darwin 25.6.0 Darwin Kernel Version 25.6.0: Fri May 15 01:58:00 PDT 2026; root:xnu-12377.160.49.0.1~42/RELEASE_ARM64_T8112 arm64
OS uptime: 3 days 22:04 hours
rlimit (soft/hard): STACK 8176k/65520k , CORE 0k/infinity , NPROC 1333/2000 , NOFILE 10240/infinity , AS infinity/infinity , CPU infinity/infinity , DATA infinity/infinity , FSIZE infinity/infinity , MEMLOCK infinity/infinity , RSS infinity/infinity
load average: 30.70 9.40 5.38

CPU: total 8 (initial active 8) 0x61:0x0:0xda33d83d:0, fp, simd, crc, lse

Memory: 16k page, physical 8388608k(197808k free), swap 3145728k(723072k free)

vm_info: Java HotSpot(TM) 64-Bit Server VM (17.0.12+8-LTS-286) for bsd-aarch64 JRE (17.0.12+8-LTS-286), built on Jun  5 2024 05:44:10 by "mach5one" with clang Apple LLVM 12.0.0 (clang-1200.0.32.29)

END.
