#
# A fatal error has been detected by the Java Runtime Environment:
#
#  SIGSEGV (0xb) at pc=0x000000018d4dc808, pid=8104, tid=106787
#
# JRE version: Java(TM) SE Runtime Environment (17.0.12+8) (build 17.0.12+8-LTS-286)
# Java VM: Java HotSpot(TM) 64-Bit Server VM (17.0.12+8-LTS-286, mixed mode, sharing, tiered, compressed oops, compressed class ptrs, g1 gc, bsd-aarch64)
# Problematic frame:
# C  [libobjcMsgSend.dylib+0x808]  objc_msgSend+0x8
#
# No core dump will be written. Core dumps have been disabled. To enable core dumping, try "ulimit -c unlimited" before starting Java again
#
# If you would like to submit a bug report, please visit:
#   https://bugreport.java.com/bugreport/crash.jsp
# The crash happened outside the Java Virtual Machine in native code.
# See problematic frame for where to report the bug.
#

---------------  S U M M A R Y ------------

Command Line: -Dcompose.application.configure.swing.globals=true -Dcompose.application.resources.dir=/Users/dimasadipratama/StudioProjects/ScannerKKP_MAC/composeApp/build/compose/tmp/prepareAppResources -Dfile.encoding=UTF-8 -Duser.country=US -Duser.language=en -Duser.variant org.bkkipmsemarang.kkp_scanner.MainKt

Host: "Mac14,2" arm64 1 MHz, 8 cores, 8G, Darwin 27.0.0, macOS 27.0 (26A5353q)
Time: Fri Jun 12 10:51:16 2026 WIB elapsed time: 54.392539 seconds (0d 0h 0m 54s)

---------------  T H R E A D  ---------------

Current thread (0x000000012d828800):  JavaThread "DefaultDispatcher-worker-1" daemon [_thread_in_native, id=106787, stack(0x000000016f538000,0x000000016f73b000)]

Stack: [0x000000016f538000,0x000000016f73b000],  sp=0x000000016f739f30,  free space=2055k
Native frames: (J=compiled Java code, j=interpreted, Vv=VM code, C=native code)
C  [libobjcMsgSend.dylib+0x808]  objc_msgSend+0x8
C  [libopencv_java490.dylib+0x910818]  CvCaptureCAM::grabFrame()+0x40
C  [libopencv_java490.dylib+0x8f5e28]  cvGrabFrame+0x18
C  [libopencv_java490.dylib+0x912d30]  cv::LegacyCapture::grabFrame()+0x14
C  [libopencv_java490.dylib+0x8f8cac]  cv::VideoCapture::grab()+0x38
C  [libopencv_java490.dylib+0x8f8e90]  cv::VideoCapture::read(cv::_OutputArray const&)+0x38
C  [libopencv_java490.dylib+0x8ca0c]  Java_org_opencv_videoio_VideoCapture_read_10+0x34
j  org.opencv.videoio.VideoCapture.read_0(JJ)Z+0
j  org.opencv.videoio.VideoCapture.read(Lorg/opencv/core/Mat;)Z+8
j  org.bkkipmsemarang.kkp_scanner.OpenPnPWebcamDevice.getImage()Ljava/awt/image/BufferedImage;+30
j  com.github.sarxos.webcam.ds.cgt.WebcamGetImageTask.handle()V+17
j  com.github.sarxos.webcam.WebcamTask.process()V+54
j  com.github.sarxos.webcam.ds.cgt.WebcamGetImageTask.getImage()Ljava/awt/image/BufferedImage;+1
j  com.github.sarxos.webcam.Webcam.getImage()Ljava/awt/image/BufferedImage;+47
j  org.bkkipmsemarang.kkp_scanner.QRScanScreenKt$QRScanScreen$3$1$job$1.invokeSuspend(Ljava/lang/Object;)Ljava/lang/Object;+222
J 3564 c1 kotlin.coroutines.jvm.internal.BaseContinuationImpl.resumeWith(Ljava/lang/Object;)V (124 bytes) @ 0x000000010f05d528 [0x000000010f05d0c0+0x0000000000000468]
J 3486 c1 kotlinx.coroutines.DispatchedTask.run()V (387 bytes) @ 0x000000010f03c344 [0x000000010f03adc0+0x0000000000001584]
j  kotlinx.coroutines.internal.LimitedDispatcher$Worker.run()V+9
j  kotlinx.coroutines.scheduling.TaskImpl.run()V+4
j  kotlinx.coroutines.scheduling.CoroutineScheduler.runSafely(Lkotlinx/coroutines/scheduling/Task;)V+2
j  kotlinx.coroutines.scheduling.CoroutineScheduler$Worker.executeTask(Lkotlinx/coroutines/scheduling/Task;)V+84
j  kotlinx.coroutines.scheduling.CoroutineScheduler$Worker.runWorker()V+44
j  kotlinx.coroutines.scheduling.CoroutineScheduler$Worker.run()V+1
v  ~StubRoutines::call_stub
V  [libjvm.dylib+0x46d360]  JavaCalls::call_helper(JavaValue*, methodHandle const&, JavaCallArguments*, JavaThread*)+0x38c
V  [libjvm.dylib+0x46c37c]  JavaCalls::call_virtual(JavaValue*, Klass*, Symbol*, Symbol*, JavaCallArguments*, JavaThread*)+0x11c
V  [libjvm.dylib+0x46c448]  JavaCalls::call_virtual(JavaValue*, Handle, Klass*, Symbol*, Symbol*, JavaThread*)+0x64
V  [libjvm.dylib+0x51fefc]  thread_entry(JavaThread*, JavaThread*)+0xc4
V  [libjvm.dylib+0x91b658]  JavaThread::thread_main_inner()+0x148
V  [libjvm.dylib+0x919f40]  Thread::call_run()+0x114
V  [libjvm.dylib+0x7b9f60]  thread_native_entry(Thread*)+0x158
C  [libsystem_pthread.dylib+0x6d38]  _pthread_start+0x88

Java frames: (J=compiled Java code, j=interpreted, Vv=VM code)
j  org.opencv.videoio.VideoCapture.read_0(JJ)Z+0
j  org.opencv.videoio.VideoCapture.read(Lorg/opencv/core/Mat;)Z+8
j  org.bkkipmsemarang.kkp_scanner.OpenPnPWebcamDevice.getImage()Ljava/awt/image/BufferedImage;+30
j  com.github.sarxos.webcam.ds.cgt.WebcamGetImageTask.handle()V+17
j  com.github.sarxos.webcam.WebcamTask.process()V+54
j  com.github.sarxos.webcam.ds.cgt.WebcamGetImageTask.getImage()Ljava/awt/image/BufferedImage;+1
j  com.github.sarxos.webcam.Webcam.getImage()Ljava/awt/image/BufferedImage;+47
j  org.bkkipmsemarang.kkp_scanner.QRScanScreenKt$QRScanScreen$3$1$job$1.invokeSuspend(Ljava/lang/Object;)Ljava/lang/Object;+222
J 3564 c1 kotlin.coroutines.jvm.internal.BaseContinuationImpl.resumeWith(Ljava/lang/Object;)V (124 bytes) @ 0x000000010f05d528 [0x000000010f05d0c0+0x0000000000000468]
J 3486 c1 kotlinx.coroutines.DispatchedTask.run()V (387 bytes) @ 0x000000010f03c344 [0x000000010f03adc0+0x0000000000001584]
j  kotlinx.coroutines.internal.LimitedDispatcher$Worker.run()V+9
j  kotlinx.coroutines.scheduling.TaskImpl.run()V+4
j  kotlinx.coroutines.scheduling.CoroutineScheduler.runSafely(Lkotlinx/coroutines/scheduling/Task;)V+2
j  kotlinx.coroutines.scheduling.CoroutineScheduler$Worker.executeTask(Lkotlinx/coroutines/scheduling/Task;)V+84
j  kotlinx.coroutines.scheduling.CoroutineScheduler$Worker.runWorker()V+44
j  kotlinx.coroutines.scheduling.CoroutineScheduler$Worker.run()V+1
v  ~StubRoutines::call_stub

siginfo: si_signo: 11 (SIGSEGV), si_code: 2 (SEGV_ACCERR), si_addr: 0x00000000000000d9

Registers:
 x0=0x00000000000000d9  x1=0x00000001fa1f4e30  x2=0x0000000000007d00  x3=0x0000000000007e01
 x4=0x00007d0000007e00  x5=0x00007e0100007e00  x6=0x0000000000000000  x7=0x000000003b9ac5cf
 x8=0xe0f56c202be500db  x9=0xe0f56c202be500db x10=0x00006000038986e4 x11=0x00006000038986e8
x12=0x0000000000000100 x13=0x0000000000000001 x14=0x0000000000007e00 x15=0x0000000000007d00
x16=0x000000018d4dc800 x17=0x00007d0000007e00 x18=0x0000000000000000 x19=0x0000600000d26a00
x20=0x0000000000000000 x21=0x0000000106ee9180 x22=0x0000000000000000 x23=0x000000000022eea9
x24=0x000000016f73a108 x25=0x0000007001107da8 x26=0x000000012443ca30 x27=0x0000007000000000
x28=0x000000012d828800  fp=0x000000016f739f40  lr=0x000000012c130ec8  sp=0x000000016f739f30
pc=0x000000018d4dc808 cpsr=0x0000000020001000

Register to memory mapping:

 x0=0x00000000000000d9 is an unknown value
 x1=0x00000001fa1f4e30 points into unknown readable memory: 0x73006b636f6c6e75 | 75 6e 6c 6f 63 6b 00 73
 x2=0x0000000000007d00 is an unknown value
 x3=0x0000000000007e01 is an unknown value
 x4=0x00007d0000007e00 is an unknown value
 x5=0x00007e0100007e00 is an unknown value
 x6=0x0 is NULL
 x7=0x000000003b9ac5cf is an unknown value
 x8=0xe0f56c202be500db is an unknown value
 x9=0xe0f56c202be500db is an unknown value
x10=0x00006000038986e4 points into unknown readable memory: 01 7e 00 00
x11=0x00006000038986e8 points into unknown readable memory: 0x0000000000007d00 | 00 7d 00 00 00 00 00 00
x12=0x0000000000000100 is an unknown value
x13=0x0000000000000001 is an unknown value
x14=0x0000000000007e00 is an unknown value
x15=0x0000000000007d00 is an unknown value
x16=0x000000018d4dc800: objc_msgSend+0 in /usr/lib/objc/libobjcMsgSend.dylib at 0x000000018d4dc000
x17=0x00007d0000007e00 is an unknown value
x18=0x0 is NULL
x19=0x0000600000d26a00 points into unknown readable memory: 0x00007b14094c6a00 | 00 6a 4c 09 14 7b 00 00
x20=0x0 is NULL
x21=0x0000000106ee9180: _ZN19TemplateInterpreter13_active_tableE+0 in /Library/Java/JavaVirtualMachines/jdk-17.jdk/Contents/Home/lib/server/libjvm.dylib at 0x000000010632c000
x22=0x0 is NULL
x23=2289321 is a compressed pointer to object: sun.awt.PostEventQueue 
{0x0000007001177548} - klass: 'sun/awt/PostEventQueue'
 - ---- fields (total size 4 words):
 - private 'queueHead' 'Lsun/awt/EventQueueItem;' @12  NULL (0)
 - private 'queueTail' 'Lsun/awt/EventQueueItem;' @16  NULL (0)
 - private final 'eventQueue' 'Ljava/awt/EventQueue;' @20  a 'java/awt/EventQueue'{0x0000007001114128} (222825)
 - private 'flushThread' 'Ljava/lang/Thread;' @24  NULL (0)
x24=0x000000016f73a108 is pointing into the stack for thread: 0x000000012d828800
x25=0x0000007001107da8 is an oop: java.util.HashMap 
{0x0000007001107da8} - klass: 'java/util/HashMap'
 - ---- fields (total size 6 words):
 - transient 'keySet' 'Ljava/util/Set;' @12  NULL (0)
 - transient 'values' 'Ljava/util/Collection;' @16  NULL (0)
 - transient 'size' 'I' @20  25 (19)
 - transient 'modCount' 'I' @24  37 (25)
 - 'threshold' 'I' @28  48 (30)
 - final 'loadFactor' 'F' @32  0.750000 (3f400000)
 - transient 'table' '[Ljava/util/HashMap$Node;' @36  a 'java/util/HashMap$Node'[64] {0x000000700110d478} (221a8f)
 - transient 'entrySet' 'Ljava/util/Set;' @40  NULL (0)
x26=0x000000012443ca30 is pointing into metadata
x27=0x0000007000000000 is an unknown value
x28=0x000000012d828800 is a thread


Top of Stack: (sp=0x000000016f739f30)
0x000000016f739f30:   0000600003640410 000060000183ae50
0x000000016f739f40:   000000016f739f70 000000012c130818
0x000000016f739f50:   0000000000000000 0000000106ee9180
0x000000016f739f60:   00006000036445b8 00006000036445b8
0x000000016f739f70:   000000016f739f80 000000012c115e28
0x000000016f739f80:   000000016f739f90 000000012c132d30
0x000000016f739f90:   000000016f739fe0 000000012c118cac
0x000000016f739fa0:   000000012443ca30 0000007001107da8
0x000000016f739fb0:   000000016f73a108 000000000022eea9
0x000000016f739fc0:   0000000000000000 0000000100000000
0x000000016f739fd0:   00006000036445b8 000000016f73a028
0x000000016f739fe0:   000000016f73a010 000000012c118e90
0x000000016f739ff0:   0000000000000000 0000007000000000
0x000000016f73a000:   000000016f73a060 000000012d828ab0
0x000000016f73a010:   000000016f73a050 000000012b8aca0c
0x000000016f73a020:   0000000000000000 e0f56c2002010000
0x000000016f73a030:   00006000032c48a0 0000000000000000
0x000000016f73a040:   000000016f73a060 0000000115fb3700
0x000000016f73a050:   000000016f73a0d0 0000000115fb58ec
0x000000016f73a060:   000000016f73a090 0000000115fb372c
0x000000016f73a070:   00006000032c48a0 0000000000000000
0x000000016f73a080:   000000016f73a080 0000000000000000
0x000000016f73a090:   000000016f73a108 000000012443ca30
0x000000016f73a0a0:   0000007000b95718 0000000000000000
0x000000016f73a0b0:   0000000000000000 000000012443c638
0x000000016f73a0c0:   0000000000000000 000000016f73a0d0
0x000000016f73a0d0:   000000016f73a160 0000000115fb1e68
0x000000016f73a0e0:   0000000000000000 0000007000b95718
0x000000016f73a0f0:   00006000032c48a0 0000000000000000
0x000000016f73a100:   00006000055343d0 0000000000000000
0x000000016f73a110:   000000016f73a110 000000012443b6b8
0x000000016f73a120:   000000016f73a178 000000012443ca30 

Instructions: (pc=0x000000018d4dc808)
0x000000018d4dc708:   00000000 00000000 00000000 00000000
0x000000018d4dc718:   00000000 00000000 00000000 00000000
0x000000018d4dc728:   00000000 00000000 00000000 00000000
0x000000018d4dc738:   00000000 00000000 00000000 00000000
0x000000018d4dc748:   00000000 00000000 00000000 00000000
0x000000018d4dc758:   00000000 00000000 00000000 00000000
0x000000018d4dc768:   00000000 00000000 00000000 00000000
0x000000018d4dc778:   00000000 00000000 00000000 00000000
0x000000018d4dc788:   00000000 00000000 00000000 00000000
0x000000018d4dc798:   00000000 00000000 00000000 00000000
0x000000018d4dc7a8:   00000000 00000000 00000000 00000000
0x000000018d4dc7b8:   00000000 00000000 00000000 00000000
0x000000018d4dc7c8:   00000000 00000000 00000000 00000000
0x000000018d4dc7d8:   00000000 00000000 00000000 00000000
0x000000018d4dc7e8:   00000000 00000000 00000000 00000000
0x000000018d4dc7f8:   00000000 00000000 f100001f 540003ed
0x000000018d4dc808:   f940000e 927dcdd0 aa0003ea f2ed5c2a
0x000000018d4dc818:   dac11950 aa1003ef f9400a0b 9240bd6a
0x000000018d4dc828:   d370fd6b ca411c2c 0a0b018c 8b0c114d
0x000000018d4dc838:   a8ff25b1 eb01013f 54000081 ca01014a
0x000000018d4dc848:   ca10014a d71f0e2a b4001789 eb0a01bf
0x000000018d4dc858:   54ffff02 8b2b514d 8b0c114c a8ff25b1
0x000000018d4dc868:   eb01013f 54fffec0 f100013f fa4c11a0
0x000000018d4dc878:   54ffff68 140000b1 540001a0 9240080a
0x000000018d4dc888:   9377fc0b f1001d5f 9a8a016c 902c11ea
0x000000018d4dc898:   f943294a 8b0c0d4a f940014e aa0e03f0
0x000000018d4dc8a8:   f2f1f3aa dac11d50 17ffffdb d2800001
0x000000018d4dc8b8:   2f00e400 2f00e401 2f00e402 2f00e403
0x000000018d4dc8c8:   d65f03c0 d503201f d503201f d503201f
0x000000018d4dc8d8:   d503201f d503201f f100001f 540004cd
0x000000018d4dc8e8:   f940000d 927dcdb0 aa0003ea f2ed5c2a
0x000000018d4dc8f8:   dac11950 aa1003ef f9400a0b 9240bd6a 


Stack slot to memory mapping:
stack at sp + 0 slots: 0x0000600003640410 points into unknown readable memory: 0x00007b140afa0410 | 10 04 fa 0a 14 7b 00 00
stack at sp + 1 slots: 0x000060000183ae50 points into unknown readable memory: 0x01000001eb9a49e1 | e1 49 9a eb 01 00 00 01
stack at sp + 2 slots: 0x000000016f739f70 is pointing into the stack for thread: 0x000000012d828800
stack at sp + 3 slots: 0x000000012c130818: _ZN12CvCaptureCAM9grabFrameEv+0x40 in /private/var/folders/qs/1z8n9dmd7zzb94z08tkj426h0000gn/T/opencv_openpnp3034583366340251889/nu/pattern/opencv/osx/ARMv8/libopencv_java490.dylib at 0x000000012b820000
stack at sp + 4 slots: 0x0 is NULL
stack at sp + 5 slots: 0x0000000106ee9180: _ZN19TemplateInterpreter13_active_tableE+0 in /Library/Java/JavaVirtualMachines/jdk-17.jdk/Contents/Home/lib/server/libjvm.dylib at 0x000000010632c000
stack at sp + 6 slots: 0x00006000036445b8 points into unknown readable memory: 0x000000012c902bc8 | c8 2b 90 2c 01 00 00 00
stack at sp + 7 slots: 0x00006000036445b8 points into unknown readable memory: 0x000000012c902bc8 | c8 2b 90 2c 01 00 00 00


Compiled method (c1)   54409 3564   !   3       kotlin.coroutines.jvm.internal.BaseContinuationImpl::resumeWith (124 bytes)
 total in heap  [0x000000010f05cb10,0x000000010f05faa8] = 12184
 relocation     [0x000000010f05cc68,0x000000010f05d090] = 1064
 main code      [0x000000010f05d0c0,0x000000010f05ebc0] = 6912
 stub code      [0x000000010f05ebc0,0x000000010f05ef38] = 888
 oops           [0x000000010f05ef38,0x000000010f05ef60] = 40
 metadata       [0x000000010f05ef60,0x000000010f05f0e0] = 384
 scopes data    [0x000000010f05f0e0,0x000000010f05f5c0] = 1248
 scopes pcs     [0x000000010f05f5c0,0x000000010f05fa30] = 1136
 dependencies   [0x000000010f05fa30,0x000000010f05fa38] = 8
 handler table  [0x000000010f05fa38,0x000000010f05fa50] = 24
 nul chk table  [0x000000010f05fa50,0x000000010f05faa8] = 88

[Constant Pool (empty)]

[MachCode]
[Entry Point]
  # {method} {0x000000012487b3c8} 'resumeWith' '(Ljava/lang/Object;)V' in 'kotlin/coroutines/jvm/internal/BaseContinuationImpl'
  # this:     c_rarg1:c_rarg1 
                        = 'kotlin/coroutines/jvm/internal/BaseContinuationImpl'
  # parm0:    c_rarg2:c_rarg2 
                        = 'java/lang/Object'
  #           [sp+0x120]  (sp of caller)
  0x000000010f05d0c0: 2808 40b9 | 3f01 086b | c001 0054 

  0x000000010f05d0cc: ;   {runtime_call ic_miss_stub}
  0x000000010f05d0cc: cd1b be15 | 1f20 03d5 | 1f20 03d5 | 1f20 03d5 | 1f20 03d5 | 1f20 03d5 | 1f20 03d5 | 1f20 03d5 
  0x000000010f05d0ec: 1f20 03d5 | 1f20 03d5 | 1f20 03d5 | 1f20 03d5 | 1f20 03d5 
[Verified Entry Point]
  0x000000010f05d100: 1f20 03d5 | e953 40d1 | 3f01 00f9 | ff83 04d1 | fd7b 11a9 

  0x000000010f05d114: ;   {metadata(method data for {method} {0x000000012487b3c8} 'resumeWith' '(Ljava/lang/Object;)V' in 'kotlin/coroutines/jvm/internal/BaseContinuationImpl')}
  0x000000010f05d114: 007e 87d2 | 80db a4f2 | 2000 c0f2 | 03ac 40b9 | 6308 0011 | 03ac 00b9 | 6324 1f12 | 7f00 0071 
  0x000000010f05d134: 20b3 0054 | 0101 00b5 

  0x000000010f05d13c: ;   {metadata(method data for {method} {0x000000012487b3c8} 'resumeWith' '(Ljava/lang/Object;)V' in 'kotlin/coroutines/jvm/internal/BaseContinuationImpl')}
  0x000000010f05d13c: 057e 87d2 | 85db a4f2 | 2500 c0f2 | a8a4 4339 | 0801 40b2 | a8a4 0339 | 3d00 0014 

  0x000000010f05d158: ;   {metadata('kotlin/coroutines/Continuation')}
  0x000000010f05d158: 040e 9dd2 | 0422 a0f2 | 0411 c0f2 | 2508 40b9 | 0511 c0f2 | a810 40f9 | 9f00 08eb | e000 0054 
  0x000000010f05d178: bf00 04eb | a000 0054 | e513 bfa9 

  0x000000010f05d184: ;   {runtime_call slow_subtype_check Runtime1 stub}
  0x000000010f05d184: ff09 c195 | e507 41f8 | e504 0034 

  0x000000010f05d190: ;   {metadata(method data for {method} {0x000000012487b3c8} 'resumeWith' '(Ljava/lang/Object;)V' in 'kotlin/coroutines/jvm/internal/BaseContinuationImpl')}
  0x000000010f05d190: 057e 87d2 | 85db a4f2 | 2500 c0f2 | 2408 40b9 | 0411 c0f2 | a900 0491 | 2801 40f9 | 9f00 08eb 
  0x000000010f05d1b0: a100 0054 | a884 40f9 | 0805 0091 | a884 00f9 | 2200 0014 | a940 0491 | 2801 40f9 | 9f00 08eb 
  0x000000010f05d1d0: a100 0054 | a88c 40f9 | 0805 0091 | a88c 00f9 | 1a00 0014 | a900 0491 | 2801 40f9 | c800 00b5 
  0x000000010f05d1f0: 2401 00f9 | e803 40b2 | a920 0491 | 2801 00f9 | 1200 0014 | a940 0491 | 2801 40f9 | c800 00b5 
  0x000000010f05d210: 2401 00f9 | e803 40b2 | a960 0491 | 2801 00f9 | 0a00 0014 | 0900 0014 

  0x000000010f05d228: ;   {metadata(method data for {method} {0x000000012487b3c8} 'resumeWith' '(Ljava/lang/Object;)V' in 'kotlin/coroutines/jvm/internal/BaseContinuationImpl')}
  0x000000010f05d228: 057e 87d2 | 85db a4f2 | 2500 c0f2 | a878 40f9 | 0805 00d1 | a878 00f9 | 5e05 0014 | 0100 0014 
  0x000000010f05d248: e003 01aa 

  0x000000010f05d24c: ;   {metadata(method data for {method} {0x000000012487b3c8} 'resumeWith' '(Ljava/lang/Object;)V' in 'kotlin/coroutines/jvm/internal/BaseContinuationImpl')}
  0x000000010f05d24c: 037e 87d2 | 83db a4f2 | 2300 c0f2 | 6894 40f9 | 0805 0091 | 6894 00f9 

  0x000000010f05d264: ;   {metadata(method data for {method} {0x00000001248a22f8} 'probeCoroutineResumed' '(Lkotlin/coroutines/Continuation;)V' in 'kotlin/coroutines/jvm/internal/DebugProbesKt')}
  0x000000010f05d264: 0392 87d2 | 23da a4f2 | 2300 c0f2 | 64ac 40b9 | 8408 0011 | 64ac 00b9 | 844c 1f12 | 9f00 0071 
  0x000000010f05d284: e0a9 0054 

  0x000000010f05d288: ;   {metadata(method data for {method} {0x00000001248a22f8} 'probeCoroutineResumed' '(Lkotlin/coroutines/Continuation;)V' in 'kotlin/coroutines/jvm/internal/DebugProbesKt')}
  0x000000010f05d288: 0392 87d2 | 23da a4f2 | 2300 c0f2 | 6878 40f9 | 0805 0091 | 6878 00f9 

  0x000000010f05d2a0: ;   {metadata(method data for {method} {0x00000001246bfc98} 'checkNotNullParameter' '(Ljava/lang/Object;Ljava/lang/String;)V' in 'kotlin/jvm/internal/Intrinsics')}
  0x000000010f05d2a0: 033c 8ed2 | a394 a4f2 | 2300 c0f2 | 64ac 40b9 | 8408 0011 | 64ac 00b9 | 844c 1f12 | 9f00 0071 
  0x000000010f05d2c0: 00a9 0054 | e303 1faa | 1f00 03eb 

  0x000000010f05d2cc: ;   {metadata(method data for {method} {0x00000001246bfc98} 'checkNotNullParameter' '(Ljava/lang/Object;Ljava/lang/String;)V' in 'kotlin/jvm/internal/Intrinsics')}
  0x000000010f05d2cc: 003c 8ed2 | a094 a4f2 | 2000 c0f2 | e803 78b2 | e90f 7cb2 | 0301 899a | 0468 63f8 | 8404 0091 
  0x000000010f05d2ec: 0468 23f8 | a069 0054 | 0101 00b5 

  0x000000010f05d2f8: ;   {metadata(method data for {method} {0x000000012487b3c8} 'resumeWith' '(Ljava/lang/Object;)V' in 'kotlin/coroutines/jvm/internal/BaseContinuationImpl')}
  0x000000010f05d2f8: 047e 87d2 | 84db a4f2 | 2400 c0f2 | 88c4 4439 | 0801 40b2 | 88c4 0439 | 3700 0014 

  0x000000010f05d314: ;   {metadata('kotlin/coroutines/jvm/internal/BaseContinuationImpl')}
  0x000000010f05d314: 038e 9dd2 | 0322 a0f2 | 0311 c0f2 | 2408 40b9 | 0411 c0f2 | 881c 40f9 | 7f00 08eb | e104 0054 
  0x000000010f05d334: ;   {metadata(method data for {method} {0x000000012487b3c8} 'resumeWith' '(Ljava/lang/Object;)V' in 'kotlin/coroutines/jvm/internal/BaseContinuationImpl')}
  0x000000010f05d334: 047e 87d2 | 84db a4f2 | 2400 c0f2 | 2308 40b9 | 0311 c0f2 | 8920 0591 | 2801 40f9 | 7f00 08eb 
  0x000000010f05d354: a100 0054 | 88a8 40f9 | 0805 0091 | 88a8 00f9 | 2200 0014 | 8960 0591 | 2801 40f9 | 7f00 08eb 
  0x000000010f05d374: a100 0054 | 88b0 40f9 | 0805 0091 | 88b0 00f9 | 1a00 0014 | 8920 0591 | 2801 40f9 | c800 00b5 
  0x000000010f05d394: 2301 00f9 | e803 40b2 | 8940 0591 | 2801 00f9 | 1200 0014 | 8960 0591 | 2801 40f9 | c800 00b5 
  0x000000010f05d3b4: 2301 00f9 | e803 40b2 | 8980 0591 | 2801 00f9 | 0a00 0014 | 0900 0014 

  0x000000010f05d3cc: ;   {metadata(method data for {method} {0x000000012487b3c8} 'resumeWith' '(Ljava/lang/Object;)V' in 'kotlin/coroutines/jvm/internal/BaseContinuationImpl')}
  0x000000010f05d3cc: 047e 87d2 | 84db a4f2 | 2400 c0f2 | 889c 40f9 | 0805 00d1 | 889c 00f9 | 0705 0014 | 0100 0014 
  0x000000010f05d3ec: e003 01aa 

  0x000000010f05d3f0: ; implicit exception: dispatches to 0x000000010f05e808
  0x000000010f05d3f0: 030c 40b9 | 4300 00b4 | 630f 038b | e35b 00f9 

  0x000000010f05d400: ;   {metadata(method data for {method} {0x000000012487b3c8} 'resumeWith' '(Ljava/lang/Object;)V' in 'kotlin/coroutines/jvm/internal/BaseContinuationImpl')}
  0x000000010f05d400: 017e 87d2 | 81db a4f2 | 2100 c0f2 | 28b8 40f9 | 0805 0091 | 28b8 00f9 

  0x000000010f05d418: ;   {metadata(method data for {method} {0x00000001246becf8} 'checkNotNull' '(Ljava/lang/Object;)V' in 'kotlin/jvm/internal/Intrinsics')}
  0x000000010f05d418: 01e1 88d2 | e1a9 a4f2 | 2100 c0f2 | 24ac 40b9 | 8408 0011 | 24ac 00b9 | 844c 1f12 | 9f00 0071 
  0x000000010f05d438: a09e 0054 | e103 1faa | 7f00 01eb 

  0x000000010f05d444: ;   {metadata(method data for {method} {0x00000001246becf8} 'checkNotNull' '(Ljava/lang/Object;)V' in 'kotlin/jvm/internal/Intrinsics')}
  0x000000010f05d444: 01e1 88d2 | e1a9 a4f2 | 2100 c0f2 | e803 78b2 | e90f 7cb2 | 0401 899a | 2568 64f8 | a504 0091 
  0x000000010f05d464: 2568 24f8 | e04f 0054 | e103 00aa 

  0x000000010f05d470: ;   {metadata(method data for {method} {0x000000012487b3c8} 'resumeWith' '(Ljava/lang/Object;)V' in 'kotlin/coroutines/jvm/internal/BaseContinuationImpl')}
  0x000000010f05d470: 047e 87d2 | 84db a4f2 | 2400 c0f2 | 2108 40b9 | 0111 c0f2 | 8940 0691 | 2801 40f9 | 3f00 08eb 
  0x000000010f05d490: a100 0054 | 88cc 40f9 | 0805 0091 | 88cc 00f9 | 1c00 0014 | 8980 0691 | 2801 40f9 | 3f00 08eb 
  0x000000010f05d4b0: a100 0054 | 88d4 40f9 | 0805 0091 | 88d4 00f9 | 1400 0014 | 8940 0691 | 2801 40f9 | c800 00b5 
  0x000000010f05d4d0: 2101 00f9 | e803 40b2 | 8960 0691 | 2801 00f9 | 0c00 0014 | 8980 0691 | 2801 40f9 | c800 00b5 
  0x000000010f05d4f0: 2101 00f9 | e803 40b2 | 89a0 0691 | 2801 00f9 | 0400 0014 | 88c0 40f9 | 0805 0091 | 88c0 00f9 
  0x000000010f05d510: e103 00aa | e057 00f9 | e9ff 9fd2 | e9ff bff2 | e9ff dff2 

  0x000000010f05d524: ; ImmutableOopMap {[176]=Oop [168]=Oop }
                      ;*invokevirtual invokeSuspend {reexecute=0 rethrow=0 return_oop=0}
                      ; - kotlin.coroutines.jvm.internal.BaseContinuationImpl::resumeWith@40 (line 33)
                      ;   {virtual_call}
  0x000000010f05d524: 2d65 c195 

  0x000000010f05d528: ;   {metadata(method data for {method} {0x000000012487b3c8} 'resumeWith' '(Ljava/lang/Object;)V' in 'kotlin/coroutines/jvm/internal/BaseContinuationImpl')}
  0x000000010f05d528: 037e 87d2 | 83db a4f2 | 2300 c0f2 | 68dc 40f9 | 0805 0091 | 68dc 00f9 

  0x000000010f05d540: ;   {metadata(method data for {method} {0x00000001248a0490} 'getCOROUTINE_SUSPENDED' '()Ljava/lang/Object;' in 'kotlin/coroutines/intrinsics/IntrinsicsKt__IntrinsicsKt')}
  0x000000010f05d540: 03d4 89d2 | e3d9 a4f2 | 2300 c0f2 | 64ac 40b9 | 8408 0011 | 64ac 00b9 | 844c 1f12 | 9f00 0071 
  0x000000010f05d560: 6096 0054 

  0x000000010f05d564: ;   {oop(a 'kotlin/coroutines/intrinsics/CoroutineSingletons'{0x00000070011955d8})}
  0x000000010f05d564: 03bb 8ad2 | 2323 a0f2 | 030e c0f2 | 1f00 03eb 

  0x000000010f05d574: ;   {metadata(method data for {method} {0x000000012487b3c8} 'resumeWith' '(Ljava/lang/Object;)V' in 'kotlin/coroutines/jvm/internal/BaseContinuationImpl')}
  0x000000010f05d574: 037e 87d2 | 83db a4f2 | 2300 c0f2 | 083b 80d2 | 0939 80d2 | 0401 899a | 6a68 64f8 | 4a05 0091 
  0x000000010f05d594: 6a68 24f8 | c06a 0054 

  0x000000010f05d59c: ;   {metadata(method data for {method} {0x000000012487b3c8} 'resumeWith' '(Ljava/lang/Object;)V' in 'kotlin/coroutines/jvm/internal/BaseContinuationImpl')}
  0x000000010f05d59c: 037e 87d2 | 83db a4f2 | 2300 c0f2 | 68f4 40f9 | 0805 0091 | 68f4 00f9 

  0x000000010f05d5b4: ;   {metadata(method data for {method} {0x00000001248ad000} 'constructor-impl' '(Ljava/lang/Object;)Ljava/lang/Object;' in 'kotlin/Result')}
  0x000000010f05d5b4: 03fb 98d2 | e3d9 a4f2 | 2300 c0f2 | 64ac 40b9 | 8408 0011 | 64ac 00b9 | 844c 1f12 | 9f00 0071 
  0x000000010f05d5d4: c093 0054 

  0x000000010f05d5d8: ;   {metadata(method data for {method} {0x000000012487b3c8} 'resumeWith' '(Ljava/lang/Object;)V' in 'kotlin/coroutines/jvm/internal/BaseContinuationImpl')}
  0x000000010f05d5d8: 037e 87d2 | 83db a4f2 | 2300 c0f2 | 64fc 40f9 | 8404 0091 | 64fc 00f9 | 9300 0014 | 80ef 41f9 
  0x000000010f05d5f8: 9fef 01f9 | 9ff3 01f9 

  0x000000010f05d600: ;   {metadata(method data for {method} {0x000000012487b3c8} 'resumeWith' '(Ljava/lang/Object;)V' in 'kotlin/coroutines/jvm/internal/BaseContinuationImpl')}
  0x000000010f05d600: 037e 87d2 | 83db a4f2 | 2300 c0f2 | 6808 41f9 | 0805 0091 | 6808 01f9 

  0x000000010f05d618: ;   {metadata(method data for {method} {0x00000001248c09c0} 'createFailure' '(Ljava/lang/Throwable;)Ljava/lang/Object;' in 'kotlin/ResultKt')}
  0x000000010f05d618: 0316 85d2 | 03db a4f2 | 2300 c0f2 | 64ac 40b9 | 8408 0011 | 64ac 00b9 | 844c 1f12 | 9f00 0071 
  0x000000010f05d638: a091 0054 

  0x000000010f05d63c: ;   {metadata(method data for {method} {0x00000001248c09c0} 'createFailure' '(Ljava/lang/Throwable;)Ljava/lang/Object;' in 'kotlin/ResultKt')}
  0x000000010f05d63c: 0316 85d2 | 03db a4f2 | 2300 c0f2 | 6878 40f9 | 0805 0091 | 6878 00f9 

  0x000000010f05d654: ;   {metadata(method data for {method} {0x00000001246bfc98} 'checkNotNullParameter' '(Ljava/lang/Object;Ljava/lang/String;)V' in 'kotlin/jvm/internal/Intrinsics')}
  0x000000010f05d654: 033c 8ed2 | a394 a4f2 | 2300 c0f2 | 64ac 40b9 | 8408 0011 | 64ac 00b9 | 844c 1f12 | 9f00 0071 
  0x000000010f05d674: c090 0054 | e303 1faa | 1f00 03eb 

  0x000000010f05d680: ;   {metadata(method data for {method} {0x00000001246bfc98} 'checkNotNullParameter' '(Ljava/lang/Object;Ljava/lang/String;)V' in 'kotlin/jvm/internal/Intrinsics')}
  0x000000010f05d680: 033c 8ed2 | a394 a4f2 | 2300 c0f2 | e803 78b2 | e90f 7cb2 | 0401 899a | 6a68 64f8 | 4a05 0091 
  0x000000010f05d6a0: 6a68 24f8 | c02e 0054 

  0x000000010f05d6a8: ;   {metadata('kotlin/Result$Failure')}
  0x000000010f05d6a8: 0308 8bd2 | 2322 a0f2 | 0311 c0f2 | e203 00aa | 8087 40f9 | 0b40 0091 | 888f 40f9 | 7f01 08eb 
  0x000000010f05d6c8: 288f 0054 | 8b87 00f9 | ea03 40b2 | 0a00 00f9 | ea03 032a | 0a7c 0129 | bf3a 03d5 | e103 00aa 
  0x000000010f05d6e8: ;   {metadata(method data for {method} {0x00000001248c09c0} 'createFailure' '(Ljava/lang/Throwable;)Ljava/lang/Object;' in 'kotlin/ResultKt')}
  0x000000010f05d6e8: 0316 85d2 | 03db a4f2 | 2300 c0f2 | 6880 40f9 | 0805 0091 | 6880 00f9 

  0x000000010f05d700: ;   {metadata(method data for {method} {0x00000001248b0d90} '<init>' '(Ljava/lang/Throwable;)V' in 'kotlin/Result$Failure')}
  0x000000010f05d700: 0140 85d2 | 01db a4f2 | 2100 c0f2 | 23ac 40b9 | 6308 0011 | 23ac 00b9 | 634c 1f12 | 7f00 0071 
  0x000000010f05d720: a08c 0054 

  0x000000010f05d724: ;   {metadata(method data for {method} {0x00000001248b0d90} '<init>' '(Ljava/lang/Throwable;)V' in 'kotlin/Result$Failure')}
  0x000000010f05d724: 0140 85d2 | 01db a4f2 | 2100 c0f2 | 2878 40f9 | 0805 0091 | 2878 00f9 

  0x000000010f05d73c: ;   {metadata(method data for {method} {0x00000001246bfc98} 'checkNotNullParameter' '(Ljava/lang/Object;Ljava/lang/String;)V' in 'kotlin/jvm/internal/Intrinsics')}
  0x000000010f05d73c: 013c 8ed2 | a194 a4f2 | 2100 c0f2 | 23ac 40b9 | 6308 0011 | 23ac 00b9 | 634c 1f12 | 7f00 0071 
  0x000000010f05d75c: c08b 0054 | e103 1faa | 5f00 01eb 

  0x000000010f05d768: ;   {metadata(method data for {method} {0x00000001246bfc98} 'checkNotNullParameter' '(Ljava/lang/Object;Ljava/lang/String;)V' in 'kotlin/jvm/internal/Intrinsics')}
  0x000000010f05d768: 013c 8ed2 | a194 a4f2 | 2100 c0f2 | e803 78b2 | e90f 7cb2 | 0301 899a | 2468 63f8 | 8404 0091 
  0x000000010f05d788: 2468 23f8 | 4018 0054 | e103 00aa 

  0x000000010f05d794: ;   {metadata(method data for {method} {0x00000001248b0d90} '<init>' '(Ljava/lang/Throwable;)V' in 'kotlin/Result$Failure')}
  0x000000010f05d794: 0340 85d2 | 03db a4f2 | 2300 c0f2 | 6880 40f9 | 0805 0091 | 6880 00f9 

  0x000000010f05d7ac: ;   {metadata(method data for {method} {0x0000008800449ec0} '<init>' '()V' in 'java/lang/Object')}
  0x000000010f05d7ac: 018c 90d2 | 0180 a4f2 | 2100 c0f2 | 23ac 40b9 | 6308 0011 | 23ac 00b9 | 634c 1f12 | 7f00 0071 
  0x000000010f05d7cc: 4089 0054 | 81e3 4039 | 3f00 0071 | e189 0054 | 4800 1beb | 0821 9f9a | 08fd 43d3 | 080c 00b9 
  0x000000010f05d7ec: 0100 02ca | 21fc 54d3 | 3f00 00f1 | c189 0054 | bf3a 03d5 

  0x000000010f05d800: ;   {metadata(method data for {method} {0x000000012487b3c8} 'resumeWith' '(Ljava/lang/Object;)V' in 'kotlin/coroutines/jvm/internal/BaseContinuationImpl')}
  0x000000010f05d800: 017e 87d2 | 81db a4f2 | 2100 c0f2 | 2810 41f9 | 0805 0091 | 2810 01f9 

  0x000000010f05d818: ;   {metadata(method data for {method} {0x00000001248ad000} 'constructor-impl' '(Ljava/lang/Object;)Ljava/lang/Object;' in 'kotlin/Result')}
  0x000000010f05d818: 01fb 98d2 | e1d9 a4f2 | 2100 c0f2 | 22ac 40b9 | 4208 0011 | 22ac 00b9 | 424c 1f12 | 5f00 0071 
  0x000000010f05d838: 4088 0054 | e05f 00f9 | e157 40f9 

  0x000000010f05d844: ;   {metadata(method data for {method} {0x000000012487b3c8} 'resumeWith' '(Ljava/lang/Object;)V' in 'kotlin/coroutines/jvm/internal/BaseContinuationImpl')}
  0x000000010f05d844: 027e 87d2 | 82db a4f2 | 2200 c0f2 | 2108 40b9 | 0111 c0f2 | 4900 0991 | 2801 40f9 | 3f00 08eb 
  0x000000010f05d864: a100 0054 | 4824 41f9 | 0805 0091 | 4824 01f9 | 1c00 0014 | 4940 0991 | 2801 40f9 | 3f00 08eb 
  0x000000010f05d884: a100 0054 | 482c 41f9 | 0805 0091 | 482c 01f9 | 1400 0014 | 4900 0991 | 2801 40f9 | c800 00b5 
  0x000000010f05d8a4: 2101 00f9 | e803 40b2 | 4920 0991 | 2801 00f9 | 0c00 0014 | 4940 0991 | 2801 40f9 | c800 00b5 
  0x000000010f05d8c4: 2101 00f9 | e803 40b2 | 4960 0991 | 2801 00f9 | 0400 0014 | 4818 41f9 | 0805 0091 | 4818 01f9 
  0x000000010f05d8e4: e157 40f9 | e9ff 9fd2 | e9ff bff2 | e9ff dff2 

  0x000000010f05d8f4: ; ImmutableOopMap {[176]=Oop [184]=Oop }
                      ;*invokevirtual releaseIntercepted {reexecute=0 rethrow=0 return_oop=0}
                      ; - kotlin.coroutines.jvm.internal.BaseContinuationImpl::resumeWith@90 (line 39)
                      ;   {virtual_call}
  0x000000010f05d8f4: 7962 c195 | e35b 40f9 | 0301 00b5 

  0x000000010f05d900: ;   {metadata(method data for {method} {0x000000012487b3c8} 'resumeWith' '(Ljava/lang/Object;)V' in 'kotlin/coroutines/jvm/internal/BaseContinuationImpl')}
  0x000000010f05d900: 0b7e 87d2 | 8bdb a4f2 | 2b00 c0f2 | 6885 4939 | 0801 40b2 | 6885 0939 | 3700 0014 

  0x000000010f05d91c: ;   {metadata('kotlin/coroutines/jvm/internal/BaseContinuationImpl')}
  0x000000010f05d91c: 0a8e 9dd2 | 0a22 a0f2 | 0a11 c0f2 | 6b08 40b9 | 0b11 c0f2 | 681d 40f9 | 5f01 08eb | e104 0054 
  0x000000010f05d93c: ;   {metadata(method data for {method} {0x000000012487b3c8} 'resumeWith' '(Ljava/lang/Object;)V' in 'kotlin/coroutines/jvm/internal/BaseContinuationImpl')}
  0x000000010f05d93c: 0b7e 87d2 | 8bdb a4f2 | 2b00 c0f2 | 6a08 40b9 | 0a11 c0f2 | 69e1 0991 | 2801 40f9 | 5f01 08eb 
  0x000000010f05d95c: a100 0054 | 6841 41f9 | 0805 0091 | 6841 01f9 | 2400 0014 | 6921 0a91 | 2801 40f9 | 5f01 08eb 
  0x000000010f05d97c: a100 0054 | 6849 41f9 | 0805 0091 | 6849 01f9 | 1c00 0014 | 69e1 0991 | 2801 40f9 | c800 00b5 
  0x000000010f05d99c: 2a01 00f9 | e803 40b2 | 6901 0a91 | 2801 00f9 | 1400 0014 | 6921 0a91 | 2801 40f9 | c800 00b5 
  0x000000010f05d9bc: 2a01 00f9 | e803 40b2 | 6941 0a91 | 2801 00f9 | 0c00 0014 | 0b00 0014 

  0x000000010f05d9d4: ;   {metadata(method data for {method} {0x000000012487b3c8} 'resumeWith' '(Ljava/lang/Object;)V' in 'kotlin/coroutines/jvm/internal/BaseContinuationImpl')}
  0x000000010f05d9d4: 0b7e 87d2 | 8bdb a4f2 | 2b00 c0f2 | 6835 41f9 | 0805 00d1 | 6835 01f9 | 0200 0014 | 0300 0014 
  0x000000010f05d9f4: e003 1faa | 0200 0014 | e003 40b2 | 1f00 0071 

  0x000000010f05da04: ;   {metadata(method data for {method} {0x000000012487b3c8} 'resumeWith' '(Ljava/lang/Object;)V' in 'kotlin/coroutines/jvm/internal/BaseContinuationImpl')}
  0x000000010f05da04: 007e 87d2 | 80db a4f2 | 2000 c0f2 | 0854 80d2 | 0956 80d2 | 0401 899a | 0a68 64f8 | 4a05 0091 
  0x000000010f05da24: 0a68 24f8 | 603f 0054 

  0x000000010f05da2c: ;   {metadata(method data for {method} {0x000000012487b3c8} 'resumeWith' '(Ljava/lang/Object;)V' in 'kotlin/coroutines/jvm/internal/BaseContinuationImpl')}
  0x000000010f05da2c: 007e 87d2 | 80db a4f2 | 2000 c0f2 | 0460 41f9 | 8404 0091 | 0460 01f9 

  0x000000010f05da44: ;   {metadata(method data for {method} {0x000000012487b3c8} 'resumeWith' '(Ljava/lang/Object;)V' in 'kotlin/coroutines/jvm/internal/BaseContinuationImpl')}
  0x000000010f05da44: 007e 87d2 | 80db a4f2 | 2000 c0f2 | 04b0 40b9 | 8408 0011 | 04b0 00b9 | 8430 1f12 | 9f00 0071 
  0x000000010f05da64: e077 0054 

  0x000000010f05da68: ; ImmutableOopMap {[184]=Oop c_rarg3=Oop [176]=Oop }
                      ;*goto {reexecute=1 rethrow=0 return_oop=0}
                      ; - (reexecute) kotlin.coroutines.jvm.internal.BaseContinuationImpl::resumeWith@121 (line 29)
  0x000000010f05da68: 88ab 41f9 

  0x000000010f05da6c: ;   {poll}
  0x000000010f05da6c: 1f01 40b9 

  0x000000010f05da70: ;   {metadata(method data for {method} {0x000000012487b3c8} 'resumeWith' '(Ljava/lang/Object;)V' in 'kotlin/coroutines/jvm/internal/BaseContinuationImpl')}
  0x000000010f05da70: 007e 87d2 | 80db a4f2 | 2000 c0f2 | 0488 41f9 | 8404 0091 | 0488 01f9 | e25f 40f9 | e103 03aa 
  0x000000010f05da90: aafd ff17 | e08b 0ca9 

  0x000000010f05da98: ;   {metadata(method data for {method} {0x00000001246bfc98} 'checkNotNullParameter' '(Ljava/lang/Object;Ljava/lang/String;)V' in 'kotlin/jvm/internal/Intrinsics')}
  0x000000010f05da98: 043c 8ed2 | a494 a4f2 | 2400 c0f2 | 8888 40f9 | 0805 0091 | 8888 00f9 

  0x000000010f05dab0: ;   {metadata(method data for {method} {0x00000001246bfe08} 'throwParameterIsNullNPE' '(Ljava/lang/String;)V' in 'kotlin/jvm/internal/Intrinsics')}
  0x000000010f05dab0: 0469 8ed2 | a494 a4f2 | 2400 c0f2 | 8aac 40b9 | 4a09 0011 | 8aac 00b9 | 4a4d 1f12 | 5f01 0071 
  0x000000010f05dad0: 8075 0054 

  0x000000010f05dad4: ; ImmutableOopMap {[200]=Oop [208]=Oop [168]=Oop [176]=Oop }
                      ;*new {reexecute=0 rethrow=0 return_oop=0}
                      ; - kotlin.jvm.internal.Intrinsics::throwParameterIsNullNPE@0 (line 140)
                      ; - kotlin.jvm.internal.Intrinsics::checkNotNullParameter@5 (line 131)
                      ; - kotlin.Result$Failure::<init>@3
                      ; - kotlin.ResultKt::createFailure@11 (line 122)
                      ; - kotlin.coroutines.jvm.internal.BaseContinuationImpl::resumeWith@76 (line 37)
                      ;   {runtime_call load_mirror_patching Runtime1 stub}
  0x000000010f05dad4: ab0d c195 | 8087 40f9 | 0bc0 0091 | 888f 40f9 | 7f01 08eb | c875 0054 | 8b87 00f9 | ea03 40b2 
  0x000000010f05daf4: 0a00 00f9 | ea03 032a | 0a7c 0129 | 0a40 0091 | 5f7d 00a9 | 5f7d 01a9 | bf3a 03d5 

  0x000000010f05db10: ;   {metadata(method data for {method} {0x00000001246bfe08} 'throwParameterIsNullNPE' '(Ljava/lang/String;)V' in 'kotlin/jvm/internal/Intrinsics')}
  0x000000010f05db10: 0169 8ed2 | a194 a4f2 | 2100 c0f2 | 2878 40f9 | 0805 0091 | 2878 00f9 

  0x000000010f05db28: ;   {oop("exception"{0x000000700154b070})}
  0x000000010f05db28: 010e 96d2 | 812a a0f2 | 010e c0f2 | e063 00f9 

  0x000000010f05db38: ; ImmutableOopMap {[168]=Oop [208]=Oop [192]=Oop [200]=Oop [176]=Oop }
                      ;*invokestatic createParameterIsNullExceptionMessage {reexecute=0 rethrow=0 return_oop=0}
                      ; - kotlin.jvm.internal.Intrinsics::throwParameterIsNullNPE@5 (line 140)
                      ; - kotlin.jvm.internal.Intrinsics::checkNotNullParameter@5 (line 131)
                      ; - kotlin.Result$Failure::<init>@3
                      ; - kotlin.ResultKt::createFailure@11 (line 122)
                      ; - kotlin.coroutines.jvm.internal.BaseContinuationImpl::resumeWith@76 (line 37)
                      ;   {static_call}
  0x000000010f05db38: 721b be95 | e263 40f9 

  0x000000010f05db40: ;   {metadata(method data for {method} {0x00000001246bfe08} 'throwParameterIsNullNPE' '(Ljava/lang/String;)V' in 'kotlin/jvm/internal/Intrinsics')}
  0x000000010f05db40: 0169 8ed2 | a194 a4f2 | 2100 c0f2 | 2880 40f9 | 0805 0091 | 2880 00f9 | e203 00aa | e163 40f9 
  0x000000010f05db60: ; ImmutableOopMap {[168]=Oop [208]=Oop [192]=Oop [200]=Oop [176]=Oop }
                      ;*invokespecial <init> {reexecute=0 rethrow=0 return_oop=0}
                      ; - kotlin.jvm.internal.Intrinsics::throwParameterIsNullNPE@8 (line 140)
                      ; - kotlin.jvm.internal.Intrinsics::checkNotNullParameter@5 (line 131)
                      ; - kotlin.Result$Failure::<init>@3
                      ; - kotlin.ResultKt::createFailure@11 (line 122)
                      ; - kotlin.coroutines.jvm.internal.BaseContinuationImpl::resumeWith@76 (line 37)
                      ;   {optimized virtual_call}
  0x000000010f05db60: e819 be95 

  0x000000010f05db64: ;   {metadata(method data for {method} {0x00000001246bfe08} 'throwParameterIsNullNPE' '(Ljava/lang/String;)V' in 'kotlin/jvm/internal/Intrinsics')}
  0x000000010f05db64: 0169 8ed2 | a194 a4f2 | 2100 c0f2 | 2888 40f9 | 0805 0091 | 2888 00f9 

  0x000000010f05db7c: ;   {metadata(method data for {method} {0x00000001246bddf0} 'sanitizeStackTrace' '(Ljava/lang/Throwable;)Ljava/lang/Throwable;' in 'kotlin/jvm/internal/Intrinsics')}
  0x000000010f05db7c: 013d 8fd2 | a194 a4f2 | 2100 c0f2 | 20ac 40b9 | 0008 0011 | 20ac 00b9 | 004c 1f12 | 1f00 0071 
  0x000000010f05db9c: 6070 0054 

  0x000000010f05dba0: ;   {oop(a 'java/lang/Class'{0x0000007001195720} = 'kotlin/jvm/internal/Intrinsics')}
  0x000000010f05dba0: 01e4 8ad2 | 2123 a0f2 | 010e c0f2 | e003 01aa 

  0x000000010f05dbb0: ;   {metadata(method data for {method} {0x00000001246bddf0} 'sanitizeStackTrace' '(Ljava/lang/Throwable;)Ljava/lang/Throwable;' in 'kotlin/jvm/internal/Intrinsics')}
  0x000000010f05dbb0: 023d 8fd2 | a294 a4f2 | 2200 c0f2 | 4878 40f9 | 0805 0091 | 4878 00f9 

  0x000000010f05dbc8: ;   {metadata(method data for {method} {0x00000088004467f8} 'getName' '()Ljava/lang/String;' in 'java/lang/Class')}
  0x000000010f05dbc8: 001c 95d2 | 4080 a4f2 | 2000 c0f2 | 02ac 40b9 | 4208 0011 | 02ac 00b9 | 424c 1f12 | 5f00 0071 
  0x000000010f05dbe8: 006f 0054 

  0x000000010f05dbec: ; implicit exception: dispatches to 0x000000010f05e9e8
  0x000000010f05dbec: 212c 40b9 | 4100 00b4 | 610f 018b | e003 1faa | 3f00 00eb 

  0x000000010f05dc00: ;   {metadata(method data for {method} {0x00000088004467f8} 'getName' '()Ljava/lang/String;' in 'java/lang/Class')}
  0x000000010f05dc00: 001c 95d2 | 4080 a4f2 | 2000 c0f2 | e80f 7cb2 | e903 78b2 | 0201 899a | 0368 62f8 | 6304 0091 
  0x000000010f05dc20: 0368 22f8 | 2001 0054 

  0x000000010f05dc28: ;   {metadata(method data for {method} {0x00000088004467f8} 'getName' '()Ljava/lang/String;' in 'java/lang/Class')}
  0x000000010f05dc28: 001c 95d2 | 4080 a4f2 | 2000 c0f2 | 0288 40f9 | 4204 0091 | 0288 00f9 | e003 01aa | 0c00 0014 
  0x000000010f05dc48: ;   {oop(a 'java/lang/Class'{0x0000007001195720} = 'kotlin/jvm/internal/Intrinsics')}
  0x000000010f05dc48: 01e4 8ad2 | 2123 a0f2 | 010e c0f2 | e003 01aa 

  0x000000010f05dc58: ;   {metadata(method data for {method} {0x00000088004467f8} 'getName' '()Ljava/lang/String;' in 'java/lang/Class')}
  0x000000010f05dc58: 021c 95d2 | 4280 a4f2 | 2200 c0f2 | 4894 40f9 | 0805 0091 | 4894 00f9 

  0x000000010f05dc70: ; ImmutableOopMap {[168]=Oop [208]=Oop [192]=Oop [200]=Oop [176]=Oop }
                      ;*invokevirtual initClassName {reexecute=0 rethrow=0 return_oop=0}
                      ; - java.lang.Class::getName@14 (line 863)
                      ; - kotlin.jvm.internal.Intrinsics::sanitizeStackTrace@3 (line 253)
                      ; - kotlin.jvm.internal.Intrinsics::throwParameterIsNullNPE@11 (line 140)
                      ; - kotlin.jvm.internal.Intrinsics::checkNotNullParameter@5 (line 131)
                      ; - kotlin.Result$Failure::<init>@3
                      ; - kotlin.ResultKt::createFailure@11 (line 122)
                      ; - kotlin.coroutines.jvm.internal.BaseContinuationImpl::resumeWith@76 (line 37)
                      ;   {optimized virtual_call}
  0x000000010f05dc70: a419 be95 | e163 40f9 | 7e02 0014 | e06b 00f9 

  0x000000010f05dc80: ;   {metadata(method data for {method} {0x00000001246bfc98} 'checkNotNullParameter' '(Ljava/lang/Object;Ljava/lang/String;)V' in 'kotlin/jvm/internal/Intrinsics')}
  0x000000010f05dc80: 033c 8ed2 | a394 a4f2 | 2300 c0f2 | 6888 40f9 | 0805 0091 | 6888 00f9 

  0x000000010f05dc98: ;   {metadata(method data for {method} {0x00000001246bfe08} 'throwParameterIsNullNPE' '(Ljava/lang/String;)V' in 'kotlin/jvm/internal/Intrinsics')}
  0x000000010f05dc98: 0369 8ed2 | a394 a4f2 | 2300 c0f2 | 60ac 40b9 | 0008 0011 | 60ac 00b9 | 004c 1f12 | 1f00 0071 
  0x000000010f05dcb8: a069 0054 

  0x000000010f05dcbc: ; ImmutableOopMap {[168]=Oop [208]=Oop [176]=Oop }
                      ;*new {reexecute=0 rethrow=0 return_oop=0}
                      ; - kotlin.jvm.internal.Intrinsics::throwParameterIsNullNPE@0 (line 140)
                      ; - kotlin.jvm.internal.Intrinsics::checkNotNullParameter@5 (line 131)
                      ; - kotlin.ResultKt::createFailure@3
                      ; - kotlin.coroutines.jvm.internal.BaseContinuationImpl::resumeWith@76 (line 37)
                      ;   {runtime_call load_mirror_patching Runtime1 stub}
  0x000000010f05dcbc: 310d c195 | 8087 40f9 | 0bc0 0091 | 888f 40f9 | 7f01 08eb | e869 0054 | 8b87 00f9 | ea03 40b2 
  0x000000010f05dcdc: 0a00 00f9 | ea03 032a | 0a7c 0129 | 0a40 0091 | 5f7d 00a9 | 5f7d 01a9 | bf3a 03d5 

  0x000000010f05dcf8: ;   {metadata(method data for {method} {0x00000001246bfe08} 'throwParameterIsNullNPE' '(Ljava/lang/String;)V' in 'kotlin/jvm/internal/Intrinsics')}
  0x000000010f05dcf8: 0169 8ed2 | a194 a4f2 | 2100 c0f2 | 2878 40f9 | 0805 0091 | 2878 00f9 

  0x000000010f05dd10: ;   {oop("exception"{0x000000700154b070})}
  0x000000010f05dd10: 010e 96d2 | 812a a0f2 | 010e c0f2 | e06f 00f9 

  0x000000010f05dd20: ; ImmutableOopMap {[168]=Oop [208]=Oop [176]=Oop [216]=Oop }
                      ;*invokestatic createParameterIsNullExceptionMessage {reexecute=0 rethrow=0 return_oop=0}
                      ; - kotlin.jvm.internal.Intrinsics::throwParameterIsNullNPE@5 (line 140)
                      ; - kotlin.jvm.internal.Intrinsics::checkNotNullParameter@5 (line 131)
                      ; - kotlin.ResultKt::createFailure@3
                      ; - kotlin.coroutines.jvm.internal.BaseContinuationImpl::resumeWith@76 (line 37)
                      ;   {static_call}
  0x000000010f05dd20: f81a be95 | e26f 40f9 

  0x000000010f05dd28: ;   {metadata(method data for {method} {0x00000001246bfe08} 'throwParameterIsNullNPE' '(Ljava/lang/String;)V' in 'kotlin/jvm/internal/Intrinsics')}
  0x000000010f05dd28: 0169 8ed2 | a194 a4f2 | 2100 c0f2 | 2880 40f9 | 0805 0091 | 2880 00f9 | e203 00aa | e16f 40f9 
  0x000000010f05dd48: ; ImmutableOopMap {[168]=Oop [208]=Oop [176]=Oop [216]=Oop }
                      ;*invokespecial <init> {reexecute=0 rethrow=0 return_oop=0}
                      ; - kotlin.jvm.internal.Intrinsics::throwParameterIsNullNPE@8 (line 140)
                      ; - kotlin.jvm.internal.Intrinsics::checkNotNullParameter@5 (line 131)
                      ; - kotlin.ResultKt::createFailure@3
                      ; - kotlin.coroutines.jvm.internal.BaseContinuationImpl::resumeWith@76 (line 37)
                      ;   {optimized virtual_call}
  0x000000010f05dd48: 6e19 be95 

  0x000000010f05dd4c: ;   {metadata(method data for {method} {0x00000001246bfe08} 'throwParameterIsNullNPE' '(Ljava/lang/String;)V' in 'kotlin/jvm/internal/Intrinsics')}
  0x000000010f05dd4c: 0169 8ed2 | a194 a4f2 | 2100 c0f2 | 2888 40f9 | 0805 0091 | 2888 00f9 

  0x000000010f05dd64: ;   {metadata(method data for {method} {0x00000001246bddf0} 'sanitizeStackTrace' '(Ljava/lang/Throwable;)Ljava/lang/Throwable;' in 'kotlin/jvm/internal/Intrinsics')}
  0x000000010f05dd64: 013d 8fd2 | a194 a4f2 | 2100 c0f2 | 20ac 40b9 | 0008 0011 | 20ac 00b9 | 004c 1f12 | 1f00 0071 
  0x000000010f05dd84: 8064 0054 

  0x000000010f05dd88: ;   {oop(a 'java/lang/Class'{0x0000007001195720} = 'kotlin/jvm/internal/Intrinsics')}
  0x000000010f05dd88: 01e4 8ad2 | 2123 a0f2 | 010e c0f2 | e003 01aa 

  0x000000010f05dd98: ;   {metadata(method data for {method} {0x00000001246bddf0} 'sanitizeStackTrace' '(Ljava/lang/Throwable;)Ljava/lang/Throwable;' in 'kotlin/jvm/internal/Intrinsics')}
  0x000000010f05dd98: 023d 8fd2 | a294 a4f2 | 2200 c0f2 | 4878 40f9 | 0805 0091 | 4878 00f9 

  0x000000010f05ddb0: ;   {metadata(method data for {method} {0x00000088004467f8} 'getName' '()Ljava/lang/String;' in 'java/lang/Class')}
  0x000000010f05ddb0: 001c 95d2 | 4080 a4f2 | 2000 c0f2 | 02ac 40b9 | 4208 0011 | 02ac 00b9 | 424c 1f12 | 5f00 0071 
  0x000000010f05ddd0: 2063 0054 

  0x000000010f05ddd4: ; implicit exception: dispatches to 0x000000010f05ea54
  0x000000010f05ddd4: 212c 40b9 | 4100 00b4 | 610f 018b | e003 1faa | 3f00 00eb 

  0x000000010f05dde8: ;   {metadata(method data for {method} {0x00000088004467f8} 'getName' '()Ljava/lang/String;' in 'java/lang/Class')}
  0x000000010f05dde8: 001c 95d2 | 4080 a4f2 | 2000 c0f2 | e80f 7cb2 | e903 78b2 | 0201 899a | 0368 62f8 | 6304 0091 
  0x000000010f05de08: 0368 22f8 | 2001 0054 

  0x000000010f05de10: ;   {metadata(method data for {method} {0x00000088004467f8} 'getName' '()Ljava/lang/String;' in 'java/lang/Class')}
  0x000000010f05de10: 001c 95d2 | 4080 a4f2 | 2000 c0f2 | 0288 40f9 | 4204 0091 | 0288 00f9 | e003 01aa | 0c00 0014 
  0x000000010f05de30: ;   {oop(a 'java/lang/Class'{0x0000007001195720} = 'kotlin/jvm/internal/Intrinsics')}
  0x000000010f05de30: 01e4 8ad2 | 2123 a0f2 | 010e c0f2 | e003 01aa 

  0x000000010f05de40: ;   {metadata(method data for {method} {0x00000088004467f8} 'getName' '()Ljava/lang/String;' in 'java/lang/Class')}
  0x000000010f05de40: 021c 95d2 | 4280 a4f2 | 2200 c0f2 | 4894 40f9 | 0805 0091 | 4894 00f9 

  0x000000010f05de58: ; ImmutableOopMap {[168]=Oop [208]=Oop [176]=Oop [216]=Oop }
                      ;*invokevirtual initClassName {reexecute=0 rethrow=0 return_oop=0}
                      ; - java.lang.Class::getName@14 (line 863)
                      ; - kotlin.jvm.internal.Intrinsics::sanitizeStackTrace@3 (line 253)
                      ; - kotlin.jvm.internal.Intrinsics::throwParameterIsNullNPE@11 (line 140)
                      ; - kotlin.jvm.internal.Intrinsics::checkNotNullParameter@5 (line 131)
                      ; - kotlin.ResultKt::createFailure@3
                      ; - kotlin.coroutines.jvm.internal.BaseContinuationImpl::resumeWith@76 (line 37)
                      ;   {optimized virtual_call}
  0x000000010f05de58: 2a19 be95 | e16f 40f9 | bc01 0014 | e057 00f9 | e277 00f9 

  0x000000010f05de6c: ;   {metadata(method data for {method} {0x00000001246becf8} 'checkNotNull' '(Ljava/lang/Object;)V' in 'kotlin/jvm/internal/Intrinsics')}
  0x000000010f05de6c: 03e1 88d2 | e3a9 a4f2 | 2300 c0f2 | 6888 40f9 | 0805 0091 | 6888 00f9 

  0x000000010f05de84: ;   {metadata(method data for {method} {0x00000001246befc0} 'throwJavaNpe' '()V' in 'kotlin/jvm/internal/Intrinsics')}
  0x000000010f05de84: 030d 89d2 | e3a9 a4f2 | 2300 c0f2 | 60ac 40b9 | 0008 0011 | 60ac 00b9 | 004c 1f12 | 1f00 0071 
  0x000000010f05dea4: a05d 0054 

  0x000000010f05dea8: ; ImmutableOopMap {[168]=Oop [176]=Oop [232]=Oop }
                      ;*new {reexecute=0 rethrow=0 return_oop=0}
                      ; - kotlin.jvm.internal.Intrinsics::throwJavaNpe@0 (line 45)
                      ; - kotlin.jvm.internal.Intrinsics::checkNotNull@4 (line 25)
                      ; - kotlin.coroutines.jvm.internal.BaseContinuationImpl::resumeWith@31 (line 30)
                      ;   {runtime_call load_mirror_patching Runtime1 stub}
  0x000000010f05dea8: b60c c195 | 8087 40f9 | 0bc0 0091 | 888f 40f9 | 7f01 08eb | e85d 0054 | 8b87 00f9 | ea03 40b2 
  0x000000010f05dec8: 0a00 00f9 | ea03 032a | 0a7c 0129 | 0a40 0091 | 5f7d 00a9 | 5f7d 01a9 | bf3a 03d5 | e103 00aa 
  0x000000010f05dee8: ;   {metadata(method data for {method} {0x00000001246befc0} 'throwJavaNpe' '()V' in 'kotlin/jvm/internal/Intrinsics')}
  0x000000010f05dee8: 030d 89d2 | e3a9 a4f2 | 2300 c0f2 | 6878 40f9 | 0805 0091 | 6878 00f9 | e103 00aa | e073 00f9 
  0x000000010f05df08: ; ImmutableOopMap {[168]=Oop [176]=Oop [232]=Oop [224]=Oop }
                      ;*invokespecial <init> {reexecute=0 rethrow=0 return_oop=0}
                      ; - kotlin.jvm.internal.Intrinsics::throwJavaNpe@4 (line 45)
                      ; - kotlin.jvm.internal.Intrinsics::checkNotNull@4 (line 25)
                      ; - kotlin.coroutines.jvm.internal.BaseContinuationImpl::resumeWith@31 (line 30)
                      ;   {optimized virtual_call}
  0x000000010f05df08: fe18 be95 

  0x000000010f05df0c: ;   {metadata(method data for {method} {0x00000001246befc0} 'throwJavaNpe' '()V' in 'kotlin/jvm/internal/Intrinsics')}
  0x000000010f05df0c: 010d 89d2 | e1a9 a4f2 | 2100 c0f2 | 2880 40f9 | 0805 0091 | 2880 00f9 

  0x000000010f05df24: ;   {metadata(method data for {method} {0x00000001246bddf0} 'sanitizeStackTrace' '(Ljava/lang/Throwable;)Ljava/lang/Throwable;' in 'kotlin/jvm/internal/Intrinsics')}
  0x000000010f05df24: 013d 8fd2 | a194 a4f2 | 2100 c0f2 | 20ac 40b9 | 0008 0011 | 20ac 00b9 | 004c 1f12 | 1f00 0071 
  0x000000010f05df44: e059 0054 

  0x000000010f05df48: ;   {oop(a 'java/lang/Class'{0x0000007001195720} = 'kotlin/jvm/internal/Intrinsics')}
  0x000000010f05df48: 01e4 8ad2 | 2123 a0f2 | 010e c0f2 | e003 01aa 

  0x000000010f05df58: ;   {metadata(method data for {method} {0x00000001246bddf0} 'sanitizeStackTrace' '(Ljava/lang/Throwable;)Ljava/lang/Throwable;' in 'kotlin/jvm/internal/Intrinsics')}
  0x000000010f05df58: 023d 8fd2 | a294 a4f2 | 2200 c0f2 | 4878 40f9 | 0805 0091 | 4878 00f9 

  0x000000010f05df70: ;   {metadata(method data for {method} {0x00000088004467f8} 'getName' '()Ljava/lang/String;' in 'java/lang/Class')}
  0x000000010f05df70: 001c 95d2 | 4080 a4f2 | 2000 c0f2 | 02ac 40b9 | 4208 0011 | 02ac 00b9 | 424c 1f12 | 5f00 0071 
  0x000000010f05df90: 8058 0054 

  0x000000010f05df94: ; implicit exception: dispatches to 0x000000010f05eac0
  0x000000010f05df94: 212c 40b9 | 4100 00b4 | 610f 018b | e003 1faa | 3f00 00eb 

  0x000000010f05dfa8: ;   {metadata(method data for {method} {0x00000088004467f8} 'getName' '()Ljava/lang/String;' in 'java/lang/Class')}
  0x000000010f05dfa8: 001c 95d2 | 4080 a4f2 | 2000 c0f2 | e80f 7cb2 | e903 78b2 | 0201 899a | 0368 62f8 | 6304 0091 
  0x000000010f05dfc8: 0368 22f8 | 2001 0054 

  0x000000010f05dfd0: ;   {metadata(method data for {method} {0x00000088004467f8} 'getName' '()Ljava/lang/String;' in 'java/lang/Class')}
  0x000000010f05dfd0: 001c 95d2 | 4080 a4f2 | 2000 c0f2 | 0288 40f9 | 4204 0091 | 0288 00f9 | e003 01aa | 0c00 0014 
  0x000000010f05dff0: ;   {oop(a 'java/lang/Class'{0x0000007001195720} = 'kotlin/jvm/internal/Intrinsics')}
  0x000000010f05dff0: 01e4 8ad2 | 2123 a0f2 | 010e c0f2 | e003 01aa 

  0x000000010f05e000: ;   {metadata(method data for {method} {0x00000088004467f8} 'getName' '()Ljava/lang/String;' in 'java/lang/Class')}
  0x000000010f05e000: 021c 95d2 | 4280 a4f2 | 2200 c0f2 | 4894 40f9 | 0805 0091 | 4894 00f9 

  0x000000010f05e018: ; ImmutableOopMap {[168]=Oop [176]=Oop [232]=Oop [224]=Oop }
                      ;*invokevirtual initClassName {reexecute=0 rethrow=0 return_oop=0}
                      ; - java.lang.Class::getName@14 (line 863)
                      ; - kotlin.jvm.internal.Intrinsics::sanitizeStackTrace@3 (line 253)
                      ; - kotlin.jvm.internal.Intrinsics::throwJavaNpe@7 (line 45)
                      ; - kotlin.jvm.internal.Intrinsics::checkNotNull@4 (line 25)
                      ; - kotlin.coroutines.jvm.internal.BaseContinuationImpl::resumeWith@31 (line 30)
                      ;   {optimized virtual_call}
  0x000000010f05e018: ba18 be95 | e173 40f9 | 0301 0014 | e277 00f9 | e17f 00f9 

  0x000000010f05e02c: ;   {metadata(method data for {method} {0x00000001246bfc98} 'checkNotNullParameter' '(Ljava/lang/Object;Ljava/lang/String;)V' in 'kotlin/jvm/internal/Intrinsics')}
  0x000000010f05e02c: 033c 8ed2 | a394 a4f2 | 2300 c0f2 | 6888 40f9 | 0805 0091 | 6888 00f9 

  0x000000010f05e044: ;   {metadata(method data for {method} {0x00000001246bfe08} 'throwParameterIsNullNPE' '(Ljava/lang/String;)V' in 'kotlin/jvm/internal/Intrinsics')}
  0x000000010f05e044: 0369 8ed2 | a394 a4f2 | 2300 c0f2 | 60ac 40b9 | 0008 0011 | 60ac 00b9 | 004c 1f12 | 1f00 0071 
  0x000000010f05e064: 0053 0054 

  0x000000010f05e068: ; ImmutableOopMap {[232]=Oop [248]=Oop }
                      ;*new {reexecute=0 rethrow=0 return_oop=0}
                      ; - kotlin.jvm.internal.Intrinsics::throwParameterIsNullNPE@0 (line 140)
                      ; - kotlin.jvm.internal.Intrinsics::checkNotNullParameter@5 (line 131)
                      ; - kotlin.coroutines.jvm.internal.DebugProbesKt::probeCoroutineResumed@3
                      ; - kotlin.coroutines.jvm.internal.BaseContinuationImpl::resumeWith@13 (line 28)
                      ;   {runtime_call load_mirror_patching Runtime1 stub}
  0x000000010f05e068: 460c c195 | 8087 40f9 | 0bc0 0091 | 888f 40f9 | 7f01 08eb | 4853 0054 | 8b87 00f9 | ea03 40b2 
  0x000000010f05e088: 0a00 00f9 | ea03 032a | 0a7c 0129 | 0a40 0091 | 5f7d 00a9 | 5f7d 01a9 | bf3a 03d5 

  0x000000010f05e0a4: ;   {metadata(method data for {method} {0x00000001246bfe08} 'throwParameterIsNullNPE' '(Ljava/lang/String;)V' in 'kotlin/jvm/internal/Intrinsics')}
  0x000000010f05e0a4: 0269 8ed2 | a294 a4f2 | 2200 c0f2 | 4878 40f9 | 0805 0091 | 4878 00f9 

  0x000000010f05e0bc: ;   {oop("frame"{0x000000700155fa48})}
  0x000000010f05e0bc: 0249 9fd2 | a22a a0f2 | 020e c0f2 | e103 02aa | e07b 00f9 

  0x000000010f05e0d0: ; ImmutableOopMap {[232]=Oop [240]=Oop [248]=Oop }
                      ;*invokestatic createParameterIsNullExceptionMessage {reexecute=0 rethrow=0 return_oop=0}
                      ; - kotlin.jvm.internal.Intrinsics::throwParameterIsNullNPE@5 (line 140)
                      ; - kotlin.jvm.internal.Intrinsics::checkNotNullParameter@5 (line 131)
                      ; - kotlin.coroutines.jvm.internal.DebugProbesKt::probeCoroutineResumed@3
                      ; - kotlin.coroutines.jvm.internal.BaseContinuationImpl::resumeWith@13 (line 28)
                      ;   {static_call}
  0x000000010f05e0d0: 0c1a be95 | e27b 40f9 

  0x000000010f05e0d8: ;   {metadata(method data for {method} {0x00000001246bfe08} 'throwParameterIsNullNPE' '(Ljava/lang/String;)V' in 'kotlin/jvm/internal/Intrinsics')}
  0x000000010f05e0d8: 0169 8ed2 | a194 a4f2 | 2100 c0f2 | 2880 40f9 | 0805 0091 | 2880 00f9 | e203 00aa | e17b 40f9 
  0x000000010f05e0f8: ; ImmutableOopMap {[232]=Oop [240]=Oop [248]=Oop }
                      ;*invokespecial <init> {reexecute=0 rethrow=0 return_oop=0}
                      ; - kotlin.jvm.internal.Intrinsics::throwParameterIsNullNPE@8 (line 140)
                      ; - kotlin.jvm.internal.Intrinsics::checkNotNullParameter@5 (line 131)
                      ; - kotlin.coroutines.jvm.internal.DebugProbesKt::probeCoroutineResumed@3
                      ; - kotlin.coroutines.jvm.internal.BaseContinuationImpl::resumeWith@13 (line 28)
                      ;   {optimized virtual_call}
  0x000000010f05e0f8: 8218 be95 

  0x000000010f05e0fc: ;   {metadata(method data for {method} {0x00000001246bfe08} 'throwParameterIsNullNPE' '(Ljava/lang/String;)V' in 'kotlin/jvm/internal/Intrinsics')}
  0x000000010f05e0fc: 0169 8ed2 | a194 a4f2 | 2100 c0f2 | 2888 40f9 | 0805 0091 | 2888 00f9 

  0x000000010f05e114: ;   {metadata(method data for {method} {0x00000001246bddf0} 'sanitizeStackTrace' '(Ljava/lang/Throwable;)Ljava/lang/Throwable;' in 'kotlin/jvm/internal/Intrinsics')}
  0x000000010f05e114: 013d 8fd2 | a194 a4f2 | 2100 c0f2 | 20ac 40b9 | 0008 0011 | 20ac 00b9 | 004c 1f12 | 1f00 0071 
  0x000000010f05e134: c04d 0054 

  0x000000010f05e138: ;   {oop(a 'java/lang/Class'{0x0000007001195720} = 'kotlin/jvm/internal/Intrinsics')}
  0x000000010f05e138: 01e4 8ad2 | 2123 a0f2 | 010e c0f2 | e003 01aa 

  0x000000010f05e148: ;   {metadata(method data for {method} {0x00000001246bddf0} 'sanitizeStackTrace' '(Ljava/lang/Throwable;)Ljava/lang/Throwable;' in 'kotlin/jvm/internal/Intrinsics')}
  0x000000010f05e148: 023d 8fd2 | a294 a4f2 | 2200 c0f2 | 4878 40f9 | 0805 0091 | 4878 00f9 

  0x000000010f05e160: ;   {metadata(method data for {method} {0x00000088004467f8} 'getName' '()Ljava/lang/String;' in 'java/lang/Class')}
  0x000000010f05e160: 001c 95d2 | 4080 a4f2 | 2000 c0f2 | 02ac 40b9 | 4208 0011 | 02ac 00b9 | 424c 1f12 | 5f00 0071 
  0x000000010f05e180: 604c 0054 

  0x000000010f05e184: ; implicit exception: dispatches to 0x000000010f05eb2c
  0x000000010f05e184: 212c 40b9 | 4100 00b4 | 610f 018b | e003 1faa | 3f00 00eb 

  0x000000010f05e198: ;   {metadata(method data for {method} {0x00000088004467f8} 'getName' '()Ljava/lang/String;' in 'java/lang/Class')}
  0x000000010f05e198: 001c 95d2 | 4080 a4f2 | 2000 c0f2 | e80f 7cb2 | e903 78b2 | 0201 899a | 0368 62f8 | 6304 0091 
  0x000000010f05e1b8: 0368 22f8 | 2001 0054 

  0x000000010f05e1c0: ;   {metadata(method data for {method} {0x00000088004467f8} 'getName' '()Ljava/lang/String;' in 'java/lang/Class')}
  0x000000010f05e1c0: 001c 95d2 | 4080 a4f2 | 2000 c0f2 | 0288 40f9 | 4204 0091 | 0288 00f9 | e003 01aa | 0c00 0014 
  0x000000010f05e1e0: ;   {oop(a 'java/lang/Class'{0x0000007001195720} = 'kotlin/jvm/internal/Intrinsics')}
  0x000000010f05e1e0: 01e4 8ad2 | 2123 a0f2 | 010e c0f2 | e003 01aa 

  0x000000010f05e1f0: ;   {metadata(method data for {method} {0x00000088004467f8} 'getName' '()Ljava/lang/String;' in 'java/lang/Class')}
  0x000000010f05e1f0: 021c 95d2 | 4280 a4f2 | 2200 c0f2 | 4894 40f9 | 0805 0091 | 4894 00f9 

  0x000000010f05e208: ; ImmutableOopMap {[232]=Oop [240]=Oop [248]=Oop }
                      ;*invokevirtual initClassName {reexecute=0 rethrow=0 return_oop=0}
                      ; - java.lang.Class::getName@14 (line 863)
                      ; - kotlin.jvm.internal.Intrinsics::sanitizeStackTrace@3 (line 253)
                      ; - kotlin.jvm.internal.Intrinsics::throwParameterIsNullNPE@11 (line 140)
                      ; - kotlin.jvm.internal.Intrinsics::checkNotNullParameter@5 (line 131)
                      ; - kotlin.coroutines.jvm.internal.DebugProbesKt::probeCoroutineResumed@3
                      ; - kotlin.coroutines.jvm.internal.BaseContinuationImpl::resumeWith@13 (line 28)
                      ;   {optimized virtual_call}
  0x000000010f05e208: 3e18 be95 | e17b 40f9 | 3e00 0014 | e05f 40f9 

  0x000000010f05e218: ; implicit exception: dispatches to 0x000000010f05eb30
  0x000000010f05e218: 7f00 40f9 | e203 03aa 

  0x000000010f05e220: ;   {metadata(method data for {method} {0x000000012487b3c8} 'resumeWith' '(Ljava/lang/Object;)V' in 'kotlin/coroutines/jvm/internal/BaseContinuationImpl')}
  0x000000010f05e220: 017e 87d2 | 81db a4f2 | 2100 c0f2 | 4208 40b9 | 0211 c0f2 | 29a0 0b91 | 2801 40f9 | 5f00 08eb 
  0x000000010f05e240: a100 0054 | 2878 41f9 | 0805 0091 | 2878 01f9 | 1c00 0014 | 29e0 0b91 | 2801 40f9 | 5f00 08eb 
  0x000000010f05e260: a100 0054 | 2880 41f9 | 0805 0091 | 2880 01f9 | 1400 0014 | 29a0 0b91 | 2801 40f9 | c800 00b5 
  0x000000010f05e280: 2201 00f9 | e803 40b2 | 29c0 0b91 | 2801 00f9 | 0c00 0014 | 29e0 0b91 | 2801 40f9 | c800 00b5 
  0x000000010f05e2a0: 2201 00f9 | e803 40b2 | 2900 0c91 | 2801 00f9 | 0400 0014 | 286c 41f9 | 0805 0091 | 286c 01f9 
  0x000000010f05e2c0: e203 00aa | e103 03aa | 09ac 83d2 | 6920 a0f2 | 0900 ccf2 

  0x000000010f05e2d4: ; ImmutableOopMap {}
                      ;*invokeinterface resumeWith {reexecute=0 rethrow=0 return_oop=0}
                      ; - kotlin.coroutines.jvm.internal.BaseContinuationImpl::resumeWith@114 (line 46)
                      ;   {virtual_call}
  0x000000010f05e2d4: 5d61 c195 | fd7b 51a9 | ff83 0491 

  0x000000010f05e2e0: ;   {poll_return}
  0x000000010f05e2e0: 88a7 41f9 | ff63 28eb | 6842 0054 | c003 5fd6 | fd7b 51a9 | ff83 0491 

  0x000000010f05e2f8: ;   {poll_return}
  0x000000010f05e2f8: 88a7 41f9 | ff63 28eb | 0842 0054 | c003 5fd6 

  0x000000010f05e308: ;   {metadata(method data for {method} {0x00000001246bddf0} 'sanitizeStackTrace' '(Ljava/lang/Throwable;)Ljava/lang/Throwable;' in 'kotlin/jvm/internal/Intrinsics')}
  0x000000010f05e308: 023d 8fd2 | a294 a4f2 | 2200 c0f2 | 4894 40f9 | 0805 0091 | 4894 00f9 | e203 00aa 

  0x000000010f05e324: ; ImmutableOopMap {[232]=Oop [248]=Oop }
                      ;*invokestatic sanitizeStackTrace {reexecute=0 rethrow=0 return_oop=0}
                      ; - kotlin.jvm.internal.Intrinsics::sanitizeStackTrace@6 (line 253)
                      ; - kotlin.jvm.internal.Intrinsics::throwParameterIsNullNPE@11 (line 140)
                      ; - kotlin.jvm.internal.Intrinsics::checkNotNullParameter@5 (line 131)
                      ; - kotlin.coroutines.jvm.internal.DebugProbesKt::probeCoroutineResumed@3
                      ; - kotlin.coroutines.jvm.internal.BaseContinuationImpl::resumeWith@13 (line 28)
                      ;   {static_call}
  0x000000010f05e324: 7719 be95 | e17f 40f9 | 0001 00b5 

  0x000000010f05e330: ;   {metadata(method data for {method} {0x00000001246bfe08} 'throwParameterIsNullNPE' '(Ljava/lang/String;)V' in 'kotlin/jvm/internal/Intrinsics')}
  0x000000010f05e330: 0469 8ed2 | a494 a4f2 | 2400 c0f2 | 8864 4439 | 0801 40b2 | 8864 0439 | 3700 0014 

  0x000000010f05e34c: ;   {metadata('java/lang/NullPointerException')}
  0x000000010f05e34c: 038c 8dd2 | 0301 a0f2 | 0311 c0f2 | 0408 40b9 | 0411 c0f2 | 8828 40f9 | 7f00 08eb | e104 0054 
  0x000000010f05e36c: ;   {metadata(method data for {method} {0x00000001246bfe08} 'throwParameterIsNullNPE' '(Ljava/lang/String;)V' in 'kotlin/jvm/internal/Intrinsics')}
  0x000000010f05e36c: 0469 8ed2 | a494 a4f2 | 2400 c0f2 | 0308 40b9 | 0311 c0f2 | 89c0 0491 | 2801 40f9 | 7f00 08eb 
  0x000000010f05e38c: a100 0054 | 889c 40f9 | 0805 0091 | 889c 00f9 | 2200 0014 | 8900 0591 | 2801 40f9 | 7f00 08eb 
  0x000000010f05e3ac: a100 0054 | 88a4 40f9 | 0805 0091 | 88a4 00f9 | 1a00 0014 | 89c0 0491 | 2801 40f9 | c800 00b5 
  0x000000010f05e3cc: 2301 00f9 | e803 40b2 | 89e0 0491 | 2801 00f9 | 1200 0014 | 8900 0591 | 2801 40f9 | c800 00b5 
  0x000000010f05e3ec: 2301 00f9 | e803 40b2 | 8920 0591 | 2801 00f9 | 0a00 0014 | 0900 0014 

  0x000000010f05e404: ;   {metadata(method data for {method} {0x00000001246bfe08} 'throwParameterIsNullNPE' '(Ljava/lang/String;)V' in 'kotlin/jvm/internal/Intrinsics')}
  0x000000010f05e404: 0469 8ed2 | a494 a4f2 | 2400 c0f2 | 8890 40f9 | 0805 00d1 | 8890 00f9 | cc01 0014 | 0100 0014 
  0x000000010f05e424: ; implicit exception: dispatches to 0x000000010f05eb54
  0x000000010f05e424: 1f00 40f9 | da01 0014 

  0x000000010f05e42c: ;   {metadata(method data for {method} {0x00000001246bddf0} 'sanitizeStackTrace' '(Ljava/lang/Throwable;)Ljava/lang/Throwable;' in 'kotlin/jvm/internal/Intrinsics')}
  0x000000010f05e42c: 023d 8fd2 | a294 a4f2 | 2200 c0f2 | 4894 40f9 | 0805 0091 | 4894 00f9 | e203 00aa 

  0x000000010f05e448: ; ImmutableOopMap {[168]=Oop [232]=Oop [176]=Oop }
                      ;*invokestatic sanitizeStackTrace {reexecute=0 rethrow=0 return_oop=0}
                      ; - kotlin.jvm.internal.Intrinsics::sanitizeStackTrace@6 (line 253)
                      ; - kotlin.jvm.internal.Intrinsics::throwJavaNpe@7 (line 45)
                      ; - kotlin.jvm.internal.Intrinsics::checkNotNull@4 (line 25)
                      ; - kotlin.coroutines.jvm.internal.BaseContinuationImpl::resumeWith@31 (line 30)
                      ;   {static_call}
  0x000000010f05e448: 2e19 be95 | e277 40f9 | 0001 00b5 

  0x000000010f05e454: ;   {metadata(method data for {method} {0x00000001246befc0} 'throwJavaNpe' '()V' in 'kotlin/jvm/internal/Intrinsics')}
  0x000000010f05e454: 040d 89d2 | e4a9 a4f2 | 2400 c0f2 | 8824 4439 | 0801 40b2 | 8824 0439 | 3700 0014 

  0x000000010f05e470: ;   {metadata('java/lang/NullPointerException')}
  0x000000010f05e470: 038c 8dd2 | 0301 a0f2 | 0311 c0f2 | 0408 40b9 | 0411 c0f2 | 8828 40f9 | 7f00 08eb | e104 0054 
  0x000000010f05e490: ;   {metadata(method data for {method} {0x00000001246befc0} 'throwJavaNpe' '()V' in 'kotlin/jvm/internal/Intrinsics')}
  0x000000010f05e490: 040d 89d2 | e4a9 a4f2 | 2400 c0f2 | 0308 40b9 | 0311 c0f2 | 8980 0491 | 2801 40f9 | 7f00 08eb 
  0x000000010f05e4b0: a100 0054 | 8894 40f9 | 0805 0091 | 8894 00f9 | 2200 0014 | 89c0 0491 | 2801 40f9 | 7f00 08eb 
  0x000000010f05e4d0: a100 0054 | 889c 40f9 | 0805 0091 | 889c 00f9 | 1a00 0014 | 8980 0491 | 2801 40f9 | c800 00b5 
  0x000000010f05e4f0: 2301 00f9 | e803 40b2 | 89a0 0491 | 2801 00f9 | 1200 0014 | 89c0 0491 | 2801 40f9 | c800 00b5 
  0x000000010f05e510: 2301 00f9 | e803 40b2 | 89e0 0491 | 2801 00f9 | 0a00 0014 | 0900 0014 

  0x000000010f05e528: ;   {metadata(method data for {method} {0x00000001246befc0} 'throwJavaNpe' '()V' in 'kotlin/jvm/internal/Intrinsics')}
  0x000000010f05e528: 040d 89d2 | e4a9 a4f2 | 2400 c0f2 | 8888 40f9 | 0805 00d1 | 8888 00f9 | 8601 0014 | 0100 0014 
  0x000000010f05e548: ; implicit exception: dispatches to 0x000000010f05eb60
  0x000000010f05e548: 1f00 40f9 | 9101 0014 

  0x000000010f05e550: ;   {metadata(method data for {method} {0x00000001246bddf0} 'sanitizeStackTrace' '(Ljava/lang/Throwable;)Ljava/lang/Throwable;' in 'kotlin/jvm/internal/Intrinsics')}
  0x000000010f05e550: 023d 8fd2 | a294 a4f2 | 2200 c0f2 | 4894 40f9 | 0805 0091 | 4894 00f9 | e203 00aa 

  0x000000010f05e56c: ; ImmutableOopMap {[208]=Oop [176]=Oop [168]=Oop }
                      ;*invokestatic sanitizeStackTrace {reexecute=0 rethrow=0 return_oop=0}
                      ; - kotlin.jvm.internal.Intrinsics::sanitizeStackTrace@6 (line 253)
                      ; - kotlin.jvm.internal.Intrinsics::throwParameterIsNullNPE@11 (line 140)
                      ; - kotlin.jvm.internal.Intrinsics::checkNotNullParameter@5 (line 131)
                      ; - kotlin.ResultKt::createFailure@3
                      ; - kotlin.coroutines.jvm.internal.BaseContinuationImpl::resumeWith@76 (line 37)
                      ;   {static_call}
  0x000000010f05e56c: e518 be95 | 0001 00b5 

  0x000000010f05e574: ;   {metadata(method data for {method} {0x00000001246bfe08} 'throwParameterIsNullNPE' '(Ljava/lang/String;)V' in 'kotlin/jvm/internal/Intrinsics')}
  0x000000010f05e574: 0369 8ed2 | a394 a4f2 | 2300 c0f2 | 6864 4439 | 0801 40b2 | 6864 0439 | 3700 0014 

  0x000000010f05e590: ;   {metadata('java/lang/NullPointerException')}
  0x000000010f05e590: 028c 8dd2 | 0201 a0f2 | 0211 c0f2 | 0308 40b9 | 0311 c0f2 | 6828 40f9 | 5f00 08eb | e104 0054 
  0x000000010f05e5b0: ;   {metadata(method data for {method} {0x00000001246bfe08} 'throwParameterIsNullNPE' '(Ljava/lang/String;)V' in 'kotlin/jvm/internal/Intrinsics')}
  0x000000010f05e5b0: 0369 8ed2 | a394 a4f2 | 2300 c0f2 | 0208 40b9 | 0211 c0f2 | 69c0 0491 | 2801 40f9 | 5f00 08eb 
  0x000000010f05e5d0: a100 0054 | 689c 40f9 | 0805 0091 | 689c 00f9 | 2200 0014 | 6900 0591 | 2801 40f9 | 5f00 08eb 
  0x000000010f05e5f0: a100 0054 | 68a4 40f9 | 0805 0091 | 68a4 00f9 | 1a00 0014 | 69c0 0491 | 2801 40f9 | c800 00b5 
  0x000000010f05e610: 2201 00f9 | e803 40b2 | 69e0 0491 | 2801 00f9 | 1200 0014 | 6900 0591 | 2801 40f9 | c800 00b5 
  0x000000010f05e630: 2201 00f9 | e803 40b2 | 6920 0591 | 2801 00f9 | 0a00 0014 | 0900 0014 

  0x000000010f05e648: ;   {metadata(method data for {method} {0x00000001246bfe08} 'throwParameterIsNullNPE' '(Ljava/lang/String;)V' in 'kotlin/jvm/internal/Intrinsics')}
  0x000000010f05e648: 0369 8ed2 | a394 a4f2 | 2300 c0f2 | 6890 40f9 | 0805 00d1 | 6890 00f9 | 4101 0014 | 0100 0014 
  0x000000010f05e668: ; implicit exception: dispatches to 0x000000010f05eb6c
  0x000000010f05e668: 1f00 40f9 | 4901 0014 

  0x000000010f05e670: ;   {metadata(method data for {method} {0x00000001246bddf0} 'sanitizeStackTrace' '(Ljava/lang/Throwable;)Ljava/lang/Throwable;' in 'kotlin/jvm/internal/Intrinsics')}
  0x000000010f05e670: 023d 8fd2 | a294 a4f2 | 2200 c0f2 | 4894 40f9 | 0805 0091 | 4894 00f9 | e203 00aa 

  0x000000010f05e68c: ; ImmutableOopMap {[200]=Oop [168]=Oop [176]=Oop [208]=Oop }
                      ;*invokestatic sanitizeStackTrace {reexecute=0 rethrow=0 return_oop=0}
                      ; - kotlin.jvm.internal.Intrinsics::sanitizeStackTrace@6 (line 253)
                      ; - kotlin.jvm.internal.Intrinsics::throwParameterIsNullNPE@11 (line 140)
                      ; - kotlin.jvm.internal.Intrinsics::checkNotNullParameter@5 (line 131)
                      ; - kotlin.Result$Failure::<init>@3
                      ; - kotlin.ResultKt::createFailure@11 (line 122)
                      ; - kotlin.coroutines.jvm.internal.BaseContinuationImpl::resumeWith@76 (line 37)
                      ;   {static_call}
  0x000000010f05e68c: 9d18 be95 | e287 4ca9 | e48f 4aa9 | 0001 00b5 

  0x000000010f05e69c: ;   {metadata(method data for {method} {0x00000001246bfe08} 'throwParameterIsNullNPE' '(Ljava/lang/String;)V' in 'kotlin/jvm/internal/Intrinsics')}
  0x000000010f05e69c: 0769 8ed2 | a794 a4f2 | 2700 c0f2 | e864 4439 | 0801 40b2 | e864 0439 | 3700 0014 

  0x000000010f05e6b8: ;   {metadata('java/lang/NullPointerException')}
  0x000000010f05e6b8: 068c 8dd2 | 0601 a0f2 | 0611 c0f2 | 0708 40b9 | 0711 c0f2 | e828 40f9 | df00 08eb | e104 0054 
  0x000000010f05e6d8: ;   {metadata(method data for {method} {0x00000001246bfe08} 'throwParameterIsNullNPE' '(Ljava/lang/String;)V' in 'kotlin/jvm/internal/Intrinsics')}
  0x000000010f05e6d8: 0769 8ed2 | a794 a4f2 | 2700 c0f2 | 0608 40b9 | 0611 c0f2 | e9c0 0491 | 2801 40f9 | df00 08eb 
  0x000000010f05e6f8: a100 0054 | e89c 40f9 | 0805 0091 | e89c 00f9 | 2200 0014 | e900 0591 | 2801 40f9 | df00 08eb 
  0x000000010f05e718: a100 0054 | e8a4 40f9 | 0805 0091 | e8a4 00f9 | 1a00 0014 | e9c0 0491 | 2801 40f9 | c800 00b5 
  0x000000010f05e738: 2601 00f9 | e803 40b2 | e9e0 0491 | 2801 00f9 | 1200 0014 | e900 0591 | 2801 40f9 | c800 00b5 
  0x000000010f05e758: 2601 00f9 | e803 40b2 | e920 0591 | 2801 00f9 | 0a00 0014 | 0900 0014 

  0x000000010f05e770: ;   {metadata(method data for {method} {0x00000001246bfe08} 'throwParameterIsNullNPE' '(Ljava/lang/String;)V' in 'kotlin/jvm/internal/Intrinsics')}
  0x000000010f05e770: 0769 8ed2 | a794 a4f2 | 2700 c0f2 | e890 40f9 | 0805 00d1 | e890 00f9 | fa00 0014 | 0100 0014 
  0x000000010f05e790: ; implicit exception: dispatches to 0x000000010f05eb78
  0x000000010f05e790: 1f00 40f9 | ff00 0014 

  0x000000010f05e798: ;   {metadata({method} {0x000000012487b3c8} 'resumeWith' '(Ljava/lang/Object;)V' in 'kotlin/coroutines/jvm/internal/BaseContinuationImpl')}
  0x000000010f05e798: 0879 96d2 | e890 a4f2 | 2800 c0f2 | e807 00f9 | 0800 8092 | e803 00f9 

  0x000000010f05e7b0: ; ImmutableOopMap {c_rarg1=Oop c_rarg2=Oop }
                      ;*synchronization entry
                      ; - kotlin.coroutines.jvm.internal.BaseContinuationImpl::resumeWith@-1 (line 23)
                      ;   {runtime_call counter_overflow Runtime1 stub}
  0x000000010f05e7b0: b40c c195 | 61fa ff17 | e803 01aa 

  0x000000010f05e7bc: ; ImmutableOopMap {c_rarg2=Oop c_rarg1=Oop }
                      ;*checkcast {reexecute=0 rethrow=0 return_oop=0}
                      ; - kotlin.coroutines.jvm.internal.BaseContinuationImpl::resumeWith@10 (line 28)
                      ;   {runtime_call throw_class_cast_exception Runtime1 stub}
  0x000000010f05e7bc: f102 c195 

  0x000000010f05e7c0: ;   {metadata({method} {0x00000001248a22f8} 'probeCoroutineResumed' '(Lkotlin/coroutines/Continuation;)V' in 'kotlin/coroutines/jvm/internal/DebugProbesKt')}
  0x000000010f05e7c0: 085f 84d2 | 4891 a4f2 | 2800 c0f2 | e807 00f9 | 0800 8092 | e803 00f9 

  0x000000010f05e7d8: ; ImmutableOopMap {c_rarg2=Oop c_rarg1=Oop c_rarg0=Oop }
                      ;*synchronization entry
                      ; - kotlin.coroutines.jvm.internal.DebugProbesKt::probeCoroutineResumed@-1
                      ; - kotlin.coroutines.jvm.internal.BaseContinuationImpl::resumeWith@13 (line 28)
                      ;   {runtime_call counter_overflow Runtime1 stub}
  0x000000010f05e7d8: aa0c c195 | abfa ff17 

  0x000000010f05e7e0: ;   {metadata({method} {0x00000001246bfc98} 'checkNotNullParameter' '(Ljava/lang/Object;Ljava/lang/String;)V' in 'kotlin/jvm/internal/Intrinsics')}
  0x000000010f05e7e0: 0893 9fd2 | 688d a4f2 | 2800 c0f2 | e807 00f9 | 0800 8092 | e803 00f9 

  0x000000010f05e7f8: ; ImmutableOopMap {c_rarg2=Oop c_rarg1=Oop c_rarg0=Oop }
                      ;*synchronization entry
                      ; - kotlin.jvm.internal.Intrinsics::checkNotNullParameter@-1 (line 130)
                      ; - kotlin.coroutines.jvm.internal.DebugProbesKt::probeCoroutineResumed@3
                      ; - kotlin.coroutines.jvm.internal.BaseContinuationImpl::resumeWith@13 (line 28)
                      ;   {runtime_call counter_overflow Runtime1 stub}
  0x000000010f05e7f8: a20c c195 | b2fa ff17 | e803 01aa 

  0x000000010f05e804: ; ImmutableOopMap {c_rarg2=Oop }
                      ;*checkcast {reexecute=0 rethrow=0 return_oop=0}
                      ; - kotlin.coroutines.jvm.internal.BaseContinuationImpl::resumeWith@17 (line 29)
                      ;   {runtime_call throw_class_cast_exception Runtime1 stub}
  0x000000010f05e804: df02 c195 

  0x000000010f05e808: ; ImmutableOopMap {c_rarg2=Oop c_rarg0=Oop }
                      ;*getfield completion {reexecute=1 rethrow=0 return_oop=0}
                      ; - (reexecute) kotlin.coroutines.jvm.internal.BaseContinuationImpl::resumeWith@27 (line 30)
                      ;   {runtime_call throw_null_pointer_exception Runtime1 stub}
  0x000000010f05e808: 1ef9 c095 

  0x000000010f05e80c: ;   {metadata({method} {0x00000001246becf8} 'checkNotNull' '(Ljava/lang/Object;)V' in 'kotlin/jvm/internal/Intrinsics')}
  0x000000010f05e80c: 089f 9dd2 | 688d a4f2 | 2800 c0f2 | e807 00f9 | 0800 8092 | e803 00f9 

  0x000000010f05e824: ; ImmutableOopMap {c_rarg2=Oop c_rarg0=Oop c_rarg3=Oop [176]=Oop }
                      ;*synchronization entry
                      ; - kotlin.jvm.internal.Intrinsics::checkNotNull@-1 (line 24)
                      ; - kotlin.coroutines.jvm.internal.BaseContinuationImpl::resumeWith@31 (line 30)
                      ;   {runtime_call counter_overflow Runtime1 stub}
  0x000000010f05e824: 970c c195 | 05fb ff17 

  0x000000010f05e82c: ;   {metadata({method} {0x00000001248a0490} 'getCOROUTINE_SUSPENDED' '()Ljava/lang/Object;' in 'kotlin/coroutines/intrinsics/IntrinsicsKt__IntrinsicsKt')}
  0x000000010f05e82c: 0892 80d2 | 4891 a4f2 | 2800 c0f2 | e807 00f9 | 0800 8092 | e803 00f9 

  0x000000010f05e844: ; ImmutableOopMap {[176]=Oop [168]=Oop c_rarg0=Oop }
                      ;*synchronization entry
                      ; - kotlin.coroutines.intrinsics.IntrinsicsKt__IntrinsicsKt::getCOROUTINE_SUSPENDED@-1 (line 57)
                      ; - kotlin.coroutines.jvm.internal.BaseContinuationImpl::resumeWith@47 (line 34)
                      ;   {runtime_call counter_overflow Runtime1 stub}
  0x000000010f05e844: 8f0c c195 | 47fb ff17 

  0x000000010f05e84c: ;   {metadata({method} {0x00000001248ad000} 'constructor-impl' '(Ljava/lang/Object;)Ljava/lang/Object;' in 'kotlin/Result')}
  0x000000010f05e84c: 0800 9ad2 | 4891 a4f2 | 2800 c0f2 | e807 00f9 | 0800 8092 | e803 00f9 

  0x000000010f05e864: ; ImmutableOopMap {[176]=Oop [168]=Oop c_rarg0=Oop }
                      ;*synchronization entry
                      ; - kotlin.Result::constructor-impl@-1
                      ; - kotlin.coroutines.jvm.internal.BaseContinuationImpl::resumeWith@60 (line 35)
                      ;   {runtime_call counter_overflow Runtime1 stub}
  0x000000010f05e864: 870c c195 | 5cfb ff17 

  0x000000010f05e86c: ;   {metadata({method} {0x00000001248c09c0} 'createFailure' '(Ljava/lang/Throwable;)Ljava/lang/Object;' in 'kotlin/ResultKt')}
  0x000000010f05e86c: 0838 81d2 | 8891 a4f2 | 2800 c0f2 | e807 00f9 | 0800 8092 | e803 00f9 

  0x000000010f05e884: ; ImmutableOopMap {[176]=Oop [168]=Oop c_rarg0=Oop }
                      ;*synchronization entry
                      ; - kotlin.ResultKt::createFailure@-1
                      ; - kotlin.coroutines.jvm.internal.BaseContinuationImpl::resumeWith@76 (line 37)
                      ;   {runtime_call counter_overflow Runtime1 stub}
  0x000000010f05e884: 7f0c c195 | 6dfb ff17 

  0x000000010f05e88c: ;   {metadata({method} {0x00000001246bfc98} 'checkNotNullParameter' '(Ljava/lang/Object;Ljava/lang/String;)V' in 'kotlin/jvm/internal/Intrinsics')}
  0x000000010f05e88c: 0893 9fd2 | 688d a4f2 | 2800 c0f2 | e807 00f9 | 0800 8092 | e803 00f9 

  0x000000010f05e8a4: ; ImmutableOopMap {[176]=Oop [168]=Oop c_rarg0=Oop }
                      ;*synchronization entry
                      ; - kotlin.jvm.internal.Intrinsics::checkNotNullParameter@-1 (line 130)
                      ; - kotlin.ResultKt::createFailure@3
                      ; - kotlin.coroutines.jvm.internal.BaseContinuationImpl::resumeWith@76 (line 37)
                      ;   {runtime_call counter_overflow Runtime1 stub}
  0x000000010f05e8a4: 770c c195 | 74fb ff17 

  0x000000010f05e8ac: ; ImmutableOopMap {[176]=Oop [168]=Oop c_rarg2=Oop }
                      ;*new {reexecute=0 rethrow=0 return_oop=0}
                      ; - kotlin.ResultKt::createFailure@6 (line 122)
                      ; - kotlin.coroutines.jvm.internal.BaseContinuationImpl::resumeWith@76 (line 37)
                      ;   {runtime_call fast_new_instance Runtime1 stub}
  0x000000010f05e8ac: f5fb c095 | 8dfb ff17 

  0x000000010f05e8b4: ;   {metadata({method} {0x00000001248b0d90} '<init>' '(Ljava/lang/Throwable;)V' in 'kotlin/Result$Failure')}
  0x000000010f05e8b4: 08b2 81d2 | 6891 a4f2 | 2800 c0f2 | e807 00f9 | 0800 8092 | e803 00f9 

  0x000000010f05e8cc: ; ImmutableOopMap {[176]=Oop [168]=Oop c_rarg2=Oop c_rarg0=Oop }
                      ;*synchronization entry
                      ; - kotlin.Result$Failure::<init>@-1
                      ; - kotlin.ResultKt::createFailure@11 (line 122)
                      ; - kotlin.coroutines.jvm.internal.BaseContinuationImpl::resumeWith@76 (line 37)
                      ;   {runtime_call counter_overflow Runtime1 stub}
  0x000000010f05e8cc: 6d0c c195 | 95fb ff17 

  0x000000010f05e8d4: ;   {metadata({method} {0x00000001246bfc98} 'checkNotNullParameter' '(Ljava/lang/Object;Ljava/lang/String;)V' in 'kotlin/jvm/internal/Intrinsics')}
  0x000000010f05e8d4: 0893 9fd2 | 688d a4f2 | 2800 c0f2 | e807 00f9 | 0800 8092 | e803 00f9 

  0x000000010f05e8ec: ; ImmutableOopMap {[176]=Oop [168]=Oop c_rarg2=Oop c_rarg0=Oop }
                      ;*synchronization entry
                      ; - kotlin.jvm.internal.Intrinsics::checkNotNullParameter@-1 (line 130)
                      ; - kotlin.Result$Failure::<init>@3
                      ; - kotlin.ResultKt::createFailure@11 (line 122)
                      ; - kotlin.coroutines.jvm.internal.BaseContinuationImpl::resumeWith@76 (line 37)
                      ;   {runtime_call counter_overflow Runtime1 stub}
  0x000000010f05e8ec: 650c c195 | 9cfb ff17 

  0x000000010f05e8f4: ;   {metadata({method} {0x0000008800449ec0} '<init>' '()V' in 'java/lang/Object')}
  0x000000010f05e8f4: 08d8 93d2 | 8808 a0f2 | 0811 c0f2 | e807 00f9 | 0800 8092 | e803 00f9 

  0x000000010f05e90c: ; ImmutableOopMap {[176]=Oop [168]=Oop c_rarg2=Oop c_rarg0=Oop }
                      ;*synchronization entry
                      ; - java.lang.Object::<init>@-1 (line 44)
                      ; - kotlin.Result$Failure::<init>@7 (line 105)
                      ; - kotlin.ResultKt::createFailure@11 (line 122)
                      ; - kotlin.coroutines.jvm.internal.BaseContinuationImpl::resumeWith@76 (line 37)
                      ;   {runtime_call counter_overflow Runtime1 stub}
  0x000000010f05e90c: 5d0c c195 | b0fb ff17 | 010c 40b9 | 4100 00b4 | 610f 018b | e175 ffb4 | e103 00f9 

  0x000000010f05e928: ;   {runtime_call g1_pre_barrier_slow}
  0x000000010f05e928: d60d c195 | acfb ff17 | 6276 ffb4 | e003 00f9 

  0x000000010f05e938: ;   {runtime_call g1_post_barrier_slow}
  0x000000010f05e938: 920e c195 | b0fb ff17 

  0x000000010f05e940: ;   {metadata({method} {0x00000001248ad000} 'constructor-impl' '(Ljava/lang/Object;)Ljava/lang/Object;' in 'kotlin/Result')}
  0x000000010f05e940: 0800 9ad2 | 4891 a4f2 | 2800 c0f2 | e807 00f9 | 0800 8092 | e803 00f9 

  0x000000010f05e958: ; ImmutableOopMap {[176]=Oop [168]=Oop c_rarg0=Oop }
                      ;*synchronization entry
                      ; - kotlin.Result::constructor-impl@-1
                      ; - kotlin.coroutines.jvm.internal.BaseContinuationImpl::resumeWith@79 (line 37)
                      ;   {runtime_call counter_overflow Runtime1 stub}
  0x000000010f05e958: 4a0c c195 | b8fb ff17 

  0x000000010f05e960: ;   {metadata({method} {0x000000012487b3c8} 'resumeWith' '(Ljava/lang/Object;)V' in 'kotlin/coroutines/jvm/internal/BaseContinuationImpl')}
  0x000000010f05e960: 0879 96d2 | e890 a4f2 | 2800 c0f2 | e807 00f9 | 280f 80d2 | e803 00f9 

  0x000000010f05e978: ; ImmutableOopMap {[184]=Oop c_rarg3=Oop [176]=Oop }
                      ;*goto {reexecute=1 rethrow=0 return_oop=0}
                      ; - (reexecute) kotlin.coroutines.jvm.internal.BaseContinuationImpl::resumeWith@121 (line 29)
                      ;   {runtime_call counter_overflow Runtime1 stub}
  0x000000010f05e978: 420c c195 | 3bfc ff17 

  0x000000010f05e980: ;   {metadata({method} {0x00000001246bfe08} 'throwParameterIsNullNPE' '(Ljava/lang/String;)V' in 'kotlin/jvm/internal/Intrinsics')}
  0x000000010f05e980: 08c1 9fd2 | 688d a4f2 | 2800 c0f2 | e807 00f9 | 0800 8092 | e803 00f9 

  0x000000010f05e998: ; ImmutableOopMap {[176]=Oop [200]=Oop [208]=Oop [168]=Oop }
                      ;*synchronization entry
                      ; - kotlin.jvm.internal.Intrinsics::throwParameterIsNullNPE@-1 (line 140)
                      ; - kotlin.jvm.internal.Intrinsics::checkNotNullParameter@5 (line 131)
                      ; - kotlin.Result$Failure::<init>@3
                      ; - kotlin.ResultKt::createFailure@11 (line 122)
                      ; - kotlin.coroutines.jvm.internal.BaseContinuationImpl::resumeWith@76 (line 37)
                      ;   {runtime_call counter_overflow Runtime1 stub}
  0x000000010f05e998: 3a0c c195 | 4efc ff17 

  0x000000010f05e9a0: ; ImmutableOopMap {[208]=Oop [168]=Oop [176]=Oop [200]=Oop }
                      ;*new {reexecute=0 rethrow=0 return_oop=0}
                      ; - kotlin.jvm.internal.Intrinsics::throwParameterIsNullNPE@0 (line 140)
                      ; - kotlin.jvm.internal.Intrinsics::checkNotNullParameter@5 (line 131)
                      ; - kotlin.Result$Failure::<init>@3
                      ; - kotlin.ResultKt::createFailure@11 (line 122)
                      ; - kotlin.coroutines.jvm.internal.BaseContinuationImpl::resumeWith@76 (line 37)
                      ;   {runtime_call fast_new_instance Runtime1 stub}
  0x000000010f05e9a0: b8fb c095 | 5bfc ff17 

  0x000000010f05e9a8: ;   {metadata({method} {0x00000001246bddf0} 'sanitizeStackTrace' '(Ljava/lang/Throwable;)Ljava/lang/Throwable;' in 'kotlin/jvm/internal/Intrinsics')}
  0x000000010f05e9a8: 08be 9bd2 | 688d a4f2 | 2800 c0f2 | e807 00f9 | 0800 8092 | e803 00f9 

  0x000000010f05e9c0: ; ImmutableOopMap {[168]=Oop [208]=Oop [192]=Oop [200]=Oop [176]=Oop }
                      ;*synchronization entry
                      ; - kotlin.jvm.internal.Intrinsics::sanitizeStackTrace@-1 (line 253)
                      ; - kotlin.jvm.internal.Intrinsics::throwParameterIsNullNPE@11 (line 140)
                      ; - kotlin.jvm.internal.Intrinsics::checkNotNullParameter@5 (line 131)
                      ; - kotlin.Result$Failure::<init>@3
                      ; - kotlin.ResultKt::createFailure@11 (line 122)
                      ; - kotlin.coroutines.jvm.internal.BaseContinuationImpl::resumeWith@76 (line 37)
                      ;   {runtime_call counter_overflow Runtime1 stub}
  0x000000010f05e9c0: 300c c195 | 77fc ff17 

  0x000000010f05e9c8: ;   {metadata({method} {0x00000088004467f8} 'getName' '()Ljava/lang/String;' in 'java/lang/Class')}
  0x000000010f05e9c8: 08ff 8cd2 | 8808 a0f2 | 0811 c0f2 | e807 00f9 | 0800 8092 | e803 00f9 

  0x000000010f05e9e0: ; ImmutableOopMap {[168]=Oop [208]=Oop [192]=Oop [200]=Oop [176]=Oop c_rarg1=Oop }
                      ;*synchronization entry
                      ; - java.lang.Class::getName@-1 (line 862)
                      ; - kotlin.jvm.internal.Intrinsics::sanitizeStackTrace@3 (line 253)
                      ; - kotlin.jvm.internal.Intrinsics::throwParameterIsNullNPE@11 (line 140)
                      ; - kotlin.jvm.internal.Intrinsics::checkNotNullParameter@5 (line 131)
                      ; - kotlin.Result$Failure::<init>@3
                      ; - kotlin.ResultKt::createFailure@11 (line 122)
                      ; - kotlin.coroutines.jvm.internal.BaseContinuationImpl::resumeWith@76 (line 37)
                      ;   {runtime_call counter_overflow Runtime1 stub}
  0x000000010f05e9e0: 280c c195 | 82fc ff17 

  0x000000010f05e9e8: ; ImmutableOopMap {[168]=Oop [208]=Oop [192]=Oop [200]=Oop [176]=Oop }
                      ;*getfield name {reexecute=1 rethrow=0 return_oop=0}
                      ; - (reexecute) java.lang.Class::getName@1 (line 862)
                      ; - kotlin.jvm.internal.Intrinsics::sanitizeStackTrace@3 (line 253)
                      ; - kotlin.jvm.internal.Intrinsics::throwParameterIsNullNPE@11 (line 140)
                      ; - kotlin.jvm.internal.Intrinsics::checkNotNullParameter@5 (line 131)
                      ; - kotlin.Result$Failure::<init>@3
                      ; - kotlin.ResultKt::createFailure@11 (line 122)
                      ; - kotlin.coroutines.jvm.internal.BaseContinuationImpl::resumeWith@76 (line 37)
                      ;   {runtime_call throw_null_pointer_exception Runtime1 stub}
  0x000000010f05e9e8: a6f8 c095 

  0x000000010f05e9ec: ;   {metadata({method} {0x00000001246bfe08} 'throwParameterIsNullNPE' '(Ljava/lang/String;)V' in 'kotlin/jvm/internal/Intrinsics')}
  0x000000010f05e9ec: 08c1 9fd2 | 688d a4f2 | 2800 c0f2 | e807 00f9 | 0800 8092 | e803 00f9 

  0x000000010f05ea04: ; ImmutableOopMap {[168]=Oop [208]=Oop [176]=Oop }
                      ;*synchronization entry
                      ; - kotlin.jvm.internal.Intrinsics::throwParameterIsNullNPE@-1 (line 140)
                      ; - kotlin.jvm.internal.Intrinsics::checkNotNullParameter@5 (line 131)
                      ; - kotlin.ResultKt::createFailure@3
                      ; - kotlin.coroutines.jvm.internal.BaseContinuationImpl::resumeWith@76 (line 37)
                      ;   {runtime_call counter_overflow Runtime1 stub}
  0x000000010f05ea04: 1f0c c195 | adfc ff17 

  0x000000010f05ea0c: ; ImmutableOopMap {[168]=Oop [208]=Oop [176]=Oop }
                      ;*new {reexecute=0 rethrow=0 return_oop=0}
                      ; - kotlin.jvm.internal.Intrinsics::throwParameterIsNullNPE@0 (line 140)
                      ; - kotlin.jvm.internal.Intrinsics::checkNotNullParameter@5 (line 131)
                      ; - kotlin.ResultKt::createFailure@3
                      ; - kotlin.coroutines.jvm.internal.BaseContinuationImpl::resumeWith@76 (line 37)
                      ;   {runtime_call fast_new_instance Runtime1 stub}
  0x000000010f05ea0c: 9dfb c095 | bafc ff17 

  0x000000010f05ea14: ;   {metadata({method} {0x00000001246bddf0} 'sanitizeStackTrace' '(Ljava/lang/Throwable;)Ljava/lang/Throwable;' in 'kotlin/jvm/internal/Intrinsics')}
  0x000000010f05ea14: 08be 9bd2 | 688d a4f2 | 2800 c0f2 | e807 00f9 | 0800 8092 | e803 00f9 

  0x000000010f05ea2c: ; ImmutableOopMap {[168]=Oop [208]=Oop [176]=Oop [216]=Oop }
                      ;*synchronization entry
                      ; - kotlin.jvm.internal.Intrinsics::sanitizeStackTrace@-1 (line 253)
                      ; - kotlin.jvm.internal.Intrinsics::throwParameterIsNullNPE@11 (line 140)
                      ; - kotlin.jvm.internal.Intrinsics::checkNotNullParameter@5 (line 131)
                      ; - kotlin.ResultKt::createFailure@3
                      ; - kotlin.coroutines.jvm.internal.BaseContinuationImpl::resumeWith@76 (line 37)
                      ;   {runtime_call counter_overflow Runtime1 stub}
  0x000000010f05ea2c: 150c c195 | d6fc ff17 

  0x000000010f05ea34: ;   {metadata({method} {0x00000088004467f8} 'getName' '()Ljava/lang/String;' in 'java/lang/Class')}
  0x000000010f05ea34: 08ff 8cd2 | 8808 a0f2 | 0811 c0f2 | e807 00f9 | 0800 8092 | e803 00f9 

  0x000000010f05ea4c: ; ImmutableOopMap {[168]=Oop [208]=Oop [176]=Oop [216]=Oop c_rarg1=Oop }
                      ;*synchronization entry
                      ; - java.lang.Class::getName@-1 (line 862)
                      ; - kotlin.jvm.internal.Intrinsics::sanitizeStackTrace@3 (line 253)
                      ; - kotlin.jvm.internal.Intrinsics::throwParameterIsNullNPE@11 (line 140)
                      ; - kotlin.jvm.internal.Intrinsics::checkNotNullParameter@5 (line 131)
                      ; - kotlin.ResultKt::createFailure@3
                      ; - kotlin.coroutines.jvm.internal.BaseContinuationImpl::resumeWith@76 (line 37)
                      ;   {runtime_call counter_overflow Runtime1 stub}
  0x000000010f05ea4c: 0d0c c195 | e1fc ff17 

  0x000000010f05ea54: ; ImmutableOopMap {[168]=Oop [208]=Oop [176]=Oop [216]=Oop }
                      ;*getfield name {reexecute=1 rethrow=0 return_oop=0}
                      ; - (reexecute) java.lang.Class::getName@1 (line 862)
                      ; - kotlin.jvm.internal.Intrinsics::sanitizeStackTrace@3 (line 253)
                      ; - kotlin.jvm.internal.Intrinsics::throwParameterIsNullNPE@11 (line 140)
                      ; - kotlin.jvm.internal.Intrinsics::checkNotNullParameter@5 (line 131)
                      ; - kotlin.ResultKt::createFailure@3
                      ; - kotlin.coroutines.jvm.internal.BaseContinuationImpl::resumeWith@76 (line 37)
                      ;   {runtime_call throw_null_pointer_exception Runtime1 stub}
  0x000000010f05ea54: 8bf8 c095 

  0x000000010f05ea58: ;   {metadata({method} {0x00000001246befc0} 'throwJavaNpe' '()V' in 'kotlin/jvm/internal/Intrinsics')}
  0x000000010f05ea58: 08f8 9dd2 | 688d a4f2 | 2800 c0f2 | e807 00f9 | 0800 8092 | e803 00f9 

  0x000000010f05ea70: ; ImmutableOopMap {[168]=Oop [176]=Oop [232]=Oop }
                      ;*synchronization entry
                      ; - kotlin.jvm.internal.Intrinsics::throwJavaNpe@-1 (line 45)
                      ; - kotlin.jvm.internal.Intrinsics::checkNotNull@4 (line 25)
                      ; - kotlin.coroutines.jvm.internal.BaseContinuationImpl::resumeWith@31 (line 30)
                      ;   {runtime_call counter_overflow Runtime1 stub}
  0x000000010f05ea70: 040c c195 | 0dfd ff17 

  0x000000010f05ea78: ; ImmutableOopMap {[168]=Oop [176]=Oop [232]=Oop }
                      ;*new {reexecute=0 rethrow=0 return_oop=0}
                      ; - kotlin.jvm.internal.Intrinsics::throwJavaNpe@0 (line 45)
                      ; - kotlin.jvm.internal.Intrinsics::checkNotNull@4 (line 25)
                      ; - kotlin.coroutines.jvm.internal.BaseContinuationImpl::resumeWith@31 (line 30)
                      ;   {runtime_call fast_new_instance Runtime1 stub}
  0x000000010f05ea78: 82fb c095 | 1afd ff17 

  0x000000010f05ea80: ;   {metadata({method} {0x00000001246bddf0} 'sanitizeStackTrace' '(Ljava/lang/Throwable;)Ljava/lang/Throwable;' in 'kotlin/jvm/internal/Intrinsics')}
  0x000000010f05ea80: 08be 9bd2 | 688d a4f2 | 2800 c0f2 | e807 00f9 | 0800 8092 | e803 00f9 

  0x000000010f05ea98: ; ImmutableOopMap {[168]=Oop [176]=Oop [232]=Oop [224]=Oop }
                      ;*synchronization entry
                      ; - kotlin.jvm.internal.Intrinsics::sanitizeStackTrace@-1 (line 253)
                      ; - kotlin.jvm.internal.Intrinsics::throwJavaNpe@7 (line 45)
                      ; - kotlin.jvm.internal.Intrinsics::checkNotNull@4 (line 25)
                      ; - kotlin.coroutines.jvm.internal.BaseContinuationImpl::resumeWith@31 (line 30)
                      ;   {runtime_call counter_overflow Runtime1 stub}
  0x000000010f05ea98: fa0b c195 | 2bfd ff17 

  0x000000010f05eaa0: ;   {metadata({method} {0x00000088004467f8} 'getName' '()Ljava/lang/String;' in 'java/lang/Class')}
  0x000000010f05eaa0: 08ff 8cd2 | 8808 a0f2 | 0811 c0f2 | e807 00f9 | 0800 8092 | e803 00f9 

  0x000000010f05eab8: ; ImmutableOopMap {[168]=Oop [176]=Oop [232]=Oop [224]=Oop c_rarg1=Oop }
                      ;*synchronization entry
                      ; - java.lang.Class::getName@-1 (line 862)
                      ; - kotlin.jvm.internal.Intrinsics::sanitizeStackTrace@3 (line 253)
                      ; - kotlin.jvm.internal.Intrinsics::throwJavaNpe@7 (line 45)
                      ; - kotlin.jvm.internal.Intrinsics::checkNotNull@4 (line 25)
                      ; - kotlin.coroutines.jvm.internal.BaseContinuationImpl::resumeWith@31 (line 30)
                      ;   {runtime_call counter_overflow Runtime1 stub}
  0x000000010f05eab8: f20b c195 | 36fd ff17 

  0x000000010f05eac0: ; ImmutableOopMap {[168]=Oop [176]=Oop [232]=Oop [224]=Oop }
                      ;*getfield name {reexecute=1 rethrow=0 return_oop=0}
                      ; - (reexecute) java.lang.Class::getName@1 (line 862)
                      ; - kotlin.jvm.internal.Intrinsics::sanitizeStackTrace@3 (line 253)
                      ; - kotlin.jvm.internal.Intrinsics::throwJavaNpe@7 (line 45)
                      ; - kotlin.jvm.internal.Intrinsics::checkNotNull@4 (line 25)
                      ; - kotlin.coroutines.jvm.internal.BaseContinuationImpl::resumeWith@31 (line 30)
                      ;   {runtime_call throw_null_pointer_exception Runtime1 stub}
  0x000000010f05eac0: 70f8 c095 

  0x000000010f05eac4: ;   {metadata({method} {0x00000001246bfe08} 'throwParameterIsNullNPE' '(Ljava/lang/String;)V' in 'kotlin/jvm/internal/Intrinsics')}
  0x000000010f05eac4: 08c1 9fd2 | 688d a4f2 | 2800 c0f2 | e807 00f9 | 0800 8092 | e803 00f9 

  0x000000010f05eadc: ; ImmutableOopMap {[232]=Oop [248]=Oop }
                      ;*synchronization entry
                      ; - kotlin.jvm.internal.Intrinsics::throwParameterIsNullNPE@-1 (line 140)
                      ; - kotlin.jvm.internal.Intrinsics::checkNotNullParameter@5 (line 131)
                      ; - kotlin.coroutines.jvm.internal.DebugProbesKt::probeCoroutineResumed@3
                      ; - kotlin.coroutines.jvm.internal.BaseContinuationImpl::resumeWith@13 (line 28)
                      ;   {runtime_call counter_overflow Runtime1 stub}
  0x000000010f05eadc: e90b c195 | 62fd ff17 

  0x000000010f05eae4: ; ImmutableOopMap {[232]=Oop [248]=Oop }
                      ;*new {reexecute=0 rethrow=0 return_oop=0}
                      ; - kotlin.jvm.internal.Intrinsics::throwParameterIsNullNPE@0 (line 140)
                      ; - kotlin.jvm.internal.Intrinsics::checkNotNullParameter@5 (line 131)
                      ; - kotlin.coroutines.jvm.internal.DebugProbesKt::probeCoroutineResumed@3
                      ; - kotlin.coroutines.jvm.internal.BaseContinuationImpl::resumeWith@13 (line 28)
                      ;   {runtime_call fast_new_instance Runtime1 stub}
  0x000000010f05eae4: 67fb c095 | 6ffd ff17 

  0x000000010f05eaec: ;   {metadata({method} {0x00000001246bddf0} 'sanitizeStackTrace' '(Ljava/lang/Throwable;)Ljava/lang/Throwable;' in 'kotlin/jvm/internal/Intrinsics')}
  0x000000010f05eaec: 08be 9bd2 | 688d a4f2 | 2800 c0f2 | e807 00f9 | 0800 8092 | e803 00f9 

  0x000000010f05eb04: ; ImmutableOopMap {[232]=Oop [240]=Oop [248]=Oop }
                      ;*synchronization entry
                      ; - kotlin.jvm.internal.Intrinsics::sanitizeStackTrace@-1 (line 253)
                      ; - kotlin.jvm.internal.Intrinsics::throwParameterIsNullNPE@11 (line 140)
                      ; - kotlin.jvm.internal.Intrinsics::checkNotNullParameter@5 (line 131)
                      ; - kotlin.coroutines.jvm.internal.DebugProbesKt::probeCoroutineResumed@3
                      ; - kotlin.coroutines.jvm.internal.BaseContinuationImpl::resumeWith@13 (line 28)
                      ;   {runtime_call counter_overflow Runtime1 stub}
  0x000000010f05eb04: df0b c195 | 8cfd ff17 

  0x000000010f05eb0c: ;   {metadata({method} {0x00000088004467f8} 'getName' '()Ljava/lang/String;' in 'java/lang/Class')}
  0x000000010f05eb0c: 08ff 8cd2 | 8808 a0f2 | 0811 c0f2 | e807 00f9 | 0800 8092 | e803 00f9 

  0x000000010f05eb24: ; ImmutableOopMap {[232]=Oop [240]=Oop [248]=Oop c_rarg1=Oop }
                      ;*synchronization entry
                      ; - java.lang.Class::getName@-1 (line 862)
                      ; - kotlin.jvm.internal.Intrinsics::sanitizeStackTrace@3 (line 253)
                      ; - kotlin.jvm.internal.Intrinsics::throwParameterIsNullNPE@11 (line 140)
                      ; - kotlin.jvm.internal.Intrinsics::checkNotNullParameter@5 (line 131)
                      ; - kotlin.coroutines.jvm.internal.DebugProbesKt::probeCoroutineResumed@3
                      ; - kotlin.coroutines.jvm.internal.BaseContinuationImpl::resumeWith@13 (line 28)
                      ;   {runtime_call counter_overflow Runtime1 stub}
  0x000000010f05eb24: d70b c195 | 97fd ff17 

  0x000000010f05eb2c: ; ImmutableOopMap {[232]=Oop [240]=Oop [248]=Oop }
                      ;*getfield name {reexecute=1 rethrow=0 return_oop=0}
                      ; - (reexecute) java.lang.Class::getName@1 (line 862)
                      ; - kotlin.jvm.internal.Intrinsics::sanitizeStackTrace@3 (line 253)
                      ; - kotlin.jvm.internal.Intrinsics::throwParameterIsNullNPE@11 (line 140)
                      ; - kotlin.jvm.internal.Intrinsics::checkNotNullParameter@5 (line 131)
                      ; - kotlin.coroutines.jvm.internal.DebugProbesKt::probeCoroutineResumed@3
                      ; - kotlin.coroutines.jvm.internal.BaseContinuationImpl::resumeWith@13 (line 28)
                      ;   {runtime_call throw_null_pointer_exception Runtime1 stub}
  0x000000010f05eb2c: 55f8 c095 

  0x000000010f05eb30: ; ImmutableOopMap {c_rarg3=Oop [176]=Oop c_rarg0=Oop }
                      ;*invokeinterface resumeWith {reexecute=0 rethrow=0 return_oop=0}
                      ; - kotlin.coroutines.jvm.internal.BaseContinuationImpl::resumeWith@114 (line 46)
                      ;   {runtime_call throw_null_pointer_exception Runtime1 stub}
  0x000000010f05eb30: 54f8 c095 

  0x000000010f05eb34: ;   {internal_word}
  0x000000010f05eb34: 68bd ff10 | 88b3 01f9 

  0x000000010f05eb3c: ;   {runtime_call SafepointBlob}
  0x000000010f05eb3c: b12e be15 

  0x000000010f05eb40: ;   {internal_word}
  0x000000010f05eb40: c8bd ff10 | 88b3 01f9 

  0x000000010f05eb48: ;   {runtime_call SafepointBlob}
  0x000000010f05eb48: ae2e be15 | e803 00aa 

  0x000000010f05eb50: ; ImmutableOopMap {[232]=Oop c_rarg1=Oop }
                      ;*checkcast {reexecute=0 rethrow=0 return_oop=0}
                      ; - kotlin.jvm.internal.Intrinsics::throwParameterIsNullNPE@14 (line 140)
                      ; - kotlin.jvm.internal.Intrinsics::checkNotNullParameter@5 (line 131)
                      ; - kotlin.coroutines.jvm.internal.DebugProbesKt::probeCoroutineResumed@3
                      ; - kotlin.coroutines.jvm.internal.BaseContinuationImpl::resumeWith@13 (line 28)
                      ;   {runtime_call throw_class_cast_exception Runtime1 stub}
  0x000000010f05eb50: 0c02 c195 

  0x000000010f05eb54: ; ImmutableOopMap {[232]=Oop c_rarg1=Oop c_rarg0=Oop }
                      ;*athrow {reexecute=1 rethrow=0 return_oop=0}
                      ; - (reexecute) kotlin.jvm.internal.Intrinsics::throwParameterIsNullNPE@17 (line 140)
                      ; - kotlin.jvm.internal.Intrinsics::checkNotNullParameter@5 (line 131)
                      ; - kotlin.coroutines.jvm.internal.DebugProbesKt::probeCoroutineResumed@3
                      ; - kotlin.coroutines.jvm.internal.BaseContinuationImpl::resumeWith@13 (line 28)
                      ;   {runtime_call throw_null_pointer_exception Runtime1 stub}
  0x000000010f05eb54: 4bf8 c095 | e803 00aa 

  0x000000010f05eb5c: ; ImmutableOopMap {[168]=Oop [176]=Oop c_rarg2=Oop }
                      ;*checkcast {reexecute=0 rethrow=0 return_oop=0}
                      ; - kotlin.jvm.internal.Intrinsics::throwJavaNpe@10 (line 45)
                      ; - kotlin.jvm.internal.Intrinsics::checkNotNull@4 (line 25)
                      ; - kotlin.coroutines.jvm.internal.BaseContinuationImpl::resumeWith@31 (line 30)
                      ;   {runtime_call throw_class_cast_exception Runtime1 stub}
  0x000000010f05eb5c: 0902 c195 

  0x000000010f05eb60: ; ImmutableOopMap {[168]=Oop [176]=Oop c_rarg2=Oop c_rarg0=Oop }
                      ;*athrow {reexecute=1 rethrow=0 return_oop=0}
                      ; - (reexecute) kotlin.jvm.internal.Intrinsics::throwJavaNpe@13 (line 45)
                      ; - kotlin.jvm.internal.Intrinsics::checkNotNull@4 (line 25)
                      ; - kotlin.coroutines.jvm.internal.BaseContinuationImpl::resumeWith@31 (line 30)
                      ;   {runtime_call throw_null_pointer_exception Runtime1 stub}
  0x000000010f05eb60: 48f8 c095 | e803 00aa 

  0x000000010f05eb68: ; ImmutableOopMap {[208]=Oop [176]=Oop [168]=Oop }
                      ;*checkcast {reexecute=0 rethrow=0 return_oop=0}
                      ; - kotlin.jvm.internal.Intrinsics::throwParameterIsNullNPE@14 (line 140)
                      ; - kotlin.jvm.internal.Intrinsics::checkNotNullParameter@5 (line 131)
                      ; - kotlin.ResultKt::createFailure@3
                      ; - kotlin.coroutines.jvm.internal.BaseContinuationImpl::resumeWith@76 (line 37)
                      ;   {runtime_call throw_class_cast_exception Runtime1 stub}
  0x000000010f05eb68: 0602 c195 

  0x000000010f05eb6c: ; ImmutableOopMap {[208]=Oop [176]=Oop [168]=Oop c_rarg0=Oop }
                      ;*athrow {reexecute=1 rethrow=0 return_oop=0}
                      ; - (reexecute) kotlin.jvm.internal.Intrinsics::throwParameterIsNullNPE@17 (line 140)
                      ; - kotlin.jvm.internal.Intrinsics::checkNotNullParameter@5 (line 131)
                      ; - kotlin.ResultKt::createFailure@3
                      ; - kotlin.coroutines.jvm.internal.BaseContinuationImpl::resumeWith@76 (line 37)
                      ;   {runtime_call throw_null_pointer_exception Runtime1 stub}
  0x000000010f05eb6c: 45f8 c095 | e803 00aa 

  0x000000010f05eb74: ; ImmutableOopMap {c_rarg2=Oop c_rarg4=Oop c_rarg3=Oop [176]=Oop c_rarg1=Oop }
                      ;*checkcast {reexecute=0 rethrow=0 return_oop=0}
                      ; - kotlin.jvm.internal.Intrinsics::throwParameterIsNullNPE@14 (line 140)
                      ; - kotlin.jvm.internal.Intrinsics::checkNotNullParameter@5 (line 131)
                      ; - kotlin.Result$Failure::<init>@3
                      ; - kotlin.ResultKt::createFailure@11 (line 122)
                      ; - kotlin.coroutines.jvm.internal.BaseContinuationImpl::resumeWith@76 (line 37)
                      ;   {runtime_call throw_class_cast_exception Runtime1 stub}
  0x000000010f05eb74: 0302 c195 

  0x000000010f05eb78: ; ImmutableOopMap {c_rarg2=Oop c_rarg4=Oop c_rarg3=Oop [176]=Oop c_rarg1=Oop c_rarg0=Oop }
                      ;*athrow {reexecute=1 rethrow=0 return_oop=0}
                      ; - (reexecute) kotlin.jvm.internal.Intrinsics::throwParameterIsNullNPE@17 (line 140)
                      ; - kotlin.jvm.internal.Intrinsics::checkNotNullParameter@5 (line 131)
                      ; - kotlin.Result$Failure::<init>@3
                      ; - kotlin.ResultKt::createFailure@11 (line 122)
                      ; - kotlin.coroutines.jvm.internal.BaseContinuationImpl::resumeWith@76 (line 37)
                      ;   {runtime_call throw_null_pointer_exception Runtime1 stub}
  0x000000010f05eb78: 42f8 c095 | 1f20 03d5 | 1f20 03d5 | 80ef 41f9 | 9fef 01f9 | 9ff3 01f9 | fd7b 51a9 | ff83 0491 
  0x000000010f05eb98: ;   {runtime_call unwind_exception Runtime1 stub}
  0x000000010f05eb98: 9abf be15 | 0000 0000 | 0000 0000 | 0000 0000 | 0000 0000 | 0000 0000 | 0000 0000 | 0000 0000 
  0x000000010f05ebb8: 0000 0000 | 0000 0000 
[Stub Code]
  0x000000010f05ebc0: ;   {no_reloc}
  0x000000010f05ebc0: df3f 03d5 

  0x000000010f05ebc4: ;   {metadata(NULL)}
  0x000000010f05ebc4: 0c00 80d2 | 0c00 a0f2 | 0c00 c0f2 | 0800 80d2 | 0800 a0f2 | 0800 c0f2 | 0001 1fd6 

  0x000000010f05ebe0: ;   {trampoline_stub}
  0x000000010f05ebe0: 4800 0058 | 0001 1fd6 | d869 0b16 | 0100 0000 

  0x000000010f05ebf0: ;   {static_stub}
  0x000000010f05ebf0: df3f 03d5 

  0x000000010f05ebf4: ;   {metadata(NULL)}
  0x000000010f05ebf4: 0c00 80d2 | 0c00 a0f2 | 0c00 c0f2 | 0800 80d2 | 0800 a0f2 | 0800 c0f2 | 0001 1fd6 

  0x000000010f05ec10: ;   {trampoline_stub}
  0x000000010f05ec10: 4800 0058 | 0001 1fd6 | d862 0b16 | 0100 0000 

  0x000000010f05ec20: ;   {static_stub}
  0x000000010f05ec20: df3f 03d5 

  0x000000010f05ec24: ;   {metadata(NULL)}
  0x000000010f05ec24: 0c00 80d2 | 0c00 a0f2 | 0c00 c0f2 | 0800 80d2 | 0800 a0f2 | 0800 c0f2 | 0001 1fd6 

  0x000000010f05ec40: ;   {trampoline_stub}
  0x000000010f05ec40: 4800 0058 | 0001 1fd6 | 0049 fe15 | 0100 0000 

  0x000000010f05ec50: ;   {static_stub}
  0x000000010f05ec50: df3f 03d5 

  0x000000010f05ec54: ;   {metadata(NULL)}
  0x000000010f05ec54: 0c00 80d2 | 0c00 a0f2 | 0c00 c0f2 | 0800 80d2 | 0800 a0f2 | 0800 c0f2 | 0001 1fd6 

  0x000000010f05ec70: ;   {trampoline_stub}
  0x000000010f05ec70: 4800 0058 | 0001 1fd6 | 0043 fe15 | 0100 0000 

  0x000000010f05ec80: ;   {static_stub}
  0x000000010f05ec80: df3f 03d5 

  0x000000010f05ec84: ;   {metadata(NULL)}
  0x000000010f05ec84: 0c00 80d2 | 0c00 a0f2 | 0c00 c0f2 | 0800 80d2 | 0800 a0f2 | 0800 c0f2 | 0001 1fd6 

  0x000000010f05eca0: ;   {trampoline_stub}
  0x000000010f05eca0: 4800 0058 | 0001 1fd6 | 0043 fe15 | 0100 0000 

  0x000000010f05ecb0: ;   {static_stub}
  0x000000010f05ecb0: df3f 03d5 

  0x000000010f05ecb4: ;   {metadata(NULL)}
  0x000000010f05ecb4: 0c00 80d2 | 0c00 a0f2 | 0c00 c0f2 | 0800 80d2 | 0800 a0f2 | 0800 c0f2 | 0001 1fd6 

  0x000000010f05ecd0: ;   {trampoline_stub}
  0x000000010f05ecd0: 4800 0058 | 0001 1fd6 | 0049 fe15 | 0100 0000 

  0x000000010f05ece0: ;   {static_stub}
  0x000000010f05ece0: df3f 03d5 

  0x000000010f05ece4: ;   {metadata(NULL)}
  0x000000010f05ece4: 0c00 80d2 | 0c00 a0f2 | 0c00 c0f2 | 0800 80d2 | 0800 a0f2 | 0800 c0f2 | 0001 1fd6 

  0x000000010f05ed00: ;   {trampoline_stub}
  0x000000010f05ed00: 4800 0058 | 0001 1fd6 | 0043 fe15 | 0100 0000 

  0x000000010f05ed10: ;   {static_stub}
  0x000000010f05ed10: df3f 03d5 

  0x000000010f05ed14: ;   {metadata(NULL)}
  0x000000010f05ed14: 0c00 80d2 | 0c00 a0f2 | 0c00 c0f2 | 0800 80d2 | 0800 a0f2 | 0800 c0f2 | 0001 1fd6 

  0x000000010f05ed30: ;   {trampoline_stub}
  0x000000010f05ed30: 4800 0058 | 0001 1fd6 | 0043 fe15 | 0100 0000 

  0x000000010f05ed40: ;   {static_stub}
  0x000000010f05ed40: df3f 03d5 

  0x000000010f05ed44: ;   {metadata(NULL)}
  0x000000010f05ed44: 0c00 80d2 | 0c00 a0f2 | 0c00 c0f2 | 0800 80d2 | 0800 a0f2 | 0800 c0f2 | 0001 1fd6 

  0x000000010f05ed60: ;   {trampoline_stub}
  0x000000010f05ed60: 4800 0058 | 0001 1fd6 | 0043 fe15 | 0100 0000 

  0x000000010f05ed70: ;   {static_stub}
  0x000000010f05ed70: df3f 03d5 

  0x000000010f05ed74: ;   {metadata(NULL)}
  0x000000010f05ed74: 0c00 80d2 | 0c00 a0f2 | 0c00 c0f2 | 0800 80d2 | 0800 a0f2 | 0800 c0f2 | 0001 1fd6 

  0x000000010f05ed90: ;   {trampoline_stub}
  0x000000010f05ed90: 4800 0058 | 0001 1fd6 | 0043 fe15 | 0100 0000 

  0x000000010f05eda0: ;   {static_stub}
  0x000000010f05eda0: df3f 03d5 

  0x000000010f05eda4: ;   {metadata(NULL)}
  0x000000010f05eda4: 0c00 80d2 | 0c00 a0f2 | 0c00 c0f2 | 0800 80d2 | 0800 a0f2 | 0800 c0f2 | 0001 1fd6 

  0x000000010f05edc0: ;   {trampoline_stub}
  0x000000010f05edc0: 4800 0058 | 0001 1fd6 | 0049 fe15 | 0100 0000 

  0x000000010f05edd0: ;   {static_stub}
  0x000000010f05edd0: df3f 03d5 

  0x000000010f05edd4: ;   {metadata(NULL)}
  0x000000010f05edd4: 0c00 80d2 | 0c00 a0f2 | 0c00 c0f2 | 0800 80d2 | 0800 a0f2 | 0800 c0f2 | 0001 1fd6 

  0x000000010f05edf0: ;   {trampoline_stub}
  0x000000010f05edf0: 4800 0058 | 0001 1fd6 | 0043 fe15 | 0100 0000 

  0x000000010f05ee00: ;   {static_stub}
  0x000000010f05ee00: df3f 03d5 

  0x000000010f05ee04: ;   {metadata(NULL)}
  0x000000010f05ee04: 0c00 80d2 | 0c00 a0f2 | 0c00 c0f2 | 0800 80d2 | 0800 a0f2 | 0800 c0f2 | 0001 1fd6 

  0x000000010f05ee20: ;   {trampoline_stub}
  0x000000010f05ee20: 4800 0058 | 0001 1fd6 | 0043 fe15 | 0100 0000 

  0x000000010f05ee30: ;   {static_stub}
  0x000000010f05ee30: df3f 03d5 

  0x000000010f05ee34: ;   {metadata(NULL)}
  0x000000010f05ee34: 0c00 80d2 | 0c00 a0f2 | 0c00 c0f2 | 0800 80d2 | 0800 a0f2 | 0800 c0f2 | 0001 1fd6 

  0x000000010f05ee50: ;   {trampoline_stub}
  0x000000010f05ee50: 4800 0058 | 0001 1fd6 | 4868 0b16 | 0100 0000 

  0x000000010f05ee60: ;   {static_stub}
  0x000000010f05ee60: df3f 03d5 

  0x000000010f05ee64: ;   {metadata(NULL)}
  0x000000010f05ee64: 0c00 80d2 | 0c00 a0f2 | 0c00 c0f2 | 0800 80d2 | 0800 a0f2 | 0800 c0f2 | 0001 1fd6 

  0x000000010f05ee80: ;   {trampoline_stub}
  0x000000010f05ee80: 4800 0058 | 0001 1fd6 | 0049 fe15 | 0100 0000 

  0x000000010f05ee90: ;   {static_stub}
  0x000000010f05ee90: df3f 03d5 

  0x000000010f05ee94: ;   {metadata(NULL)}
  0x000000010f05ee94: 0c00 80d2 | 0c00 a0f2 | 0c00 c0f2 | 0800 80d2 | 0800 a0f2 | 0800 c0f2 | 0001 1fd6 

  0x000000010f05eeb0: ;   {trampoline_stub}
  0x000000010f05eeb0: 4800 0058 | 0001 1fd6 | 0049 fe15 | 0100 0000 

  0x000000010f05eec0: ;   {static_stub}
  0x000000010f05eec0: df3f 03d5 

  0x000000010f05eec4: ;   {metadata(NULL)}
  0x000000010f05eec4: 0c00 80d2 | 0c00 a0f2 | 0c00 c0f2 | 0800 80d2 | 0800 a0f2 | 0800 c0f2 | 0001 1fd6 

  0x000000010f05eee0: ;   {trampoline_stub}
  0x000000010f05eee0: 4800 0058 | 0001 1fd6 | 0049 fe15 | 0100 0000 

  0x000000010f05eef0: ;   {static_stub}
  0x000000010f05eef0: df3f 03d5 

  0x000000010f05eef4: ;   {metadata(NULL)}
  0x000000010f05eef4: 0c00 80d2 | 0c00 a0f2 | 0c00 c0f2 | 0800 80d2 | 0800 a0f2 | 0800 c0f2 | 0001 1fd6 

  0x000000010f05ef10: ;   {trampoline_stub}
  0x000000010f05ef10: 4800 0058 | 0001 1fd6 | 0049 fe15 | 0100 0000 
[Exception Handler]
  0x000000010f05ef20: ;   {runtime_call handle_exception_from_callee Runtime1 stub}
  0x000000010f05ef20: 98ff c095 | c1d5 bbd4 | 6570 d506 | 0100 0000 
[Deopt Handler Code]
  0x000000010f05ef30: 1e00 0010 

  0x000000010f05ef34: ;   {runtime_call DeoptimizationBlob}
  0x000000010f05ef34: 832e be15 
[/MachCode]


Compiled method (c1)   54477 3486   !   3       kotlinx.coroutines.DispatchedTask::run (387 bytes)
 total in heap  [0x000000010f03a490,0x000000010f0400e0] = 23632
 relocation     [0x000000010f03a5e8,0x000000010f03ad88] = 1952
 main code      [0x000000010f03adc0,0x000000010f03dc00] = 11840
 stub code      [0x000000010f03dc00,0x000000010f03e428] = 2088
 oops           [0x000000010f03e428,0x000000010f03e458] = 48
 metadata       [0x000000010f03e458,0x000000010f03e6c8] = 624
 scopes data    [0x000000010f03e6c8,0x000000010f03f018] = 2384
 scopes pcs     [0x000000010f03f018,0x000000010f03f7a8] = 1936
 dependencies   [0x000000010f03f7a8,0x000000010f03f7b8] = 16
 handler table  [0x000000010f03f7b8,0x000000010f040050] = 2200
 nul chk table  [0x000000010f040050,0x000000010f0400e0] = 144

[Constant Pool (empty)]

[MachCode]
[Entry Point]
  # {method} {0x00000001248a6b38} 'run' '()V' in 'kotlinx/coroutines/DispatchedTask'
  #           [sp+0x180]  (sp of caller)
  0x000000010f03adc0: 2808 40b9 | 3f01 086b | c001 0054 

  0x000000010f03adcc: ;   {runtime_call ic_miss_stub}
  0x000000010f03adcc: 8da4 be15 | 1f20 03d5 | 1f20 03d5 | 1f20 03d5 | 1f20 03d5 | 1f20 03d5 | 1f20 03d5 | 1f20 03d5 
  0x000000010f03adec: 1f20 03d5 | 1f20 03d5 | 1f20 03d5 | 1f20 03d5 | 1f20 03d5 
[Verified Entry Point]
  0x000000010f03ae00: 1f20 03d5 | e953 40d1 | 3f01 00f9 | ff03 06d1 | fd7b 17a9 | e15b 00f9 

  0x000000010f03ae18: ;   {metadata(method data for {method} {0x00000001248a6b38} 'run' '()V' in 'kotlinx/coroutines/DispatchedTask')}
  0x000000010f03ae18: 0041 82d2 | 00db a4f2 | 2000 c0f2 | 02ac 40b9 | 4208 0011 | 02ac 00b9 | 4224 1f12 | 5f00 0071 
  0x000000010f03ae38: e041 0154 

  0x000000010f03ae3c: ;   {metadata(method data for {method} {0x00000001248a6b38} 'run' '()V' in 'kotlinx/coroutines/DispatchedTask')}
  0x000000010f03ae3c: 0041 82d2 | 00db a4f2 | 2000 c0f2 | 0878 40f9 | 0805 0091 | 0878 00f9 

  0x000000010f03ae54: ;   {metadata(method data for {method} {0x0000000124886810} 'getASSERTIONS_ENABLED' '()Z' in 'kotlinx/coroutines/DebugKt')}
  0x000000010f03ae54: 0013 82d2 | e0d9 a4f2 | 2000 c0f2 | 02ac 40b9 | 4208 0011 | 02ac 00b9 | 424c 1f12 | 5f00 0071 
  0x000000010f03ae74: 0041 0154 

  0x000000010f03ae78: ;   {metadata(method data for {method} {0x00000001248a6b38} 'run' '()V' in 'kotlinx/coroutines/DispatchedTask')}
  0x000000010f03ae78: 0041 82d2 | 00db a4f2 | 2000 c0f2 | 0280 40f9 | 4204 0091 | 0280 00f9 | e003 01aa 

  0x000000010f03ae94: ;   {metadata(method data for {method} {0x00000001248a6b38} 'run' '()V' in 'kotlinx/coroutines/DispatchedTask')}
  0x000000010f03ae94: 0241 82d2 | 02db a4f2 | 2200 c0f2 | 0008 40b9 | 0011 c0f2 | 4960 0691 | 2801 40f9 | 1f00 08eb 
  0x000000010f03aeb4: a100 0054 | 48d0 40f9 | 0805 0091 | 48d0 00f9 | 1c00 0014 | 49a0 0691 | 2801 40f9 | 1f00 08eb 
  0x000000010f03aed4: a100 0054 | 48d8 40f9 | 0805 0091 | 48d8 00f9 | 1400 0014 | 4960 0691 | 2801 40f9 | c800 00b5 
  0x000000010f03aef4: 2001 00f9 | e803 40b2 | 4980 0691 | 2801 00f9 | 0c00 0014 | 49a0 0691 | 2801 40f9 | c800 00b5 
  0x000000010f03af14: 2001 00f9 | e803 40b2 | 49c0 0691 | 2801 00f9 | 0400 0014 | 48c4 40f9 | 0805 0091 | 48c4 00f9 
  0x000000010f03af34: e003 01aa | e103 00aa | e9ff 9fd2 | e9ff bff2 | e9ff dff2 

  0x000000010f03af48: ; ImmutableOopMap {[176]=Oop }
                      ;*invokevirtual getDelegate$kotlinx_coroutines_core {reexecute=0 rethrow=0 return_oop=0}
                      ; - kotlinx.coroutines.DispatchedTask::run@34 (line 80)
                      ;   {virtual_call}
  0x000000010f03af48: 1e11 c595 | e05f 00f9 

  0x000000010f03af50: ;   {metadata(method data for {method} {0x00000001248a6b38} 'run' '()V' in 'kotlinx/coroutines/DispatchedTask')}
  0x000000010f03af50: 0341 82d2 | 03db a4f2 | 2300 c0f2 | 68e0 40f9 | 0805 0091 | 68e0 00f9 

  0x000000010f03af68: ;   {metadata(method data for {method} {0x00000001246bedc0} 'checkNotNull' '(Ljava/lang/Object;Ljava/lang/String;)V' in 'kotlin/jvm/internal/Intrinsics')}
  0x000000010f03af68: 03e5 87d2 | e3a5 a4f2 | 2300 c0f2 | 64ac 40b9 | 8408 0011 | 64ac 00b9 | 844c 1f12 | 9f00 0071 
  0x000000010f03af88: 6039 0154 | e303 1faa | 1f00 03eb 

  0x000000010f03af94: ;   {metadata(method data for {method} {0x00000001246bedc0} 'checkNotNull' '(Ljava/lang/Object;Ljava/lang/String;)V' in 'kotlin/jvm/internal/Intrinsics')}
  0x000000010f03af94: 03e5 87d2 | e3a5 a4f2 | 2300 c0f2 | e80f 7cb2 | e903 78b2 | 0411 899a | 6a68 64f8 | 4a05 0091 
  0x000000010f03afb4: 6a68 24f8 | 410e 0054 

  0x000000010f03afbc: ;   {metadata(method data for {method} {0x00000001246bedc0} 'checkNotNull' '(Ljava/lang/Object;Ljava/lang/String;)V' in 'kotlin/jvm/internal/Intrinsics')}
  0x000000010f03afbc: 03e5 87d2 | e3a5 a4f2 | 2300 c0f2 | 6888 40f9 | 0805 0091 | 6888 00f9 

  0x000000010f03afd4: ;   {metadata(method data for {method} {0x00000001246bf070} 'throwJavaNpe' '(Ljava/lang/String;)V' in 'kotlin/jvm/internal/Intrinsics')}
  0x000000010f03afd4: 0312 88d2 | e3a5 a4f2 | 2300 c0f2 | 64ac 40b9 | 8408 0011 | 64ac 00b9 | 844c 1f12 | 9f00 0071 
  0x000000010f03aff4: 0037 0154 

  0x000000010f03aff8: ; ImmutableOopMap {[176]=Oop [184]=Oop }
                      ;*new {reexecute=0 rethrow=0 return_oop=0}
                      ; - kotlin.jvm.internal.Intrinsics::throwJavaNpe@0 (line 50)
                      ; - kotlin.jvm.internal.Intrinsics::checkNotNull@5 (line 31)
                      ; - kotlinx.coroutines.DispatchedTask::run@40 (line 80)
                      ;   {runtime_call load_mirror_patching Runtime1 stub}
  0x000000010f03aff8: 6298 c195 | 8087 40f9 | 0bc0 0091 | 888f 40f9 | 7f01 08eb | 4837 0154 | 8b87 00f9 | ea03 40b2 
  0x000000010f03b018: 0a00 00f9 | ea03 032a | 0a7c 0129 | 0a40 0091 | 5f7d 00a9 | 5f7d 01a9 | bf3a 03d5 | e203 00aa 
  0x000000010f03b038: ;   {metadata(method data for {method} {0x00000001246bf070} 'throwJavaNpe' '(Ljava/lang/String;)V' in 'kotlin/jvm/internal/Intrinsics')}
  0x000000010f03b038: 0112 88d2 | e1a5 a4f2 | 2100 c0f2 | 2878 40f9 | 0805 0091 | 2878 00f9 

  0x000000010f03b050: ;   {oop("null cannot be cast to non-null type kotlinx.coroutines.internal.DispatchedContinuation<T of kotlinx.coroutines.DispatchedTask>"{0x000000700155f9a0})}
  0x000000010f03b050: 0234 9fd2 | a22a a0f2 | 020e c0f2 | e103 00aa | e063 00f9 

  0x000000010f03b064: ; ImmutableOopMap {[176]=Oop [192]=Oop [184]=Oop }
                      ;*invokespecial <init> {reexecute=0 rethrow=0 return_oop=0}
                      ; - kotlin.jvm.internal.Intrinsics::throwJavaNpe@5 (line 50)
                      ; - kotlin.jvm.internal.Intrinsics::checkNotNull@5 (line 31)
                      ; - kotlinx.coroutines.DispatchedTask::run@40 (line 80)
                      ;   {optimized virtual_call}
  0x000000010f03b064: a7a4 be95 

  0x000000010f03b068: ;   {metadata(method data for {method} {0x00000001246bf070} 'throwJavaNpe' '(Ljava/lang/String;)V' in 'kotlin/jvm/internal/Intrinsics')}
  0x000000010f03b068: 0112 88d2 | e1a5 a4f2 | 2100 c0f2 | 2880 40f9 | 0805 0091 | 2880 00f9 

  0x000000010f03b080: ;   {metadata(method data for {method} {0x00000001246bddf0} 'sanitizeStackTrace' '(Ljava/lang/Throwable;)Ljava/lang/Throwable;' in 'kotlin/jvm/internal/Intrinsics')}
  0x000000010f03b080: 013d 8fd2 | a194 a4f2 | 2100 c0f2 | 20ac 40b9 | 0008 0011 | 20ac 00b9 | 004c 1f12 | 1f00 0071 
  0x000000010f03b0a0: e032 0154 

  0x000000010f03b0a4: ;   {oop(a 'java/lang/Class'{0x0000007001195720} = 'kotlin/jvm/internal/Intrinsics')}
  0x000000010f03b0a4: 01e4 8ad2 | 2123 a0f2 | 010e c0f2 | e003 01aa 

  0x000000010f03b0b4: ;   {metadata(method data for {method} {0x00000001246bddf0} 'sanitizeStackTrace' '(Ljava/lang/Throwable;)Ljava/lang/Throwable;' in 'kotlin/jvm/internal/Intrinsics')}
  0x000000010f03b0b4: 023d 8fd2 | a294 a4f2 | 2200 c0f2 | 4878 40f9 | 0805 0091 | 4878 00f9 

  0x000000010f03b0cc: ;   {metadata(method data for {method} {0x00000088004467f8} 'getName' '()Ljava/lang/String;' in 'java/lang/Class')}
  0x000000010f03b0cc: 001c 95d2 | 4080 a4f2 | 2000 c0f2 | 02ac 40b9 | 4208 0011 | 02ac 00b9 | 424c 1f12 | 5f00 0071 
  0x000000010f03b0ec: 8031 0154 

  0x000000010f03b0f0: ; implicit exception: dispatches to 0x000000010f03d73c
  0x000000010f03b0f0: 212c 40b9 | 4100 00b4 | 610f 018b | e003 1faa | 3f00 00eb 

  0x000000010f03b104: ;   {metadata(method data for {method} {0x00000088004467f8} 'getName' '()Ljava/lang/String;' in 'java/lang/Class')}
  0x000000010f03b104: 001c 95d2 | 4080 a4f2 | 2000 c0f2 | e80f 7cb2 | e903 78b2 | 0201 899a | 0368 62f8 | 6304 0091 
  0x000000010f03b124: 0368 22f8 | 2001 0054 

  0x000000010f03b12c: ;   {metadata(method data for {method} {0x00000088004467f8} 'getName' '()Ljava/lang/String;' in 'java/lang/Class')}
  0x000000010f03b12c: 001c 95d2 | 4080 a4f2 | 2000 c0f2 | 0288 40f9 | 4204 0091 | 0288 00f9 | e003 01aa | 0c00 0014 
  0x000000010f03b14c: ;   {oop(a 'java/lang/Class'{0x0000007001195720} = 'kotlin/jvm/internal/Intrinsics')}
  0x000000010f03b14c: 01e4 8ad2 | 2123 a0f2 | 010e c0f2 | e003 01aa 

  0x000000010f03b15c: ;   {metadata(method data for {method} {0x00000088004467f8} 'getName' '()Ljava/lang/String;' in 'java/lang/Class')}
  0x000000010f03b15c: 021c 95d2 | 4280 a4f2 | 2200 c0f2 | 4894 40f9 | 0805 0091 | 4894 00f9 

  0x000000010f03b174: ; ImmutableOopMap {[176]=Oop [192]=Oop [184]=Oop }
                      ;*invokevirtual initClassName {reexecute=0 rethrow=0 return_oop=0}
                      ; - java.lang.Class::getName@14 (line 863)
                      ; - kotlin.jvm.internal.Intrinsics::sanitizeStackTrace@3 (line 253)
                      ; - kotlin.jvm.internal.Intrinsics::throwJavaNpe@8 (line 50)
                      ; - kotlin.jvm.internal.Intrinsics::checkNotNull@5 (line 31)
                      ; - kotlinx.coroutines.DispatchedTask::run@40 (line 80)
                      ;   {optimized virtual_call}
  0x000000010f03b174: 63a4 be95 | e163 40f9 | 4408 0014 | 0001 00b5 

  0x000000010f03b184: ;   {metadata(method data for {method} {0x00000001248a6b38} 'run' '()V' in 'kotlinx/coroutines/DispatchedTask')}
  0x000000010f03b184: 0341 82d2 | 03db a4f2 | 2300 c0f2 | 6824 4739 | 0801 40b2 | 6824 0739 | 3600 0014 

  0x000000010f03b1a0: ;   {metadata('kotlinx/coroutines/internal/DispatchedContinuation')}
  0x000000010f03b1a0: 02d4 8dd2 | 2222 a0f2 | 0211 c0f2 | 0808 40b9 | 0811 c0f2 | 1f01 02eb | e104 0054 

  0x000000010f03b1bc: ;   {metadata(method data for {method} {0x00000001248a6b38} 'run' '()V' in 'kotlinx/coroutines/DispatchedTask')}
  0x000000010f03b1bc: 0341 82d2 | 03db a4f2 | 2300 c0f2 | 0208 40b9 | 0211 c0f2 | 6980 0791 | 2801 40f9 | 5f00 08eb 
  0x000000010f03b1dc: a100 0054 | 68f4 40f9 | 0805 0091 | 68f4 00f9 | 2200 0014 | 69c0 0791 | 2801 40f9 | 5f00 08eb 
  0x000000010f03b1fc: a100 0054 | 68fc 40f9 | 0805 0091 | 68fc 00f9 | 1a00 0014 | 6980 0791 | 2801 40f9 | c800 00b5 
  0x000000010f03b21c: 2201 00f9 | e803 40b2 | 69a0 0791 | 2801 00f9 | 1200 0014 | 69c0 0791 | 2801 40f9 | c800 00b5 
  0x000000010f03b23c: 2201 00f9 | e803 40b2 | 69e0 0791 | 2801 00f9 | 0a00 0014 | 0900 0014 

  0x000000010f03b254: ;   {metadata(method data for {method} {0x00000001248a6b38} 'run' '()V' in 'kotlinx/coroutines/DispatchedTask')}
  0x000000010f03b254: 0341 82d2 | 03db a4f2 | 2300 c0f2 | 68e8 40f9 | 0805 00d1 | 68e8 00f9 | 3509 0014 | 0100 0014 
  0x000000010f03b274: e103 00aa 

  0x000000010f03b278: ; implicit exception: dispatches to 0x000000010f03d748
  0x000000010f03b278: 2020 40b9 | 4000 00b4 | 600f 008b | 2228 40b9 | 4200 00b4 | 620f 028b 

  0x000000010f03b290: ; implicit exception: dispatches to 0x000000010f03d74c
  0x000000010f03b290: 1f00 40f9 | e103 00aa 

  0x000000010f03b298: ;   {metadata(method data for {method} {0x00000001248a6b38} 'run' '()V' in 'kotlinx/coroutines/DispatchedTask')}
  0x000000010f03b298: 0341 82d2 | 03db a4f2 | 2300 c0f2 | 2108 40b9 | 0111 c0f2 | 6960 0891 | 2801 40f9 | 3f00 08eb 
  0x000000010f03b2b8: a100 0054 | 6810 41f9 | 0805 0091 | 6810 01f9 | 1c00 0014 | 69a0 0891 | 2801 40f9 | 3f00 08eb 
  0x000000010f03b2d8: a100 0054 | 6818 41f9 | 0805 0091 | 6818 01f9 | 1400 0014 | 6960 0891 | 2801 40f9 | c800 00b5 
  0x000000010f03b2f8: 2101 00f9 | e803 40b2 | 6980 0891 | 2801 00f9 | 0c00 0014 | 69a0 0891 | 2801 40f9 | c800 00b5 
  0x000000010f03b318: 2101 00f9 | e803 40b2 | 69c0 0891 | 2801 00f9 | 0400 0014 | 6804 41f9 | 0805 0091 | 6804 01f9 
  0x000000010f03b338: e103 00aa | e283 0ca9 | 0944 8bd2 | 6920 a0f2 | 0900 ccf2 

  0x000000010f03b34c: ; ImmutableOopMap {[176]=Oop [208]=Oop [200]=Oop }
                      ;*invokeinterface getContext {reexecute=0 rethrow=0 return_oop=0}
                      ; - kotlinx.coroutines.DispatchedTask::run@61 (line 222)
                      ;   {virtual_call}
  0x000000010f03b34c: edeb c195 

  0x000000010f03b350: ;   {metadata(method data for {method} {0x00000001248a6b38} 'run' '()V' in 'kotlinx/coroutines/DispatchedTask')}
  0x000000010f03b350: 0141 82d2 | 01db a4f2 | 2100 c0f2 | 2820 41f9 | 0805 0091 | 2820 01f9 | e103 00aa | e267 40f9 
  0x000000010f03b370: e06f 00f9 

  0x000000010f03b374: ; ImmutableOopMap {[176]=Oop [208]=Oop [216]=Oop }
                      ;*invokestatic updateThreadContext {reexecute=0 rethrow=0 return_oop=0}
                      ; - kotlinx.coroutines.DispatchedTask::run@71 (line 223)
                      ;   {static_call}
  0x000000010f03b374: 63e7 ff97 

  0x000000010f03b378: ;   {oop(a 'kotlinx/coroutines/internal/Symbol'{0x0000007001195620})}
  0x000000010f03b378: 01c4 8ad2 | 2123 a0f2 | 010e c0f2 | 1f00 01eb 

  0x000000010f03b388: ;   {metadata(method data for {method} {0x00000001248a6b38} 'run' '()V' in 'kotlinx/coroutines/DispatchedTask')}
  0x000000010f03b388: 0141 82d2 | 01db a4f2 | 2100 c0f2 | 084a 80d2 | 094c 80d2 | 0201 899a | 2368 62f8 | 6304 0091 
  0x000000010f03b3a8: 2368 22f8 | 4002 0054 

  0x000000010f03b3b0: ;   {metadata(method data for {method} {0x00000001248a6b38} 'run' '()V' in 'kotlinx/coroutines/DispatchedTask')}
  0x000000010f03b3b0: 0141 82d2 | 01db a4f2 | 2100 c0f2 | 2838 41f9 | 0805 0091 | 2838 01f9 | e10b 4da9 | e303 00aa 
  0x000000010f03b3d0: e073 00f9 

  0x000000010f03b3d4: ; ImmutableOopMap {[176]=Oop [208]=Oop [216]=Oop [224]=Oop }
                      ;*invokestatic updateUndispatchedCompletion {reexecute=0 rethrow=0 return_oop=0}
                      ; - kotlinx.coroutines.DispatchedTask::run@89 (line 226)
                      ;   {static_call}
  0x000000010f03b3d4: 4ba5 be95 

  0x000000010f03b3d8: ;   {metadata(method data for {method} {0x00000001248a6b38} 'run' '()V' in 'kotlinx/coroutines/DispatchedTask')}
  0x000000010f03b3d8: 0141 82d2 | 01db a4f2 | 2100 c0f2 | 2240 41f9 | 4204 0091 | 2240 01f9 | 0300 0014 | e073 00f9 
  0x000000010f03b3f8: e003 1faa | e077 00f9 | e16b 40f9 

  0x000000010f03b404: ;   {metadata(method data for {method} {0x00000001248a6b38} 'run' '()V' in 'kotlinx/coroutines/DispatchedTask')}
  0x000000010f03b404: 0241 82d2 | 02db a4f2 | 2200 c0f2 | 2108 40b9 | 0111 c0f2 | 49a0 0a91 | 2801 40f9 | 3f00 08eb 
  0x000000010f03b424: a100 0054 | 4858 41f9 | 0805 0091 | 4858 01f9 | 1c00 0014 | 49e0 0a91 | 2801 40f9 | 3f00 08eb 
  0x000000010f03b444: a100 0054 | 4860 41f9 | 0805 0091 | 4860 01f9 | 1400 0014 | 49a0 0a91 | 2801 40f9 | c800 00b5 
  0x000000010f03b464: 2101 00f9 | e803 40b2 | 49c0 0a91 | 2801 00f9 | 0c00 0014 | 49e0 0a91 | 2801 40f9 | c800 00b5 
  0x000000010f03b484: 2101 00f9 | e803 40b2 | 4900 0b91 | 2801 00f9 | 0400 0014 | 484c 41f9 | 0805 0091 | 484c 01f9 
  0x000000010f03b4a4: e16b 40f9 | 094c 8bd2 | 6920 a0f2 | 0900 ccf2 

  0x000000010f03b4b4: ; ImmutableOopMap {[176]=Oop [208]=Oop [216]=Oop [224]=Oop [232]=Oop }
                      ;*invokeinterface getContext {reexecute=0 rethrow=0 return_oop=0}
                      ; - kotlinx.coroutines.DispatchedTask::run@103 (line 83)
                      ;   {virtual_call}
  0x000000010f03b4b4: 93eb c195 | e15b 40f9 

  0x000000010f03b4bc: ;   {metadata(method data for {method} {0x00000001248a6b38} 'run' '()V' in 'kotlinx/coroutines/DispatchedTask')}
  0x000000010f03b4bc: 0241 82d2 | 02db a4f2 | 2200 c0f2 | 2108 40b9 | 0111 c0f2 | 4980 0b91 | 2801 40f9 | 3f00 08eb 
  0x000000010f03b4dc: a100 0054 | 4874 41f9 | 0805 0091 | 4874 01f9 | 1c00 0014 | 49c0 0b91 | 2801 40f9 | 3f00 08eb 
  0x000000010f03b4fc: a100 0054 | 487c 41f9 | 0805 0091 | 487c 01f9 | 1400 0014 | 4980 0b91 | 2801 40f9 | c800 00b5 
  0x000000010f03b51c: 2101 00f9 | e803 40b2 | 49a0 0b91 | 2801 00f9 | 0c00 0014 | 49c0 0b91 | 2801 40f9 | c800 00b5 
  0x000000010f03b53c: 2101 00f9 | e803 40b2 | 49e0 0b91 | 2801 00f9 | 0400 0014 | 4868 41f9 | 0805 0091 | 4868 01f9 
  0x000000010f03b55c: e15b 40f9 | e07b 00f9 | e9ff 9fd2 | e9ff bff2 | e9ff dff2 

  0x000000010f03b570: ; ImmutableOopMap {[176]=Oop [208]=Oop [216]=Oop [224]=Oop [232]=Oop [240]=Oop }
                      ;*invokevirtual takeState$kotlinx_coroutines_core {reexecute=0 rethrow=0 return_oop=0}
                      ; - kotlinx.coroutines.DispatchedTask::run@111 (line 84)
                      ;   {virtual_call}
  0x000000010f03b570: 06ed c195 | e07f 00f9 | e15b 40f9 

  0x000000010f03b57c: ;   {metadata(method data for {method} {0x00000001248a6b38} 'run' '()V' in 'kotlinx/coroutines/DispatchedTask')}
  0x000000010f03b57c: 0241 82d2 | 02db a4f2 | 2200 c0f2 | 2108 40b9 | 0111 c0f2 | 4960 0c91 | 2801 40f9 | 3f00 08eb 
  0x000000010f03b59c: a100 0054 | 4890 41f9 | 0805 0091 | 4890 01f9 | 1c00 0014 | 49a0 0c91 | 2801 40f9 | 3f00 08eb 
  0x000000010f03b5bc: a100 0054 | 4898 41f9 | 0805 0091 | 4898 01f9 | 1400 0014 | 4960 0c91 | 2801 40f9 | c800 00b5 
  0x000000010f03b5dc: 2101 00f9 | e803 40b2 | 4980 0c91 | 2801 00f9 | 0c00 0014 | 49a0 0c91 | 2801 40f9 | c800 00b5 
  0x000000010f03b5fc: 2101 00f9 | e803 40b2 | 49c0 0c91 | 2801 00f9 | 0400 0014 | 4884 41f9 | 0805 0091 | 4884 01f9 
  0x000000010f03b61c: e203 00aa | e15b 40f9 | e9ff 9fd2 | e9ff bff2 | e9ff dff2 

  0x000000010f03b630: ; ImmutableOopMap {[176]=Oop [208]=Oop [216]=Oop [224]=Oop [232]=Oop [240]=Oop [248]=Oop }
                      ;*invokevirtual getExceptionalResult$kotlinx_coroutines_core {reexecute=0 rethrow=0 return_oop=0}
                      ; - kotlinx.coroutines.DispatchedTask::run@119 (line 85)
                      ;   {virtual_call}
  0x000000010f03b630: eaec c195 | e083 00f9 | e203 1faa | 1f00 02eb 

  0x000000010f03b640: ;   {metadata(method data for {method} {0x00000001248a6b38} 'run' '()V' in 'kotlinx/coroutines/DispatchedTask')}
  0x000000010f03b640: 0241 82d2 | 02db a4f2 | 2200 c0f2 | 0868 80d2 | 096a 80d2 | 0111 899a | 4368 61f8 | 6304 0091 
  0x000000010f03b660: 4368 21f8 | e15b 40f9 | 8107 0054 | 2218 40b9 

  0x000000010f03b670: ;   {metadata(method data for {method} {0x00000001248a6b38} 'run' '()V' in 'kotlinx/coroutines/DispatchedTask')}
  0x000000010f03b670: 0341 82d2 | 03db a4f2 | 2300 c0f2 | 68b0 41f9 | 0805 0091 | 68b0 01f9 

  0x000000010f03b688: ;   {metadata(method data for {method} {0x00000001248be200} 'isCancellableMode' '(I)Z' in 'kotlinx/coroutines/DispatchedTaskKt')}
  0x000000010f03b688: 0325 8ed2 | e3d9 a4f2 | 2300 c0f2 | 64ac 40b9 | 8408 0011 | 64ac 00b9 | 844c 1f12 | 9f00 0071 
  0x000000010f03b6a8: 4005 0154 | 5f04 0071 

  0x000000010f03b6b0: ;   {metadata(method data for {method} {0x00000001248be200} 'isCancellableMode' '(I)Z' in 'kotlinx/coroutines/DispatchedTaskKt')}
  0x000000010f03b6b0: 0325 8ed2 | e3d9 a4f2 | 2300 c0f2 | e80f 7cb2 | e903 78b2 | 0401 899a | 6568 64f8 | a504 0091 
  0x000000010f03b6d0: 6568 24f8 | 8001 0054 | 5f08 0071 

  0x000000010f03b6dc: ;   {metadata(method data for {method} {0x00000001248be200} 'isCancellableMode' '(I)Z' in 'kotlinx/coroutines/DispatchedTaskKt')}
  0x000000010f03b6dc: 0225 8ed2 | e2d9 a4f2 | 2200 c0f2 | 0822 80d2 | 0924 80d2 | 0311 899a | 4468 63f8 | 8404 0091 
  0x000000010f03b6fc: 4468 23f8 | 2101 0054 

  0x000000010f03b704: ;   {metadata(method data for {method} {0x00000001248be200} 'isCancellableMode' '(I)Z' in 'kotlinx/coroutines/DispatchedTaskKt')}
  0x000000010f03b704: 0225 8ed2 | e2d9 a4f2 | 2200 c0f2 | 4398 40f9 | 6304 0091 | 4398 00f9 | e203 0032 | 0200 0014 
  0x000000010f03b724: 0200 a052 | 4200 0012 | 5f00 0071 

  0x000000010f03b730: ;   {metadata(method data for {method} {0x00000001248a6b38} 'run' '()V' in 'kotlinx/coroutines/DispatchedTask')}
  0x000000010f03b730: 0241 82d2 | 02db a4f2 | 2200 c0f2 | e80b 79b2 | 096e 80d2 | 0311 899a | 4468 63f8 | 8404 0091 
  0x000000010f03b750: 4468 23f8 | 6100 0054 | e203 1faa | 8000 0014 | e07b 40f9 

  0x000000010f03b764: ; implicit exception: dispatches to 0x000000010f03d770
  0x000000010f03b764: 1f00 40f9 | e203 00aa 

  0x000000010f03b76c: ;   {metadata(method data for {method} {0x00000001248a6b38} 'run' '()V' in 'kotlinx/coroutines/DispatchedTask')}
  0x000000010f03b76c: 0441 82d2 | 04db a4f2 | 2400 c0f2 | 4208 40b9 | 0211 c0f2 | 8960 0f91 | 2801 40f9 | 5f00 08eb 
  0x000000010f03b78c: a100 0054 | 88f0 41f9 | 0805 0091 | 88f0 01f9 | 1c00 0014 | 89a0 0f91 | 2801 40f9 | 5f00 08eb 
  0x000000010f03b7ac: a100 0054 | 88f8 41f9 | 0805 0091 | 88f8 01f9 | 1400 0014 | 8960 0f91 | 2801 40f9 | c800 00b5 
  0x000000010f03b7cc: 2201 00f9 | e803 40b2 | 8980 0f91 | 2801 00f9 | 0c00 0014 | 89a0 0f91 | 2801 40f9 | c800 00b5 
  0x000000010f03b7ec: 2201 00f9 | e803 40b2 | 89c0 0f91 | 2801 00f9 | 0400 0014 | 88e4 41f9 | 0805 0091 | 88e4 01f9 
  0x000000010f03b80c: ;   {oop(a 'kotlinx/coroutines/Job$Key'{0x00000070011b9a20})}
  0x000000010f03b80c: 0244 93d2 | 6223 a0f2 | 020e c0f2 | e103 00aa | 094b 87d2 | 2922 a0f2 | 0911 c0f2 

  0x000000010f03b828: ; ImmutableOopMap {[208]=Oop [216]=Oop [224]=Oop [232]=Oop [248]=Oop [176]=Oop [256]=Oop }
                      ;*invokeinterface get {reexecute=0 rethrow=0 return_oop=0}
                      ; - kotlinx.coroutines.DispatchedTask::run@147 (line 91)
                      ;   {virtual_call}
  0x000000010f03b828: 8604 db95 | 0001 00b5 

  0x000000010f03b830: ;   {metadata(method data for {method} {0x00000001248a6b38} 'run' '()V' in 'kotlinx/coroutines/DispatchedTask')}
  0x000000010f03b830: 0341 82d2 | 03db a4f2 | 2300 c0f2 | 68e4 4f39 | 0801 40b2 | 68e4 0f39 | 3d00 0014 

  0x000000010f03b84c: ;   {metadata('kotlinx/coroutines/Job')}
  0x000000010f03b84c: 0266 82d2 | 2222 a0f2 | 0211 c0f2 | 0308 40b9 | 0311 c0f2 | 6810 40f9 | 5f00 08eb | e000 0054 
  0x000000010f03b86c: 7f00 02eb | a000 0054 | e30b bfa9 

  0x000000010f03b878: ;   {runtime_call slow_subtype_check Runtime1 stub}
  0x000000010f03b878: 4290 c195 | e307 41f8 | e304 0034 

  0x000000010f03b884: ;   {metadata(method data for {method} {0x00000001248a6b38} 'run' '()V' in 'kotlinx/coroutines/DispatchedTask')}
  0x000000010f03b884: 0341 82d2 | 03db a4f2 | 2300 c0f2 | 0208 40b9 | 0211 c0f2 | 6940 1091 | 2801 40f9 | 5f00 08eb 
  0x000000010f03b8a4: a100 0054 | 680c 42f9 | 0805 0091 | 680c 02f9 | 2200 0014 | 6980 1091 | 2801 40f9 | 5f00 08eb 
  0x000000010f03b8c4: a100 0054 | 6814 42f9 | 0805 0091 | 6814 02f9 | 1a00 0014 | 6940 1091 | 2801 40f9 | c800 00b5 
  0x000000010f03b8e4: 2201 00f9 | e803 40b2 | 6960 1091 | 2801 00f9 | 1200 0014 | 6980 1091 | 2801 40f9 | c800 00b5 
  0x000000010f03b904: 2201 00f9 | e803 40b2 | 69a0 1091 | 2801 00f9 | 0a00 0014 | 0900 0014 

  0x000000010f03b91c: ;   {metadata(method data for {method} {0x00000001248a6b38} 'run' '()V' in 'kotlinx/coroutines/DispatchedTask')}
  0x000000010f03b91c: 0341 82d2 | 03db a4f2 | 2300 c0f2 | 6800 42f9 | 0805 00d1 | 6800 02f9 | 9007 0014 | 0100 0014 
  0x000000010f03b93c: e103 00aa 

  0x000000010f03b940: ;   {metadata(method data for {method} {0x00000001248a6b38} 'run' '()V' in 'kotlinx/coroutines/DispatchedTask')}
  0x000000010f03b940: 0041 82d2 | 00db a4f2 | 2000 c0f2 | 021c 42f9 | 4204 0091 | 021c 02f9 | e203 01aa | e103 1faa 
  0x000000010f03b960: 5f00 01eb 

  0x000000010f03b964: ;   {metadata(method data for {method} {0x00000001248a6b38} 'run' '()V' in 'kotlinx/coroutines/DispatchedTask')}
  0x000000010f03b964: 0141 82d2 | 01db a4f2 | 2100 c0f2 | 088a 80d2 | 098c 80d2 | 0001 899a | 2368 60f8 | 6304 0091 
  0x000000010f03b984: 2368 20f8 | 8007 0054 

  0x000000010f03b98c: ; implicit exception: dispatches to 0x000000010f03d77c
  0x000000010f03b98c: 5f00 40f9 | e103 02aa 

  0x000000010f03b994: ;   {metadata(method data for {method} {0x00000001248a6b38} 'run' '()V' in 'kotlinx/coroutines/DispatchedTask')}
  0x000000010f03b994: 0041 82d2 | 00db a4f2 | 2000 c0f2 | 2108 40b9 | 0111 c0f2 | 0900 1291 | 2801 40f9 | 3f00 08eb 
  0x000000010f03b9b4: a100 0054 | 0844 42f9 | 0805 0091 | 0844 02f9 | 1c00 0014 | 0940 1291 | 2801 40f9 | 3f00 08eb 
  0x000000010f03b9d4: a100 0054 | 084c 42f9 | 0805 0091 | 084c 02f9 | 1400 0014 | 0900 1291 | 2801 40f9 | c800 00b5 
  0x000000010f03b9f4: 2101 00f9 | e803 40b2 | 0920 1291 | 2801 00f9 | 0c00 0014 | 0940 1291 | 2801 40f9 | c800 00b5 
  0x000000010f03ba14: 2101 00f9 | e803 40b2 | 0960 1291 | 2801 00f9 | 0400 0014 | 0838 42f9 | 0805 0091 | 0838 02f9 
  0x000000010f03ba34: e103 02aa | e287 00f9 | 0954 8bd2 | 6920 a0f2 | 0900 ccf2 

  0x000000010f03ba48: ; ImmutableOopMap {[208]=Oop [216]=Oop [224]=Oop [232]=Oop [248]=Oop [176]=Oop [256]=Oop [264]=Oop }
                      ;*invokeinterface isActive {reexecute=0 rethrow=0 return_oop=0}
                      ; - kotlinx.coroutines.DispatchedTask::run@168 (line 92)
                      ;   {virtual_call}
  0x000000010f03ba48: 44eb c195 | 1f00 0071 

  0x000000010f03ba50: ;   {metadata(method data for {method} {0x00000001248a6b38} 'run' '()V' in 'kotlinx/coroutines/DispatchedTask')}
  0x000000010f03ba50: 0341 82d2 | 03db a4f2 | 2300 c0f2 | 0897 80d2 | 0995 80d2 | 0001 899a | 6468 60f8 | 8404 0091 
  0x000000010f03ba70: 6468 20f8 | a046 0054 | e083 40f9 | e303 1faa | 1f00 03eb 

  0x000000010f03ba84: ;   {metadata(method data for {method} {0x00000001248a6b38} 'run' '()V' in 'kotlinx/coroutines/DispatchedTask')}
  0x000000010f03ba84: 0341 82d2 | 03db a4f2 | 2300 c0f2 | 08e7 80d2 | 09e9 80d2 | 0401 899a | 6a68 64f8 | 4a05 0091 
  0x000000010f03baa4: 6a68 24f8 | 4037 0054 

  0x000000010f03baac: ;   {metadata(method data for {method} {0x00000001248a6b38} 'run' '()V' in 'kotlinx/coroutines/DispatchedTask')}
  0x000000010f03baac: 0341 82d2 | 03db a4f2 | 2300 c0f2 | 68ac 43f9 | 0805 0091 | 68ac 03f9 

  0x000000010f03bac4: ;   {metadata(method data for {method} {0x00000001248c09c0} 'createFailure' '(Ljava/lang/Throwable;)Ljava/lang/Object;' in 'kotlin/ResultKt')}
  0x000000010f03bac4: 0316 85d2 | 03db a4f2 | 2300 c0f2 | 64ac 40b9 | 8408 0011 | 64ac 00b9 | 844c 1f12 | 9f00 0071 
  0x000000010f03bae4: e0e4 0054 

  0x000000010f03bae8: ;   {metadata(method data for {method} {0x00000001248c09c0} 'createFailure' '(Ljava/lang/Throwable;)Ljava/lang/Object;' in 'kotlin/ResultKt')}
  0x000000010f03bae8: 0316 85d2 | 03db a4f2 | 2300 c0f2 | 6878 40f9 | 0805 0091 | 6878 00f9 

  0x000000010f03bb00: ;   {metadata(method data for {method} {0x00000001246bfc98} 'checkNotNullParameter' '(Ljava/lang/Object;Ljava/lang/String;)V' in 'kotlin/jvm/internal/Intrinsics')}
  0x000000010f03bb00: 033c 8ed2 | a394 a4f2 | 2300 c0f2 | 64ac 40b9 | 8408 0011 | 64ac 00b9 | 844c 1f12 | 9f00 0071 
  0x000000010f03bb20: 00e4 0054 | e303 1faa | 1f00 03eb 

  0x000000010f03bb2c: ;   {metadata(method data for {method} {0x00000001246bfc98} 'checkNotNullParameter' '(Ljava/lang/Object;Ljava/lang/String;)V' in 'kotlin/jvm/internal/Intrinsics')}
  0x000000010f03bb2c: 033c 8ed2 | a394 a4f2 | 2300 c0f2 | e80f 7cb2 | e903 78b2 | 0411 899a | 6a68 64f8 | 4a05 0091 
  0x000000010f03bb4c: 6a68 24f8 | 410f 0054 

  0x000000010f03bb54: ;   {metadata(method data for {method} {0x00000001246bfc98} 'checkNotNullParameter' '(Ljava/lang/Object;Ljava/lang/String;)V' in 'kotlin/jvm/internal/Intrinsics')}
  0x000000010f03bb54: 033c 8ed2 | a394 a4f2 | 2300 c0f2 | 6888 40f9 | 0805 0091 | 6888 00f9 

  0x000000010f03bb6c: ;   {metadata(method data for {method} {0x00000001246bfe08} 'throwParameterIsNullNPE' '(Ljava/lang/String;)V' in 'kotlin/jvm/internal/Intrinsics')}
  0x000000010f03bb6c: 0369 8ed2 | a394 a4f2 | 2300 c0f2 | 64ac 40b9 | 8408 0011 | 64ac 00b9 | 844c 1f12 | 9f00 0071 
  0x000000010f03bb8c: a0e1 0054 

  0x000000010f03bb90: ; ImmutableOopMap {[208]=Oop [216]=Oop [224]=Oop [232]=Oop [176]=Oop [256]=Oop }
                      ;*new {reexecute=0 rethrow=0 return_oop=0}
                      ; - kotlin.jvm.internal.Intrinsics::throwParameterIsNullNPE@0 (line 140)
                      ; - kotlin.jvm.internal.Intrinsics::checkNotNullParameter@5 (line 131)
                      ; - kotlin.ResultKt::createFailure@3
                      ; - kotlinx.coroutines.DispatchedTask::run@273 (line 98)
                      ;   {runtime_call load_mirror_patching Runtime1 stub}
  0x000000010f03bb90: 7c95 c195 | 8087 40f9 | 0bc0 0091 | 888f 40f9 | 7f01 08eb | e8e1 0054 | 8b87 00f9 | ea03 40b2 
  0x000000010f03bbb0: 0a00 00f9 | ea03 032a | 0a7c 0129 | 0a40 0091 | 5f7d 00a9 | 5f7d 01a9 | bf3a 03d5 

  0x000000010f03bbcc: ;   {metadata(method data for {method} {0x00000001246bfe08} 'throwParameterIsNullNPE' '(Ljava/lang/String;)V' in 'kotlin/jvm/internal/Intrinsics')}
  0x000000010f03bbcc: 0169 8ed2 | a194 a4f2 | 2100 c0f2 | 2878 40f9 | 0805 0091 | 2878 00f9 

  0x000000010f03bbe4: ;   {oop("exception"{0x000000700154b070})}
  0x000000010f03bbe4: 010e 96d2 | 812a a0f2 | 010e c0f2 | e08b 00f9 

  0x000000010f03bbf4: ; ImmutableOopMap {[208]=Oop [216]=Oop [224]=Oop [232]=Oop [176]=Oop [256]=Oop [272]=Oop }
                      ;*invokestatic createParameterIsNullExceptionMessage {reexecute=0 rethrow=0 return_oop=0}
                      ; - kotlin.jvm.internal.Intrinsics::throwParameterIsNullNPE@5 (line 140)
                      ; - kotlin.jvm.internal.Intrinsics::checkNotNullParameter@5 (line 131)
                      ; - kotlin.ResultKt::createFailure@3
                      ; - kotlinx.coroutines.DispatchedTask::run@273 (line 98)
                      ;   {static_call}
  0x000000010f03bbf4: 43a3 be95 | e28b 40f9 

  0x000000010f03bbfc: ;   {metadata(method data for {method} {0x00000001246bfe08} 'throwParameterIsNullNPE' '(Ljava/lang/String;)V' in 'kotlin/jvm/internal/Intrinsics')}
  0x000000010f03bbfc: 0169 8ed2 | a194 a4f2 | 2100 c0f2 | 2880 40f9 | 0805 0091 | 2880 00f9 | e203 00aa | e18b 40f9 
  0x000000010f03bc1c: ; ImmutableOopMap {[208]=Oop [216]=Oop [224]=Oop [232]=Oop [176]=Oop [256]=Oop [272]=Oop }
                      ;*invokespecial <init> {reexecute=0 rethrow=0 return_oop=0}
                      ; - kotlin.jvm.internal.Intrinsics::throwParameterIsNullNPE@8 (line 140)
                      ; - kotlin.jvm.internal.Intrinsics::checkNotNullParameter@5 (line 131)
                      ; - kotlin.ResultKt::createFailure@3
                      ; - kotlinx.coroutines.DispatchedTask::run@273 (line 98)
                      ;   {optimized virtual_call}
  0x000000010f03bc1c: b9a1 be95 

  0x000000010f03bc20: ;   {metadata(method data for {method} {0x00000001246bfe08} 'throwParameterIsNullNPE' '(Ljava/lang/String;)V' in 'kotlin/jvm/internal/Intrinsics')}
  0x000000010f03bc20: 0169 8ed2 | a194 a4f2 | 2100 c0f2 | 2888 40f9 | 0805 0091 | 2888 00f9 

  0x000000010f03bc38: ;   {metadata(method data for {method} {0x00000001246bddf0} 'sanitizeStackTrace' '(Ljava/lang/Throwable;)Ljava/lang/Throwable;' in 'kotlin/jvm/internal/Intrinsics')}
  0x000000010f03bc38: 013d 8fd2 | a194 a4f2 | 2100 c0f2 | 20ac 40b9 | 0008 0011 | 20ac 00b9 | 004c 1f12 | 1f00 0071 
  0x000000010f03bc58: 80dc 0054 

  0x000000010f03bc5c: ;   {oop(a 'java/lang/Class'{0x0000007001195720} = 'kotlin/jvm/internal/Intrinsics')}
  0x000000010f03bc5c: 01e4 8ad2 | 2123 a0f2 | 010e c0f2 | e003 01aa 

  0x000000010f03bc6c: ;   {metadata(method data for {method} {0x00000001246bddf0} 'sanitizeStackTrace' '(Ljava/lang/Throwable;)Ljava/lang/Throwable;' in 'kotlin/jvm/internal/Intrinsics')}
  0x000000010f03bc6c: 023d 8fd2 | a294 a4f2 | 2200 c0f2 | 4878 40f9 | 0805 0091 | 4878 00f9 

  0x000000010f03bc84: ;   {metadata(method data for {method} {0x00000088004467f8} 'getName' '()Ljava/lang/String;' in 'java/lang/Class')}
  0x000000010f03bc84: 001c 95d2 | 4080 a4f2 | 2000 c0f2 | 02ac 40b9 | 4208 0011 | 02ac 00b9 | 424c 1f12 | 5f00 0071 
  0x000000010f03bca4: 20db 0054 

  0x000000010f03bca8: ; implicit exception: dispatches to 0x000000010f03d828
  0x000000010f03bca8: 212c 40b9 | 4100 00b4 | 610f 018b | e003 1faa | 3f00 00eb 

  0x000000010f03bcbc: ;   {metadata(method data for {method} {0x00000088004467f8} 'getName' '()Ljava/lang/String;' in 'java/lang/Class')}
  0x000000010f03bcbc: 001c 95d2 | 4080 a4f2 | 2000 c0f2 | e80f 7cb2 | e903 78b2 | 0201 899a | 0368 62f8 | 6304 0091 
  0x000000010f03bcdc: 0368 22f8 | 2001 0054 

  0x000000010f03bce4: ;   {metadata(method data for {method} {0x00000088004467f8} 'getName' '()Ljava/lang/String;' in 'java/lang/Class')}
  0x000000010f03bce4: 001c 95d2 | 4080 a4f2 | 2000 c0f2 | 0288 40f9 | 4204 0091 | 0288 00f9 | e003 01aa | 0c00 0014 
  0x000000010f03bd04: ;   {oop(a 'java/lang/Class'{0x0000007001195720} = 'kotlin/jvm/internal/Intrinsics')}
  0x000000010f03bd04: 01e4 8ad2 | 2123 a0f2 | 010e c0f2 | e003 01aa 

  0x000000010f03bd14: ;   {metadata(method data for {method} {0x00000088004467f8} 'getName' '()Ljava/lang/String;' in 'java/lang/Class')}
  0x000000010f03bd14: 021c 95d2 | 4280 a4f2 | 2200 c0f2 | 4894 40f9 | 0805 0091 | 4894 00f9 

  0x000000010f03bd2c: ; ImmutableOopMap {[208]=Oop [216]=Oop [224]=Oop [232]=Oop [176]=Oop [256]=Oop [272]=Oop }
                      ;*invokevirtual initClassName {reexecute=0 rethrow=0 return_oop=0}
                      ; - java.lang.Class::getName@14 (line 863)
                      ; - kotlin.jvm.internal.Intrinsics::sanitizeStackTrace@3 (line 253)
                      ; - kotlin.jvm.internal.Intrinsics::throwParameterIsNullNPE@11 (line 140)
                      ; - kotlin.jvm.internal.Intrinsics::checkNotNullParameter@5 (line 131)
                      ; - kotlin.ResultKt::createFailure@3
                      ; - kotlinx.coroutines.DispatchedTask::run@273 (line 98)
                      ;   {optimized virtual_call}
  0x000000010f03bd2c: 75a1 be95 | e18b 40f9 | d804 0014 

  0x000000010f03bd38: ;   {metadata('kotlin/Result$Failure')}
  0x000000010f03bd38: 0308 8bd2 | 2322 a0f2 | 0311 c0f2 | e203 00aa | 8087 40f9 | 0b40 0091 | 888f 40f9 | 7f01 08eb 
  0x000000010f03bd58: a8d6 0054 | 8b87 00f9 | ea03 40b2 | 0a00 00f9 | ea03 032a | 0a7c 0129 | bf3a 03d5 | e093 00f9 
  0x000000010f03bd78: e303 00aa 

  0x000000010f03bd7c: ;   {metadata(method data for {method} {0x00000001248c09c0} 'createFailure' '(Ljava/lang/Throwable;)Ljava/lang/Object;' in 'kotlin/ResultKt')}
  0x000000010f03bd7c: 0416 85d2 | 04db a4f2 | 2400 c0f2 | 8880 40f9 | 0805 0091 | 8880 00f9 

  0x000000010f03bd94: ;   {metadata(method data for {method} {0x00000001248b0d90} '<init>' '(Ljava/lang/Throwable;)V' in 'kotlin/Result$Failure')}
  0x000000010f03bd94: 0340 85d2 | 03db a4f2 | 2300 c0f2 | 64ac 40b9 | 8408 0011 | 64ac 00b9 | 844c 1f12 | 9f00 0071 
  0x000000010f03bdb4: 00d4 0054 

  0x000000010f03bdb8: ;   {metadata(method data for {method} {0x00000001248b0d90} '<init>' '(Ljava/lang/Throwable;)V' in 'kotlin/Result$Failure')}
  0x000000010f03bdb8: 0340 85d2 | 03db a4f2 | 2300 c0f2 | 6878 40f9 | 0805 0091 | 6878 00f9 

  0x000000010f03bdd0: ;   {metadata(method data for {method} {0x00000001246bfc98} 'checkNotNullParameter' '(Ljava/lang/Object;Ljava/lang/String;)V' in 'kotlin/jvm/internal/Intrinsics')}
  0x000000010f03bdd0: 033c 8ed2 | a394 a4f2 | 2300 c0f2 | 64ac 40b9 | 8408 0011 | 64ac 00b9 | 844c 1f12 | 9f00 0071 
  0x000000010f03bdf0: 20d3 0054 | e303 1faa | 5f00 03eb 

  0x000000010f03bdfc: ;   {metadata(method data for {method} {0x00000001246bfc98} 'checkNotNullParameter' '(Ljava/lang/Object;Ljava/lang/String;)V' in 'kotlin/jvm/internal/Intrinsics')}
  0x000000010f03bdfc: 033c 8ed2 | a394 a4f2 | 2300 c0f2 | e80f 7cb2 | e903 78b2 | 0411 899a | 6a68 64f8 | 4a05 0091 
  0x000000010f03be1c: 6a68 24f8 | 410f 0054 

  0x000000010f03be24: ;   {metadata(method data for {method} {0x00000001246bfc98} 'checkNotNullParameter' '(Ljava/lang/Object;Ljava/lang/String;)V' in 'kotlin/jvm/internal/Intrinsics')}
  0x000000010f03be24: 033c 8ed2 | a394 a4f2 | 2300 c0f2 | 6888 40f9 | 0805 0091 | 6888 00f9 

  0x000000010f03be3c: ;   {metadata(method data for {method} {0x00000001246bfe08} 'throwParameterIsNullNPE' '(Ljava/lang/String;)V' in 'kotlin/jvm/internal/Intrinsics')}
  0x000000010f03be3c: 0369 8ed2 | a394 a4f2 | 2300 c0f2 | 64ac 40b9 | 8408 0011 | 64ac 00b9 | 844c 1f12 | 9f00 0071 
  0x000000010f03be5c: c0d0 0054 

  0x000000010f03be60: ; ImmutableOopMap {[208]=Oop [216]=Oop [224]=Oop [232]=Oop [176]=Oop [288]=Oop [256]=Oop }
                      ;*new {reexecute=0 rethrow=0 return_oop=0}
                      ; - kotlin.jvm.internal.Intrinsics::throwParameterIsNullNPE@0 (line 140)
                      ; - kotlin.jvm.internal.Intrinsics::checkNotNullParameter@5 (line 131)
                      ; - kotlin.Result$Failure::<init>@3
                      ; - kotlin.ResultKt::createFailure@11 (line 122)
                      ; - kotlinx.coroutines.DispatchedTask::run@273 (line 98)
                      ;   {runtime_call load_mirror_patching Runtime1 stub}
  0x000000010f03be60: c894 c195 | 8087 40f9 | 0bc0 0091 | 888f 40f9 | 7f01 08eb | 08d1 0054 | 8b87 00f9 | ea03 40b2 
  0x000000010f03be80: 0a00 00f9 | ea03 032a | 0a7c 0129 | 0a40 0091 | 5f7d 00a9 | 5f7d 01a9 | bf3a 03d5 

  0x000000010f03be9c: ;   {metadata(method data for {method} {0x00000001246bfe08} 'throwParameterIsNullNPE' '(Ljava/lang/String;)V' in 'kotlin/jvm/internal/Intrinsics')}
  0x000000010f03be9c: 0169 8ed2 | a194 a4f2 | 2100 c0f2 | 2878 40f9 | 0805 0091 | 2878 00f9 

  0x000000010f03beb4: ;   {oop("exception"{0x000000700154b070})}
  0x000000010f03beb4: 010e 96d2 | 812a a0f2 | 010e c0f2 | e08f 00f9 

  0x000000010f03bec4: ; ImmutableOopMap {[208]=Oop [216]=Oop [224]=Oop [232]=Oop [176]=Oop [288]=Oop [256]=Oop [280]=Oop }
                      ;*invokestatic createParameterIsNullExceptionMessage {reexecute=0 rethrow=0 return_oop=0}
                      ; - kotlin.jvm.internal.Intrinsics::throwParameterIsNullNPE@5 (line 140)
                      ; - kotlin.jvm.internal.Intrinsics::checkNotNullParameter@5 (line 131)
                      ; - kotlin.Result$Failure::<init>@3
                      ; - kotlin.ResultKt::createFailure@11 (line 122)
                      ; - kotlinx.coroutines.DispatchedTask::run@273 (line 98)
                      ;   {static_call}
  0x000000010f03bec4: 8fa2 be95 | e28f 40f9 

  0x000000010f03becc: ;   {metadata(method data for {method} {0x00000001246bfe08} 'throwParameterIsNullNPE' '(Ljava/lang/String;)V' in 'kotlin/jvm/internal/Intrinsics')}
  0x000000010f03becc: 0169 8ed2 | a194 a4f2 | 2100 c0f2 | 2880 40f9 | 0805 0091 | 2880 00f9 | e203 00aa | e18f 40f9 
  0x000000010f03beec: ; ImmutableOopMap {[208]=Oop [216]=Oop [224]=Oop [232]=Oop [176]=Oop [288]=Oop [256]=Oop [280]=Oop }
                      ;*invokespecial <init> {reexecute=0 rethrow=0 return_oop=0}
                      ; - kotlin.jvm.internal.Intrinsics::throwParameterIsNullNPE@8 (line 140)
                      ; - kotlin.jvm.internal.Intrinsics::checkNotNullParameter@5 (line 131)
                      ; - kotlin.Result$Failure::<init>@3
                      ; - kotlin.ResultKt::createFailure@11 (line 122)
                      ; - kotlinx.coroutines.DispatchedTask::run@273 (line 98)
                      ;   {optimized virtual_call}
  0x000000010f03beec: 05a1 be95 

  0x000000010f03bef0: ;   {metadata(method data for {method} {0x00000001246bfe08} 'throwParameterIsNullNPE' '(Ljava/lang/String;)V' in 'kotlin/jvm/internal/Intrinsics')}
  0x000000010f03bef0: 0169 8ed2 | a194 a4f2 | 2100 c0f2 | 2888 40f9 | 0805 0091 | 2888 00f9 

  0x000000010f03bf08: ;   {metadata(method data for {method} {0x00000001246bddf0} 'sanitizeStackTrace' '(Ljava/lang/Throwable;)Ljava/lang/Throwable;' in 'kotlin/jvm/internal/Intrinsics')}
  0x000000010f03bf08: 013d 8fd2 | a194 a4f2 | 2100 c0f2 | 20ac 40b9 | 0008 0011 | 20ac 00b9 | 004c 1f12 | 1f00 0071 
  0x000000010f03bf28: a0cb 0054 

  0x000000010f03bf2c: ;   {oop(a 'java/lang/Class'{0x0000007001195720} = 'kotlin/jvm/internal/Intrinsics')}
  0x000000010f03bf2c: 01e4 8ad2 | 2123 a0f2 | 010e c0f2 | e003 01aa 

  0x000000010f03bf3c: ;   {metadata(method data for {method} {0x00000001246bddf0} 'sanitizeStackTrace' '(Ljava/lang/Throwable;)Ljava/lang/Throwable;' in 'kotlin/jvm/internal/Intrinsics')}
  0x000000010f03bf3c: 023d 8fd2 | a294 a4f2 | 2200 c0f2 | 4878 40f9 | 0805 0091 | 4878 00f9 

  0x000000010f03bf54: ;   {metadata(method data for {method} {0x00000088004467f8} 'getName' '()Ljava/lang/String;' in 'java/lang/Class')}
  0x000000010f03bf54: 001c 95d2 | 4080 a4f2 | 2000 c0f2 | 02ac 40b9 | 4208 0011 | 02ac 00b9 | 424c 1f12 | 5f00 0071 
  0x000000010f03bf74: 40ca 0054 

  0x000000010f03bf78: ; implicit exception: dispatches to 0x000000010f03d8dc
  0x000000010f03bf78: 212c 40b9 | 4100 00b4 | 610f 018b | e003 1faa | 3f00 00eb 

  0x000000010f03bf8c: ;   {metadata(method data for {method} {0x00000088004467f8} 'getName' '()Ljava/lang/String;' in 'java/lang/Class')}
  0x000000010f03bf8c: 001c 95d2 | 4080 a4f2 | 2000 c0f2 | e80f 7cb2 | e903 78b2 | 0201 899a | 0368 62f8 | 6304 0091 
  0x000000010f03bfac: 0368 22f8 | 2001 0054 

  0x000000010f03bfb4: ;   {metadata(method data for {method} {0x00000088004467f8} 'getName' '()Ljava/lang/String;' in 'java/lang/Class')}
  0x000000010f03bfb4: 001c 95d2 | 4080 a4f2 | 2000 c0f2 | 0288 40f9 | 4204 0091 | 0288 00f9 | e003 01aa | 0c00 0014 
  0x000000010f03bfd4: ;   {oop(a 'java/lang/Class'{0x0000007001195720} = 'kotlin/jvm/internal/Intrinsics')}
  0x000000010f03bfd4: 01e4 8ad2 | 2123 a0f2 | 010e c0f2 | e003 01aa 

  0x000000010f03bfe4: ;   {metadata(method data for {method} {0x00000088004467f8} 'getName' '()Ljava/lang/String;' in 'java/lang/Class')}
  0x000000010f03bfe4: 021c 95d2 | 4280 a4f2 | 2200 c0f2 | 4894 40f9 | 0805 0091 | 4894 00f9 

  0x000000010f03bffc: ; ImmutableOopMap {[208]=Oop [216]=Oop [224]=Oop [232]=Oop [176]=Oop [288]=Oop [256]=Oop [280]=Oop }
                      ;*invokevirtual initClassName {reexecute=0 rethrow=0 return_oop=0}
                      ; - java.lang.Class::getName@14 (line 863)
                      ; - kotlin.jvm.internal.Intrinsics::sanitizeStackTrace@3 (line 253)
                      ; - kotlin.jvm.internal.Intrinsics::throwParameterIsNullNPE@11 (line 140)
                      ; - kotlin.jvm.internal.Intrinsics::checkNotNullParameter@5 (line 131)
                      ; - kotlin.Result$Failure::<init>@3
                      ; - kotlin.ResultKt::createFailure@11 (line 122)
                      ; - kotlinx.coroutines.DispatchedTask::run@273 (line 98)
                      ;   {optimized virtual_call}
  0x000000010f03bffc: c1a0 be95 | e18f 40f9 | d903 0014 | e303 02aa | e203 00aa 

  0x000000010f03c010: ;   {metadata(method data for {method} {0x00000001248b0d90} '<init>' '(Ljava/lang/Throwable;)V' in 'kotlin/Result$Failure')}
  0x000000010f03c010: 0140 85d2 | 01db a4f2 | 2100 c0f2 | 2880 40f9 | 0805 0091 | 2880 00f9 

  0x000000010f03c028: ;   {metadata(method data for {method} {0x0000008800449ec0} '<init>' '()V' in 'java/lang/Object')}
  0x000000010f03c028: 028c 90d2 | 0280 a4f2 | 2200 c0f2 | 41ac 40b9 | 2108 0011 | 41ac 00b9 | 214c 1f12 | 3f00 0071 
  0x000000010f03c048: c0c4 0054 | 82e3 4039 | 5f00 0071 | 61c5 0054 | 6800 1beb | 0821 9f9a | 08fd 43d3 | 080c 00b9 
  0x000000010f03c068: 0200 03ca | 42fc 54d3 | 5f00 00f1 | 41c5 0054 | bf3a 03d5 

  0x000000010f03c07c: ;   {metadata(method data for {method} {0x00000001248a6b38} 'run' '()V' in 'kotlinx/coroutines/DispatchedTask')}
  0x000000010f03c07c: 0241 82d2 | 02db a4f2 | 2200 c0f2 | 48b4 43f9 | 0805 0091 | 48b4 03f9 

  0x000000010f03c094: ;   {metadata(method data for {method} {0x00000001248ad000} 'constructor-impl' '(Ljava/lang/Object;)Ljava/lang/Object;' in 'kotlin/Result')}
  0x000000010f03c094: 02fb 98d2 | e2d9 a4f2 | 2200 c0f2 | 41ac 40b9 | 2108 0011 | 41ac 00b9 | 214c 1f12 | 3f00 0071 
  0x000000010f03c0b4: c0c3 0054 | e26b 40f9 

  0x000000010f03c0bc: ;   {metadata(method data for {method} {0x00000001248a6b38} 'run' '()V' in 'kotlinx/coroutines/DispatchedTask')}
  0x000000010f03c0bc: 0141 82d2 | 01db a4f2 | 2100 c0f2 | 4208 40b9 | 0211 c0f2 | 2920 1e91 | 2801 40f9 | 5f00 08eb 
  0x000000010f03c0dc: a100 0054 | 28c8 43f9 | 0805 0091 | 28c8 03f9 | 1c00 0014 | 2960 1e91 | 2801 40f9 | 5f00 08eb 
  0x000000010f03c0fc: a100 0054 | 28d0 43f9 | 0805 0091 | 28d0 03f9 | 1400 0014 | 2920 1e91 | 2801 40f9 | c800 00b5 
  0x000000010f03c11c: 2201 00f9 | e803 40b2 | 2940 1e91 | 2801 00f9 | 0c00 0014 | 2960 1e91 | 2801 40f9 | c800 00b5 
  0x000000010f03c13c: 2201 00f9 | e803 40b2 | 2980 1e91 | 2801 00f9 | 0400 0014 | 28bc 43f9 | 0805 0091 | 28bc 03f9 
  0x000000010f03c15c: e203 00aa | e16b 40f9 | 090c 8dd2 | 0920 a0f2 | 0900 ccf2 

  0x000000010f03c170: ; ImmutableOopMap {[216]=Oop [224]=Oop [232]=Oop [176]=Oop }
                      ;*invokeinterface resumeWith {reexecute=0 rethrow=0 return_oop=0}
                      ; - kotlinx.coroutines.DispatchedTask::run@279 (line 98)
                      ;   {virtual_call}
  0x000000010f03c170: b6e9 c195 

  0x000000010f03c174: ;   {metadata(method data for {method} {0x00000001248a6b38} 'run' '()V' in 'kotlinx/coroutines/DispatchedTask')}
  0x000000010f03c174: 0241 82d2 | 02db a4f2 | 2200 c0f2 | 41d8 43f9 | 2104 0091 | 41d8 03f9 | ab02 0014 | e15b 40f9 
  0x000000010f03c194: ;   {metadata(method data for {method} {0x00000001248a6b38} 'run' '()V' in 'kotlinx/coroutines/DispatchedTask')}
  0x000000010f03c194: 0241 82d2 | 02db a4f2 | 2200 c0f2 | 2108 40b9 | 0111 c0f2 | 4960 1f91 | 2801 40f9 | 3f00 08eb 
  0x000000010f03c1b4: a100 0054 | 48f0 43f9 | 0805 0091 | 48f0 03f9 | 1c00 0014 | 49a0 1f91 | 2801 40f9 | 3f00 08eb 
  0x000000010f03c1d4: a100 0054 | 48f8 43f9 | 0805 0091 | 48f8 03f9 | 1400 0014 | 4960 1f91 | 2801 40f9 | c800 00b5 
  0x000000010f03c1f4: 2101 00f9 | e803 40b2 | 4980 1f91 | 2801 00f9 | 0c00 0014 | 49a0 1f91 | 2801 40f9 | c800 00b5 
  0x000000010f03c214: 2101 00f9 | e803 40b2 | 49c0 1f91 | 2801 00f9 | 0400 0014 | 48e4 43f9 | 0805 0091 | 48e4 03f9 
  0x000000010f03c234: e27f 40f9 | e15b 40f9 | e9ff 9fd2 | e9ff bff2 | e9ff dff2 

  0x000000010f03c248: ; ImmutableOopMap {[216]=Oop [224]=Oop [232]=Oop [176]=Oop [208]=Oop }
                      ;*invokevirtual getSuccessfulResult$kotlinx_coroutines_core {reexecute=0 rethrow=0 return_oop=0}
                      ; - kotlinx.coroutines.DispatchedTask::run@295 (line 100)
                      ;   {virtual_call}
  0x000000010f03c248: 86e8 c195 

  0x000000010f03c24c: ;   {metadata(method data for {method} {0x00000001248a6b38} 'run' '()V' in 'kotlinx/coroutines/DispatchedTask')}
  0x000000010f03c24c: 0241 82d2 | 02db a4f2 | 2200 c0f2 | 4800 44f9 | 0805 0091 | 4800 04f9 

  0x000000010f03c264: ;   {metadata(method data for {method} {0x00000001248ad000} 'constructor-impl' '(Ljava/lang/Object;)Ljava/lang/Object;' in 'kotlin/Result')}
  0x000000010f03c264: 02fb 98d2 | e2d9 a4f2 | 2200 c0f2 | 41ac 40b9 | 2108 0011 | 41ac 00b9 | 214c 1f12 | 3f00 0071 
  0x000000010f03c284: 40b6 0054 | e26b 40f9 

  0x000000010f03c28c: ;   {metadata(method data for {method} {0x00000001248a6b38} 'run' '()V' in 'kotlinx/coroutines/DispatchedTask')}
  0x000000010f03c28c: 0141 82d2 | 01db a4f2 | 2100 c0f2 | 4208 40b9 | 0211 c0f2 | 2980 2091 | 2801 40f9 | 5f00 08eb 
  0x000000010f03c2ac: a100 0054 | 2814 44f9 | 0805 0091 | 2814 04f9 | 1c00 0014 | 29c0 2091 | 2801 40f9 | 5f00 08eb 
  0x000000010f03c2cc: a100 0054 | 281c 44f9 | 0805 0091 | 281c 04f9 | 1400 0014 | 2980 2091 | 2801 40f9 | c800 00b5 
  0x000000010f03c2ec: 2201 00f9 | e803 40b2 | 29a0 2091 | 2801 00f9 | 0c00 0014 | 29c0 2091 | 2801 40f9 | c800 00b5 
  0x000000010f03c30c: 2201 00f9 | e803 40b2 | 29e0 2091 | 2801 00f9 | 0400 0014 | 2808 44f9 | 0805 0091 | 2808 04f9 
  0x000000010f03c32c: e203 00aa | e16b 40f9 | 0950 8bd2 | 6920 a0f2 | 0900 ccf2 

  0x000000010f03c340: ; ImmutableOopMap {[216]=Oop [224]=Oop [232]=Oop [176]=Oop }
                      ;*invokeinterface resumeWith {reexecute=0 rethrow=0 return_oop=0}
                      ; - kotlinx.coroutines.DispatchedTask::run@301 (line 100)
                      ;   {virtual_call}
  0x000000010f03c340: 42e9 c195 | 3d02 0014 | e287 40f9 | 4201 00b4 

  0x000000010f03c350: ;   {metadata('kotlinx/coroutines/JobSupport')}
  0x000000010f03c350: 0426 83d2 | 2422 a0f2 | 0411 c0f2 | 4508 40b9 | 0511 c0f2 | a81c 40f9 | 9f00 08eb | 01b0 0054 
  0x000000010f03c370: 0100 0014 | e103 02aa | e103 02aa 

  0x000000010f03c37c: ;   {metadata(method data for {method} {0x00000001248a6b38} 'run' '()V' in 'kotlinx/coroutines/DispatchedTask')}
  0x000000010f03c37c: 0341 82d2 | 03db a4f2 | 2300 c0f2 | 2108 40b9 | 0111 c0f2 | 6960 1391 | 2801 40f9 | 3f00 08eb 
  0x000000010f03c39c: a100 0054 | 6870 42f9 | 0805 0091 | 6870 02f9 | 1c00 0014 | 69a0 1391 | 2801 40f9 | 3f00 08eb 
  0x000000010f03c3bc: a100 0054 | 6878 42f9 | 0805 0091 | 6878 02f9 | 1400 0014 | 6960 1391 | 2801 40f9 | c800 00b5 
  0x000000010f03c3dc: 2101 00f9 | e803 40b2 | 6980 1391 | 2801 00f9 | 0c00 0014 | 69a0 1391 | 2801 40f9 | c800 00b5 
  0x000000010f03c3fc: 2101 00f9 | e803 40b2 | 69c0 1391 | 2801 00f9 | 0400 0014 | 6864 42f9 | 0805 0091 | 6864 02f9 
  0x000000010f03c41c: e103 02aa 

  0x000000010f03c420: ; ImmutableOopMap {[216]=Oop [224]=Oop [232]=Oop [176]=Oop [208]=Oop [248]=Oop }
                      ;*invokeinterface getCancellationException {reexecute=0 rethrow=0 return_oop=0}
                      ; - kotlinx.coroutines.DispatchedTask::run@178 (line 93)
                      ;   {optimized virtual_call}
  0x000000010f03c420: e806 0094 | e097 00f9 | e15b 40f9 

  0x000000010f03c42c: ;   {metadata(method data for {method} {0x00000001248a6b38} 'run' '()V' in 'kotlinx/coroutines/DispatchedTask')}
  0x000000010f03c42c: 0241 82d2 | 02db a4f2 | 2200 c0f2 | 2108 40b9 | 0111 c0f2 | 4920 1591 | 2801 40f9 | 3f00 08eb 
  0x000000010f03c44c: a100 0054 | 48a8 42f9 | 0805 0091 | 48a8 02f9 | 1c00 0014 | 4960 1591 | 2801 40f9 | 3f00 08eb 
  0x000000010f03c46c: a100 0054 | 48b0 42f9 | 0805 0091 | 48b0 02f9 | 1400 0014 | 4920 1591 | 2801 40f9 | c800 00b5 
  0x000000010f03c48c: 2101 00f9 | e803 40b2 | 4940 1591 | 2801 00f9 | 0c00 0014 | 4960 1591 | 2801 40f9 | c800 00b5 
  0x000000010f03c4ac: 2101 00f9 | e803 40b2 | 4980 1591 | 2801 00f9 | 0400 0014 | 489c 42f9 | 0805 0091 | 489c 02f9 
  0x000000010f03c4cc: e27f 40f9 | e303 00aa | e15b 40f9 | e9ff 9fd2 | e9ff bff2 | e9ff dff2 

  0x000000010f03c4e4: ; ImmutableOopMap {[216]=Oop [224]=Oop [232]=Oop [176]=Oop [208]=Oop [296]=Oop }
                      ;*invokevirtual cancelCompletedResult$kotlinx_coroutines_core {reexecute=0 rethrow=0 return_oop=0}
                      ; - kotlinx.coroutines.DispatchedTask::run@193 (line 94)
                      ;   {virtual_call}
  0x000000010f03c4e4: 7de7 c195 

  0x000000010f03c4e8: ;   {metadata(method data for {method} {0x00000001248a6b38} 'run' '()V' in 'kotlinx/coroutines/DispatchedTask')}
  0x000000010f03c4e8: 0341 82d2 | 03db a4f2 | 2300 c0f2 | 68b8 42f9 | 0805 0091 | 68b8 02f9 

  0x000000010f03c500: ;   {metadata(method data for {method} {0x0000000124886930} 'getRECOVER_STACK_TRACES' '()Z' in 'kotlinx/coroutines/DebugKt')}
  0x000000010f03c500: 03f5 84d2 | 03db a4f2 | 2300 c0f2 | 60ac 40b9 | 0008 0011 | 60ac 00b9 | 004c 1f12 | 1f00 0071 
  0x000000010f03c520: 80a2 0054 

  0x000000010f03c524: ;   {metadata(method data for {method} {0x00000001248a6b38} 'run' '()V' in 'kotlinx/coroutines/DispatchedTask')}
  0x000000010f03c524: 0341 82d2 | 03db a4f2 | 2300 c0f2 | 60c0 42f9 | 0004 0091 | 60c0 02f9 

  0x000000010f03c53c: ;   {metadata(method data for {method} {0x00000001248a6b38} 'run' '()V' in 'kotlinx/coroutines/DispatchedTask')}
  0x000000010f03c53c: 0341 82d2 | 03db a4f2 | 2300 c0f2 | 6018 43f9 | 0004 0091 | 6018 03f9 | e097 40f9 

  0x000000010f03c558: ;   {metadata(method data for {method} {0x00000001248a6b38} 'run' '()V' in 'kotlinx/coroutines/DispatchedTask')}
  0x000000010f03c558: 0341 82d2 | 03db a4f2 | 2300 c0f2 | 6864 43f9 | 0805 0091 | 6864 03f9 

  0x000000010f03c570: ;   {metadata(method data for {method} {0x00000001248c09c0} 'createFailure' '(Ljava/lang/Throwable;)Ljava/lang/Object;' in 'kotlin/ResultKt')}
  0x000000010f03c570: 0316 85d2 | 03db a4f2 | 2300 c0f2 | 64ac 40b9 | 8408 0011 | 64ac 00b9 | 844c 1f12 | 9f00 0071 
  0x000000010f03c590: 00a0 0054 

  0x000000010f03c594: ;   {metadata(method data for {method} {0x00000001248c09c0} 'createFailure' '(Ljava/lang/Throwable;)Ljava/lang/Object;' in 'kotlin/ResultKt')}
  0x000000010f03c594: 0316 85d2 | 03db a4f2 | 2300 c0f2 | 6878 40f9 | 0805 0091 | 6878 00f9 

  0x000000010f03c5ac: ;   {metadata(method data for {method} {0x00000001246bfc98} 'checkNotNullParameter' '(Ljava/lang/Object;Ljava/lang/String;)V' in 'kotlin/jvm/internal/Intrinsics')}
  0x000000010f03c5ac: 033c 8ed2 | a394 a4f2 | 2300 c0f2 | 64ac 40b9 | 8408 0011 | 64ac 00b9 | 844c 1f12 | 9f00 0071 
  0x000000010f03c5cc: 209f 0054 | e303 1faa | 1f00 03eb 

  0x000000010f03c5d8: ;   {metadata(method data for {method} {0x00000001246bfc98} 'checkNotNullParameter' '(Ljava/lang/Object;Ljava/lang/String;)V' in 'kotlin/jvm/internal/Intrinsics')}
  0x000000010f03c5d8: 033c 8ed2 | a394 a4f2 | 2300 c0f2 | e80f 7cb2 | e903 78b2 | 0411 899a | 6a68 64f8 | 4a05 0091 
  0x000000010f03c5f8: 6a68 24f8 | 410f 0054 

  0x000000010f03c600: ;   {metadata(method data for {method} {0x00000001246bfc98} 'checkNotNullParameter' '(Ljava/lang/Object;Ljava/lang/String;)V' in 'kotlin/jvm/internal/Intrinsics')}
  0x000000010f03c600: 033c 8ed2 | a394 a4f2 | 2300 c0f2 | 6888 40f9 | 0805 0091 | 6888 00f9 

  0x000000010f03c618: ;   {metadata(method data for {method} {0x00000001246bfe08} 'throwParameterIsNullNPE' '(Ljava/lang/String;)V' in 'kotlin/jvm/internal/Intrinsics')}
  0x000000010f03c618: 0369 8ed2 | a394 a4f2 | 2300 c0f2 | 64ac 40b9 | 8408 0011 | 64ac 00b9 | 844c 1f12 | 9f00 0071 
  0x000000010f03c638: c09c 0054 

  0x000000010f03c63c: ; ImmutableOopMap {[216]=Oop [224]=Oop [232]=Oop [176]=Oop [208]=Oop [296]=Oop }
                      ;*new {reexecute=0 rethrow=0 return_oop=0}
                      ; - kotlin.jvm.internal.Intrinsics::throwParameterIsNullNPE@0 (line 140)
                      ; - kotlin.jvm.internal.Intrinsics::checkNotNullParameter@5 (line 131)
                      ; - kotlin.ResultKt::createFailure@3
                      ; - kotlinx.coroutines.DispatchedTask::run@246 (line 232)
                      ;   {runtime_call load_mirror_patching Runtime1 stub}
  0x000000010f03c63c: d192 c195 | 8087 40f9 | 0bc0 0091 | 888f 40f9 | 7f01 08eb | 089d 0054 | 8b87 00f9 | ea03 40b2 
  0x000000010f03c65c: 0a00 00f9 | ea03 032a | 0a7c 0129 | 0a40 0091 | 5f7d 00a9 | 5f7d 01a9 | bf3a 03d5 

  0x000000010f03c678: ;   {metadata(method data for {method} {0x00000001246bfe08} 'throwParameterIsNullNPE' '(Ljava/lang/String;)V' in 'kotlin/jvm/internal/Intrinsics')}
  0x000000010f03c678: 0169 8ed2 | a194 a4f2 | 2100 c0f2 | 2878 40f9 | 0805 0091 | 2878 00f9 

  0x000000010f03c690: ;   {oop("exception"{0x000000700154b070})}
  0x000000010f03c690: 010e 96d2 | 812a a0f2 | 010e c0f2 | e09b 00f9 

  0x000000010f03c6a0: ; ImmutableOopMap {[216]=Oop [224]=Oop [232]=Oop [176]=Oop [208]=Oop [296]=Oop [304]=Oop }
                      ;*invokestatic createParameterIsNullExceptionMessage {reexecute=0 rethrow=0 return_oop=0}
                      ; - kotlin.jvm.internal.Intrinsics::throwParameterIsNullNPE@5 (line 140)
                      ; - kotlin.jvm.internal.Intrinsics::checkNotNullParameter@5 (line 131)
                      ; - kotlin.ResultKt::createFailure@3
                      ; - kotlinx.coroutines.DispatchedTask::run@246 (line 232)
                      ;   {static_call}
  0x000000010f03c6a0: 98a0 be95 | e29b 40f9 

  0x000000010f03c6a8: ;   {metadata(method data for {method} {0x00000001246bfe08} 'throwParameterIsNullNPE' '(Ljava/lang/String;)V' in 'kotlin/jvm/internal/Intrinsics')}
  0x000000010f03c6a8: 0169 8ed2 | a194 a4f2 | 2100 c0f2 | 2880 40f9 | 0805 0091 | 2880 00f9 | e203 00aa | e19b 40f9 
  0x000000010f03c6c8: ; ImmutableOopMap {[216]=Oop [224]=Oop [232]=Oop [176]=Oop [208]=Oop [296]=Oop [304]=Oop }
                      ;*invokespecial <init> {reexecute=0 rethrow=0 return_oop=0}
                      ; - kotlin.jvm.internal.Intrinsics::throwParameterIsNullNPE@8 (line 140)
                      ; - kotlin.jvm.internal.Intrinsics::checkNotNullParameter@5 (line 131)
                      ; - kotlin.ResultKt::createFailure@3
                      ; - kotlinx.coroutines.DispatchedTask::run@246 (line 232)
                      ;   {optimized virtual_call}
  0x000000010f03c6c8: 0e9f be95 

  0x000000010f03c6cc: ;   {metadata(method data for {method} {0x00000001246bfe08} 'throwParameterIsNullNPE' '(Ljava/lang/String;)V' in 'kotlin/jvm/internal/Intrinsics')}
  0x000000010f03c6cc: 0169 8ed2 | a194 a4f2 | 2100 c0f2 | 2888 40f9 | 0805 0091 | 2888 00f9 

  0x000000010f03c6e4: ;   {metadata(method data for {method} {0x00000001246bddf0} 'sanitizeStackTrace' '(Ljava/lang/Throwable;)Ljava/lang/Throwable;' in 'kotlin/jvm/internal/Intrinsics')}
  0x000000010f03c6e4: 013d 8fd2 | a194 a4f2 | 2100 c0f2 | 20ac 40b9 | 0008 0011 | 20ac 00b9 | 004c 1f12 | 1f00 0071 
  0x000000010f03c704: a097 0054 

  0x000000010f03c708: ;   {oop(a 'java/lang/Class'{0x0000007001195720} = 'kotlin/jvm/internal/Intrinsics')}
  0x000000010f03c708: 01e4 8ad2 | 2123 a0f2 | 010e c0f2 | e003 01aa 

  0x000000010f03c718: ;   {metadata(method data for {method} {0x00000001246bddf0} 'sanitizeStackTrace' '(Ljava/lang/Throwable;)Ljava/lang/Throwable;' in 'kotlin/jvm/internal/Intrinsics')}
  0x000000010f03c718: 023d 8fd2 | a294 a4f2 | 2200 c0f2 | 4878 40f9 | 0805 0091 | 4878 00f9 

  0x000000010f03c730: ;   {metadata(method data for {method} {0x00000088004467f8} 'getName' '()Ljava/lang/String;' in 'java/lang/Class')}
  0x000000010f03c730: 001c 95d2 | 4080 a4f2 | 2000 c0f2 | 02ac 40b9 | 4208 0011 | 02ac 00b9 | 424c 1f12 | 5f00 0071 
  0x000000010f03c750: 4096 0054 

  0x000000010f03c754: ; implicit exception: dispatches to 0x000000010f03da38
  0x000000010f03c754: 212c 40b9 | 4100 00b4 | 610f 018b | e003 1faa | 3f00 00eb 

  0x000000010f03c768: ;   {metadata(method data for {method} {0x00000088004467f8} 'getName' '()Ljava/lang/String;' in 'java/lang/Class')}
  0x000000010f03c768: 001c 95d2 | 4080 a4f2 | 2000 c0f2 | e80f 7cb2 | e903 78b2 | 0201 899a | 0368 62f8 | 6304 0091 
  0x000000010f03c788: 0368 22f8 | 2001 0054 

  0x000000010f03c790: ;   {metadata(method data for {method} {0x00000088004467f8} 'getName' '()Ljava/lang/String;' in 'java/lang/Class')}
  0x000000010f03c790: 001c 95d2 | 4080 a4f2 | 2000 c0f2 | 0288 40f9 | 4204 0091 | 0288 00f9 | e003 01aa | 0c00 0014 
  0x000000010f03c7b0: ;   {oop(a 'java/lang/Class'{0x0000007001195720} = 'kotlin/jvm/internal/Intrinsics')}
  0x000000010f03c7b0: 01e4 8ad2 | 2123 a0f2 | 010e c0f2 | e003 01aa 

  0x000000010f03c7c0: ;   {metadata(method data for {method} {0x00000088004467f8} 'getName' '()Ljava/lang/String;' in 'java/lang/Class')}
  0x000000010f03c7c0: 021c 95d2 | 4280 a4f2 | 2200 c0f2 | 4894 40f9 | 0805 0091 | 4894 00f9 

  0x000000010f03c7d8: ; ImmutableOopMap {[216]=Oop [224]=Oop [232]=Oop [176]=Oop [208]=Oop [296]=Oop [304]=Oop }
                      ;*invokevirtual initClassName {reexecute=0 rethrow=0 return_oop=0}
                      ; - java.lang.Class::getName@14 (line 863)
                      ; - kotlin.jvm.internal.Intrinsics::sanitizeStackTrace@3 (line 253)
                      ; - kotlin.jvm.internal.Intrinsics::throwParameterIsNullNPE@11 (line 140)
                      ; - kotlin.jvm.internal.Intrinsics::checkNotNullParameter@5 (line 131)
                      ; - kotlin.ResultKt::createFailure@3
                      ; - kotlinx.coroutines.DispatchedTask::run@246 (line 232)
                      ;   {optimized virtual_call}
  0x000000010f03c7d8: ca9e be95 | e19b 40f9 | 9701 0014 

  0x000000010f03c7e4: ;   {metadata('kotlin/Result$Failure')}
  0x000000010f03c7e4: 0308 8bd2 | 2322 a0f2 | 0311 c0f2 | e203 00aa | 8087 40f9 | 0b40 0091 | 888f 40f9 | 7f01 08eb 
  0x000000010f03c804: c891 0054 | 8b87 00f9 | ea03 40b2 | 0a00 00f9 | ea03 032a | 0a7c 0129 | bf3a 03d5 | e0a3 00f9 
  0x000000010f03c824: e303 00aa 

  0x000000010f03c828: ;   {metadata(method data for {method} {0x00000001248c09c0} 'createFailure' '(Ljava/lang/Throwable;)Ljava/lang/Object;' in 'kotlin/ResultKt')}
  0x000000010f03c828: 0416 85d2 | 04db a4f2 | 2400 c0f2 | 8880 40f9 | 0805 0091 | 8880 00f9 

  0x000000010f03c840: ;   {metadata(method data for {method} {0x00000001248b0d90} '<init>' '(Ljava/lang/Throwable;)V' in 'kotlin/Result$Failure')}
  0x000000010f03c840: 0340 85d2 | 03db a4f2 | 2300 c0f2 | 64ac 40b9 | 8408 0011 | 64ac 00b9 | 844c 1f12 | 9f00 0071 
  0x000000010f03c860: 208f 0054 

  0x000000010f03c864: ;   {metadata(method data for {method} {0x00000001248b0d90} '<init>' '(Ljava/lang/Throwable;)V' in 'kotlin/Result$Failure')}
  0x000000010f03c864: 0340 85d2 | 03db a4f2 | 2300 c0f2 | 6878 40f9 | 0805 0091 | 6878 00f9 

  0x000000010f03c87c: ;   {metadata(method data for {method} {0x00000001246bfc98} 'checkNotNullParameter' '(Ljava/lang/Object;Ljava/lang/String;)V' in 'kotlin/jvm/internal/Intrinsics')}
  0x000000010f03c87c: 033c 8ed2 | a394 a4f2 | 2300 c0f2 | 64ac 40b9 | 8408 0011 | 64ac 00b9 | 844c 1f12 | 9f00 0071 
  0x000000010f03c89c: 408e 0054 | e303 1faa | 5f00 03eb 

  0x000000010f03c8a8: ;   {metadata(method data for {method} {0x00000001246bfc98} 'checkNotNullParameter' '(Ljava/lang/Object;Ljava/lang/String;)V' in 'kotlin/jvm/internal/Intrinsics')}
  0x000000010f03c8a8: 033c 8ed2 | a394 a4f2 | 2300 c0f2 | e80f 7cb2 | e903 78b2 | 0411 899a | 6a68 64f8 | 4a05 0091 
  0x000000010f03c8c8: 6a68 24f8 | 410f 0054 

  0x000000010f03c8d0: ;   {metadata(method data for {method} {0x00000001246bfc98} 'checkNotNullParameter' '(Ljava/lang/Object;Ljava/lang/String;)V' in 'kotlin/jvm/internal/Intrinsics')}
  0x000000010f03c8d0: 033c 8ed2 | a394 a4f2 | 2300 c0f2 | 6888 40f9 | 0805 0091 | 6888 00f9 

  0x000000010f03c8e8: ;   {metadata(method data for {method} {0x00000001246bfe08} 'throwParameterIsNullNPE' '(Ljava/lang/String;)V' in 'kotlin/jvm/internal/Intrinsics')}
  0x000000010f03c8e8: 0369 8ed2 | a394 a4f2 | 2300 c0f2 | 64ac 40b9 | 8408 0011 | 64ac 00b9 | 844c 1f12 | 9f00 0071 
  0x000000010f03c908: e08b 0054 

  0x000000010f03c90c: ; ImmutableOopMap {[216]=Oop [224]=Oop [232]=Oop [176]=Oop [208]=Oop [320]=Oop [296]=Oop }
                      ;*new {reexecute=0 rethrow=0 return_oop=0}
                      ; - kotlin.jvm.internal.Intrinsics::throwParameterIsNullNPE@0 (line 140)
                      ; - kotlin.jvm.internal.Intrinsics::checkNotNullParameter@5 (line 131)
                      ; - kotlin.Result$Failure::<init>@3
                      ; - kotlin.ResultKt::createFailure@11 (line 122)
                      ; - kotlinx.coroutines.DispatchedTask::run@246 (line 232)
                      ;   {runtime_call load_mirror_patching Runtime1 stub}
  0x000000010f03c90c: 1d92 c195 | 8087 40f9 | 0bc0 0091 | 888f 40f9 | 7f01 08eb | 288c 0054 | 8b87 00f9 | ea03 40b2 
  0x000000010f03c92c: 0a00 00f9 | ea03 032a | 0a7c 0129 | 0a40 0091 | 5f7d 00a9 | 5f7d 01a9 | bf3a 03d5 

  0x000000010f03c948: ;   {metadata(method data for {method} {0x00000001246bfe08} 'throwParameterIsNullNPE' '(Ljava/lang/String;)V' in 'kotlin/jvm/internal/Intrinsics')}
  0x000000010f03c948: 0169 8ed2 | a194 a4f2 | 2100 c0f2 | 2878 40f9 | 0805 0091 | 2878 00f9 

  0x000000010f03c960: ;   {oop("exception"{0x000000700154b070})}
  0x000000010f03c960: 010e 96d2 | 812a a0f2 | 010e c0f2 | e09f 00f9 

  0x000000010f03c970: ; ImmutableOopMap {[216]=Oop [224]=Oop [232]=Oop [176]=Oop [208]=Oop [320]=Oop [312]=Oop [296]=Oop }
                      ;*invokestatic createParameterIsNullExceptionMessage {reexecute=0 rethrow=0 return_oop=0}
                      ; - kotlin.jvm.internal.Intrinsics::throwParameterIsNullNPE@5 (line 140)
                      ; - kotlin.jvm.internal.Intrinsics::checkNotNullParameter@5 (line 131)
                      ; - kotlin.Result$Failure::<init>@3
                      ; - kotlin.ResultKt::createFailure@11 (line 122)
                      ; - kotlinx.coroutines.DispatchedTask::run@246 (line 232)
                      ;   {static_call}
  0x000000010f03c970: e49f be95 | e29f 40f9 

  0x000000010f03c978: ;   {metadata(method data for {method} {0x00000001246bfe08} 'throwParameterIsNullNPE' '(Ljava/lang/String;)V' in 'kotlin/jvm/internal/Intrinsics')}
  0x000000010f03c978: 0169 8ed2 | a194 a4f2 | 2100 c0f2 | 2880 40f9 | 0805 0091 | 2880 00f9 | e203 00aa | e19f 40f9 
  0x000000010f03c998: ; ImmutableOopMap {[216]=Oop [224]=Oop [232]=Oop [176]=Oop [208]=Oop [320]=Oop [312]=Oop [296]=Oop }
                      ;*invokespecial <init> {reexecute=0 rethrow=0 return_oop=0}
                      ; - kotlin.jvm.internal.Intrinsics::throwParameterIsNullNPE@8 (line 140)
                      ; - kotlin.jvm.internal.Intrinsics::checkNotNullParameter@5 (line 131)
                      ; - kotlin.Result$Failure::<init>@3
                      ; - kotlin.ResultKt::createFailure@11 (line 122)
                      ; - kotlinx.coroutines.DispatchedTask::run@246 (line 232)
                      ;   {optimized virtual_call}
  0x000000010f03c998: 5a9e be95 

  0x000000010f03c99c: ;   {metadata(method data for {method} {0x00000001246bfe08} 'throwParameterIsNullNPE' '(Ljava/lang/String;)V' in 'kotlin/jvm/internal/Intrinsics')}
  0x000000010f03c99c: 0169 8ed2 | a194 a4f2 | 2100 c0f2 | 2888 40f9 | 0805 0091 | 2888 00f9 

  0x000000010f03c9b4: ;   {metadata(method data for {method} {0x00000001246bddf0} 'sanitizeStackTrace' '(Ljava/lang/Throwable;)Ljava/lang/Throwable;' in 'kotlin/jvm/internal/Intrinsics')}
  0x000000010f03c9b4: 013d 8fd2 | a194 a4f2 | 2100 c0f2 | 20ac 40b9 | 0008 0011 | 20ac 00b9 | 004c 1f12 | 1f00 0071 
  0x000000010f03c9d4: c086 0054 

  0x000000010f03c9d8: ;   {oop(a 'java/lang/Class'{0x0000007001195720} = 'kotlin/jvm/internal/Intrinsics')}
  0x000000010f03c9d8: 01e4 8ad2 | 2123 a0f2 | 010e c0f2 | e003 01aa 

  0x000000010f03c9e8: ;   {metadata(method data for {method} {0x00000001246bddf0} 'sanitizeStackTrace' '(Ljava/lang/Throwable;)Ljava/lang/Throwable;' in 'kotlin/jvm/internal/Intrinsics')}
  0x000000010f03c9e8: 023d 8fd2 | a294 a4f2 | 2200 c0f2 | 4878 40f9 | 0805 0091 | 4878 00f9 

  0x000000010f03ca00: ;   {metadata(method data for {method} {0x00000088004467f8} 'getName' '()Ljava/lang/String;' in 'java/lang/Class')}
  0x000000010f03ca00: 001c 95d2 | 4080 a4f2 | 2000 c0f2 | 02ac 40b9 | 4208 0011 | 02ac 00b9 | 424c 1f12 | 5f00 0071 
  0x000000010f03ca20: 6085 0054 

  0x000000010f03ca24: ; implicit exception: dispatches to 0x000000010f03daec
  0x000000010f03ca24: 212c 40b9 | 4100 00b4 | 610f 018b | e003 1faa | 3f00 00eb 

  0x000000010f03ca38: ;   {metadata(method data for {method} {0x00000088004467f8} 'getName' '()Ljava/lang/String;' in 'java/lang/Class')}
  0x000000010f03ca38: 001c 95d2 | 4080 a4f2 | 2000 c0f2 | e80f 7cb2 | e903 78b2 | 0201 899a | 0368 62f8 | 6304 0091 
  0x000000010f03ca58: 0368 22f8 | 2001 0054 

  0x000000010f03ca60: ;   {metadata(method data for {method} {0x00000088004467f8} 'getName' '()Ljava/lang/String;' in 'java/lang/Class')}
  0x000000010f03ca60: 001c 95d2 | 4080 a4f2 | 2000 c0f2 | 0288 40f9 | 4204 0091 | 0288 00f9 | e003 01aa | 0c00 0014 
  0x000000010f03ca80: ;   {oop(a 'java/lang/Class'{0x0000007001195720} = 'kotlin/jvm/internal/Intrinsics')}
  0x000000010f03ca80: 01e4 8ad2 | 2123 a0f2 | 010e c0f2 | e003 01aa 

  0x000000010f03ca90: ;   {metadata(method data for {method} {0x00000088004467f8} 'getName' '()Ljava/lang/String;' in 'java/lang/Class')}
  0x000000010f03ca90: 021c 95d2 | 4280 a4f2 | 2200 c0f2 | 4894 40f9 | 0805 0091 | 4894 00f9 

  0x000000010f03caa8: ; ImmutableOopMap {[216]=Oop [224]=Oop [232]=Oop [176]=Oop [208]=Oop [320]=Oop [312]=Oop [296]=Oop }
                      ;*invokevirtual initClassName {reexecute=0 rethrow=0 return_oop=0}
                      ; - java.lang.Class::getName@14 (line 863)
                      ; - kotlin.jvm.internal.Intrinsics::sanitizeStackTrace@3 (line 253)
                      ; - kotlin.jvm.internal.Intrinsics::throwParameterIsNullNPE@11 (line 140)
                      ; - kotlin.jvm.internal.Intrinsics::checkNotNullParameter@5 (line 131)
                      ; - kotlin.Result$Failure::<init>@3
                      ; - kotlin.ResultKt::createFailure@11 (line 122)
                      ; - kotlinx.coroutines.DispatchedTask::run@246 (line 232)
                      ;   {optimized virtual_call}
  0x000000010f03caa8: 169e be95 | e19f 40f9 | 9800 0014 | e303 02aa | e203 00aa 

  0x000000010f03cabc: ;   {metadata(method data for {method} {0x00000001248b0d90} '<init>' '(Ljava/lang/Throwable;)V' in 'kotlin/Result$Failure')}
  0x000000010f03cabc: 0140 85d2 | 01db a4f2 | 2100 c0f2 | 2880 40f9 | 0805 0091 | 2880 00f9 

  0x000000010f03cad4: ;   {metadata(method data for {method} {0x0000008800449ec0} '<init>' '()V' in 'java/lang/Object')}
  0x000000010f03cad4: 028c 90d2 | 0280 a4f2 | 2200 c0f2 | 41ac 40b9 | 2108 0011 | 41ac 00b9 | 214c 1f12 | 3f00 0071 
  0x000000010f03caf4: e07f 0054 | 82e3 4039 | 5f00 0071 | 8180 0054 | 6800 1beb | 0821 9f9a | 08fd 43d3 | 080c 00b9 
  0x000000010f03cb14: 0200 03ca | 42fc 54d3 | 5f00 00f1 | 6180 0054 | bf3a 03d5 

  0x000000010f03cb28: ;   {metadata(method data for {method} {0x00000001248a6b38} 'run' '()V' in 'kotlinx/coroutines/DispatchedTask')}
  0x000000010f03cb28: 0241 82d2 | 02db a4f2 | 2200 c0f2 | 486c 43f9 | 0805 0091 | 486c 03f9 

  0x000000010f03cb40: ;   {metadata(method data for {method} {0x00000001248ad000} 'constructor-impl' '(Ljava/lang/Object;)Ljava/lang/Object;' in 'kotlin/Result')}
  0x000000010f03cb40: 02fb 98d2 | e2d9 a4f2 | 2200 c0f2 | 41ac 40b9 | 2108 0011 | 41ac 00b9 | 214c 1f12 | 3f00 0071 
  0x000000010f03cb60: e07e 0054 | e26b 40f9 

  0x000000010f03cb68: ;   {metadata(method data for {method} {0x00000001248a6b38} 'run' '()V' in 'kotlinx/coroutines/DispatchedTask')}
  0x000000010f03cb68: 0141 82d2 | 01db a4f2 | 2100 c0f2 | 4208 40b9 | 0211 c0f2 | 29e0 1b91 | 2801 40f9 | 5f00 08eb 
  0x000000010f03cb88: a100 0054 | 2880 43f9 | 0805 0091 | 2880 03f9 | 1c00 0014 | 2920 1c91 | 2801 40f9 | 5f00 08eb 
  0x000000010f03cba8: a100 0054 | 2888 43f9 | 0805 0091 | 2888 03f9 | 1400 0014 | 29e0 1b91 | 2801 40f9 | c800 00b5 
  0x000000010f03cbc8: 2201 00f9 | e803 40b2 | 2900 1c91 | 2801 00f9 | 0c00 0014 | 2920 1c91 | 2801 40f9 | c800 00b5 
  0x000000010f03cbe8: 2201 00f9 | e803 40b2 | 2940 1c91 | 2801 00f9 | 0400 0014 | 2874 43f9 | 0805 0091 | 2874 03f9 
  0x000000010f03cc08: e203 00aa | e16b 40f9 | 090c 92d2 | 2920 a0f2 | 0900 ccf2 

  0x000000010f03cc1c: ; ImmutableOopMap {[216]=Oop [224]=Oop [232]=Oop [176]=Oop }
                      ;*invokeinterface resumeWith {reexecute=0 rethrow=0 return_oop=0}
                      ; - kotlinx.coroutines.DispatchedTask::run@252 (line 232)
                      ;   {virtual_call}
  0x000000010f03cc1c: 0be7 c195 

  0x000000010f03cc20: ;   {metadata(method data for {method} {0x00000001248a6b38} 'run' '()V' in 'kotlinx/coroutines/DispatchedTask')}
  0x000000010f03cc20: 0141 82d2 | 01db a4f2 | 2100 c0f2 | 2090 43f9 | 0004 0091 | 2090 03f9 | e077 40f9 | e103 1faa 
  0x000000010f03cc40: 1f00 01eb 

  0x000000010f03cc44: ;   {metadata(method data for {method} {0x00000001248a6b38} 'run' '()V' in 'kotlinx/coroutines/DispatchedTask')}
  0x000000010f03cc44: 0141 82d2 | 01db a4f2 | 2100 c0f2 | 0809 81d2 | 090b 81d2 | 0201 899a | 2368 62f8 | 6304 0091 
  0x000000010f03cc64: 2368 22f8 | c002 0054 

  0x000000010f03cc6c: ; implicit exception: dispatches to 0x000000010f03db5c
  0x000000010f03cc6c: 1f00 40f9 | e103 00aa 

  0x000000010f03cc74: ;   {metadata(method data for {method} {0x00000001248a6b38} 'run' '()V' in 'kotlinx/coroutines/DispatchedTask')}
  0x000000010f03cc74: 0241 82d2 | 02db a4f2 | 2200 c0f2 | 4834 44f9 | 0805 0091 | 4834 04f9 | e103 00aa 

  0x000000010f03cc90: ; ImmutableOopMap {[216]=Oop [224]=Oop [176]=Oop }
                      ;*invokevirtual clearThreadContext {reexecute=0 rethrow=0 return_oop=0}
                      ; - kotlinx.coroutines.DispatchedTask::run@319 (line 236)
                      ;   {optimized virtual_call}
  0x000000010f03cc90: 9c9d be95 | 1f00 0071 

  0x000000010f03cc98: ;   {metadata(method data for {method} {0x00000001248a6b38} 'run' '()V' in 'kotlinx/coroutines/DispatchedTask')}
  0x000000010f03cc98: 0141 82d2 | 01db a4f2 | 2100 c0f2 | 0814 81d2 | 0916 81d2 | 0201 899a | 2068 62f8 | 0004 0091 
  0x000000010f03ccb8: 2068 22f8 | 2001 0054 

  0x000000010f03ccc0: ;   {metadata(method data for {method} {0x00000001248a6b38} 'run' '()V' in 'kotlinx/coroutines/DispatchedTask')}
  0x000000010f03ccc0: 0141 82d2 | 01db a4f2 | 2100 c0f2 | 2860 44f9 | 0805 0091 | 2860 04f9 | e18b 4da9 

  0x000000010f03ccdc: ; ImmutableOopMap {[176]=Oop }
                      ;*invokestatic restoreThreadContext {reexecute=0 rethrow=0 return_oop=0}
                      ; - kotlinx.coroutines.DispatchedTask::run@329 (line 237)
                      ;   {static_call}
  0x000000010f03ccdc: 29ec ff97 

  0x000000010f03cce0: ;   {metadata(method data for {method} {0x00000001248a6b38} 'run' '()V' in 'kotlinx/coroutines/DispatchedTask')}
  0x000000010f03cce0: 0141 82d2 | 01db a4f2 | 2100 c0f2 | 2268 44f9 | 4204 0091 | 2268 04f9 | fd7b 57a9 | ff03 0691 
  0x000000010f03cd00: ;   {poll_return}
  0x000000010f03cd00: 88a7 41f9 | ff63 28eb | c872 0054 | c003 5fd6 

  0x000000010f03cd10: ;   {metadata(method data for {method} {0x00000001246bddf0} 'sanitizeStackTrace' '(Ljava/lang/Throwable;)Ljava/lang/Throwable;' in 'kotlin/jvm/internal/Intrinsics')}
  0x000000010f03cd10: 023d 8fd2 | a294 a4f2 | 2200 c0f2 | 4894 40f9 | 0805 0091 | 4894 00f9 | e203 00aa 

  0x000000010f03cd2c: ; ImmutableOopMap {[208]=Oop [216]=Oop [224]=Oop [176]=Oop [232]=Oop [320]=Oop [296]=Oop }
                      ;*invokestatic sanitizeStackTrace {reexecute=0 rethrow=0 return_oop=0}
                      ; - kotlin.jvm.internal.Intrinsics::sanitizeStackTrace@6 (line 253)
                      ; - kotlin.jvm.internal.Intrinsics::throwParameterIsNullNPE@11 (line 140)
                      ; - kotlin.jvm.internal.Intrinsics::checkNotNullParameter@5 (line 131)
                      ; - kotlin.Result$Failure::<init>@3
                      ; - kotlin.ResultKt::createFailure@11 (line 122)
                      ; - kotlinx.coroutines.DispatchedTask::run@246 (line 232)
                      ;   {static_call}
  0x000000010f03cd2c: f59e be95 | e1a3 40f9 | 0001 00b5 

  0x000000010f03cd38: ;   {metadata(method data for {method} {0x00000001246bfe08} 'throwParameterIsNullNPE' '(Ljava/lang/String;)V' in 'kotlin/jvm/internal/Intrinsics')}
  0x000000010f03cd38: 0469 8ed2 | a494 a4f2 | 2400 c0f2 | 8864 4439 | 0801 40b2 | 8864 0439 | 3700 0014 

  0x000000010f03cd54: ;   {metadata('java/lang/NullPointerException')}
  0x000000010f03cd54: 028c 8dd2 | 0201 a0f2 | 0211 c0f2 | 0408 40b9 | 0411 c0f2 | 8828 40f9 | 5f00 08eb | e104 0054 
  0x000000010f03cd74: ;   {metadata(method data for {method} {0x00000001246bfe08} 'throwParameterIsNullNPE' '(Ljava/lang/String;)V' in 'kotlin/jvm/internal/Intrinsics')}
  0x000000010f03cd74: 0469 8ed2 | a494 a4f2 | 2400 c0f2 | 0208 40b9 | 0211 c0f2 | 89c0 0491 | 2801 40f9 | 5f00 08eb 
  0x000000010f03cd94: a100 0054 | 889c 40f9 | 0805 0091 | 889c 00f9 | 2200 0014 | 8900 0591 | 2801 40f9 | 5f00 08eb 
  0x000000010f03cdb4: a100 0054 | 88a4 40f9 | 0805 0091 | 88a4 00f9 | 1a00 0014 | 89c0 0491 | 2801 40f9 | c800 00b5 
  0x000000010f03cdd4: 2201 00f9 | e803 40b2 | 89e0 0491 | 2801 00f9 | 1200 0014 | 8900 0591 | 2801 40f9 | c800 00b5 
  0x000000010f03cdf4: 2201 00f9 | e803 40b2 | 8920 0591 | 2801 00f9 | 0a00 0014 | 0900 0014 

  0x000000010f03ce0c: ;   {metadata(method data for {method} {0x00000001246bfe08} 'throwParameterIsNullNPE' '(Ljava/lang/String;)V' in 'kotlin/jvm/internal/Intrinsics')}
  0x000000010f03ce0c: 0469 8ed2 | a494 a4f2 | 2400 c0f2 | 8890 40f9 | 0805 00d1 | 8890 00f9 | 5203 0014 | 0100 0014 
  0x000000010f03ce2c: ; implicit exception: dispatches to 0x000000010f03db74
                      ; ImmutableOopMap {[208]=Oop [216]=Oop [224]=Oop [176]=Oop [232]=Oop [296]=Oop c_rarg1=Oop [320]=Oop c_rarg0=Oop }
                      ;*athrow {reexecute=1 rethrow=0 return_oop=0}
                      ; - (reexecute) kotlin.jvm.internal.Intrinsics::throwParameterIsNullNPE@17 (line 140)
                      ; - kotlin.jvm.internal.Intrinsics::checkNotNullParameter@5 (line 131)
                      ; - kotlin.Result$Failure::<init>@3
                      ; - kotlin.ResultKt::createFailure@11 (line 122)
                      ; - kotlinx.coroutines.DispatchedTask::run@246 (line 232)
  0x000000010f03ce2c: 1f00 40f9 

  0x000000010f03ce30: ;   {section_word}
  0x000000010f03ce30: 0300 0010 

  0x000000010f03ce34: ;   {runtime_call handle_exception_nofpu Runtime1 stub}
  0x000000010f03ce34: 5386 c195 | 1f20 03d5 

  0x000000010f03ce3c: ;   {metadata(method data for {method} {0x00000001246bddf0} 'sanitizeStackTrace' '(Ljava/lang/Throwable;)Ljava/lang/Throwable;' in 'kotlin/jvm/internal/Intrinsics')}
  0x000000010f03ce3c: 023d 8fd2 | a294 a4f2 | 2200 c0f2 | 4894 40f9 | 0805 0091 | 4894 00f9 | e203 00aa 

  0x000000010f03ce58: ; ImmutableOopMap {[216]=Oop [224]=Oop [176]=Oop [232]=Oop [296]=Oop [208]=Oop }
                      ;*invokestatic sanitizeStackTrace {reexecute=0 rethrow=0 return_oop=0}
                      ; - kotlin.jvm.internal.Intrinsics::sanitizeStackTrace@6 (line 253)
                      ; - kotlin.jvm.internal.Intrinsics::throwParameterIsNullNPE@11 (line 140)
                      ; - kotlin.jvm.internal.Intrinsics::checkNotNullParameter@5 (line 131)
                      ; - kotlin.ResultKt::createFailure@3
                      ; - kotlinx.coroutines.DispatchedTask::run@246 (line 232)
                      ;   {static_call}
  0x000000010f03ce58: aa9e be95 | e197 40f9 | 0001 00b5 

  0x000000010f03ce64: ;   {metadata(method data for {method} {0x00000001246bfe08} 'throwParameterIsNullNPE' '(Ljava/lang/String;)V' in 'kotlin/jvm/internal/Intrinsics')}
  0x000000010f03ce64: 0469 8ed2 | a494 a4f2 | 2400 c0f2 | 8864 4439 | 0801 40b2 | 8864 0439 | 3700 0014 

  0x000000010f03ce80: ;   {metadata('java/lang/NullPointerException')}
  0x000000010f03ce80: 028c 8dd2 | 0201 a0f2 | 0211 c0f2 | 0408 40b9 | 0411 c0f2 | 8828 40f9 | 5f00 08eb | e104 0054 
  0x000000010f03cea0: ;   {metadata(method data for {method} {0x00000001246bfe08} 'throwParameterIsNullNPE' '(Ljava/lang/String;)V' in 'kotlin/jvm/internal/Intrinsics')}
  0x000000010f03cea0: 0469 8ed2 | a494 a4f2 | 2400 c0f2 | 0208 40b9 | 0211 c0f2 | 89c0 0491 | 2801 40f9 | 5f00 08eb 
  0x000000010f03cec0: a100 0054 | 889c 40f9 | 0805 0091 | 889c 00f9 | 2200 0014 | 8900 0591 | 2801 40f9 | 5f00 08eb 
  0x000000010f03cee0: a100 0054 | 88a4 40f9 | 0805 0091 | 88a4 00f9 | 1a00 0014 | 89c0 0491 | 2801 40f9 | c800 00b5 
  0x000000010f03cf00: 2201 00f9 | e803 40b2 | 89e0 0491 | 2801 00f9 | 1200 0014 | 8900 0591 | 2801 40f9 | c800 00b5 
  0x000000010f03cf20: 2201 00f9 | e803 40b2 | 8920 0591 | 2801 00f9 | 0a00 0014 | 0900 0014 

  0x000000010f03cf38: ;   {metadata(method data for {method} {0x00000001246bfe08} 'throwParameterIsNullNPE' '(Ljava/lang/String;)V' in 'kotlin/jvm/internal/Intrinsics')}
  0x000000010f03cf38: 0469 8ed2 | a494 a4f2 | 2400 c0f2 | 8890 40f9 | 0805 00d1 | 8890 00f9 | 0a03 0014 | 0100 0014 
  0x000000010f03cf58: ; implicit exception: dispatches to 0x000000010f03db80
                      ; ImmutableOopMap {[216]=Oop [224]=Oop [176]=Oop [232]=Oop [208]=Oop c_rarg1=Oop [296]=Oop c_rarg0=Oop }
                      ;*athrow {reexecute=1 rethrow=0 return_oop=0}
                      ; - (reexecute) kotlin.jvm.internal.Intrinsics::throwParameterIsNullNPE@17 (line 140)
                      ; - kotlin.jvm.internal.Intrinsics::checkNotNullParameter@5 (line 131)
                      ; - kotlin.ResultKt::createFailure@3
                      ; - kotlinx.coroutines.DispatchedTask::run@246 (line 232)
  0x000000010f03cf58: 1f00 40f9 

  0x000000010f03cf5c: ;   {section_word}
  0x000000010f03cf5c: 0300 0010 

  0x000000010f03cf60: ;   {runtime_call handle_exception_nofpu Runtime1 stub}
  0x000000010f03cf60: 0886 c195 | 1f20 03d5 

  0x000000010f03cf68: ;   {metadata(method data for {method} {0x00000001246bddf0} 'sanitizeStackTrace' '(Ljava/lang/Throwable;)Ljava/lang/Throwable;' in 'kotlin/jvm/internal/Intrinsics')}
  0x000000010f03cf68: 023d 8fd2 | a294 a4f2 | 2200 c0f2 | 4894 40f9 | 0805 0091 | 4894 00f9 | e203 00aa 

  0x000000010f03cf84: ; ImmutableOopMap {[216]=Oop [224]=Oop [176]=Oop [232]=Oop [208]=Oop [256]=Oop [288]=Oop }
                      ;*invokestatic sanitizeStackTrace {reexecute=0 rethrow=0 return_oop=0}
                      ; - kotlin.jvm.internal.Intrinsics::sanitizeStackTrace@6 (line 253)
                      ; - kotlin.jvm.internal.Intrinsics::throwParameterIsNullNPE@11 (line 140)
                      ; - kotlin.jvm.internal.Intrinsics::checkNotNullParameter@5 (line 131)
                      ; - kotlin.Result$Failure::<init>@3
                      ; - kotlin.ResultKt::createFailure@11 (line 122)
                      ; - kotlinx.coroutines.DispatchedTask::run@273 (line 98)
                      ;   {static_call}
  0x000000010f03cf84: 5f9e be95 | e193 40f9 | 0001 00b5 

  0x000000010f03cf90: ;   {metadata(method data for {method} {0x00000001246bfe08} 'throwParameterIsNullNPE' '(Ljava/lang/String;)V' in 'kotlin/jvm/internal/Intrinsics')}
  0x000000010f03cf90: 0469 8ed2 | a494 a4f2 | 2400 c0f2 | 8864 4439 | 0801 40b2 | 8864 0439 | 3700 0014 

  0x000000010f03cfac: ;   {metadata('java/lang/NullPointerException')}
  0x000000010f03cfac: 028c 8dd2 | 0201 a0f2 | 0211 c0f2 | 0408 40b9 | 0411 c0f2 | 8828 40f9 | 5f00 08eb | e104 0054 
  0x000000010f03cfcc: ;   {metadata(method data for {method} {0x00000001246bfe08} 'throwParameterIsNullNPE' '(Ljava/lang/String;)V' in 'kotlin/jvm/internal/Intrinsics')}
  0x000000010f03cfcc: 0469 8ed2 | a494 a4f2 | 2400 c0f2 | 0208 40b9 | 0211 c0f2 | 89c0 0491 | 2801 40f9 | 5f00 08eb 
  0x000000010f03cfec: a100 0054 | 889c 40f9 | 0805 0091 | 889c 00f9 | 2200 0014 | 8900 0591 | 2801 40f9 | 5f00 08eb 
  0x000000010f03d00c: a100 0054 | 88a4 40f9 | 0805 0091 | 88a4 00f9 | 1a00 0014 | 89c0 0491 | 2801 40f9 | c800 00b5 
  0x000000010f03d02c: 2201 00f9 | e803 40b2 | 89e0 0491 | 2801 00f9 | 1200 0014 | 8900 0591 | 2801 40f9 | c800 00b5 
  0x000000010f03d04c: 2201 00f9 | e803 40b2 | 8920 0591 | 2801 00f9 | 0a00 0014 | 0900 0014 

  0x000000010f03d064: ;   {metadata(method data for {method} {0x00000001246bfe08} 'throwParameterIsNullNPE' '(Ljava/lang/String;)V' in 'kotlin/jvm/internal/Intrinsics')}
  0x000000010f03d064: 0469 8ed2 | a494 a4f2 | 2400 c0f2 | 8890 40f9 | 0805 00d1 | 8890 00f9 | c202 0014 | 0100 0014 
  0x000000010f03d084: ; implicit exception: dispatches to 0x000000010f03db8c
                      ; ImmutableOopMap {[216]=Oop [224]=Oop [176]=Oop [232]=Oop [208]=Oop [256]=Oop c_rarg1=Oop [288]=Oop c_rarg0=Oop }
                      ;*athrow {reexecute=1 rethrow=0 return_oop=0}
                      ; - (reexecute) kotlin.jvm.internal.Intrinsics::throwParameterIsNullNPE@17 (line 140)
                      ; - kotlin.jvm.internal.Intrinsics::checkNotNullParameter@5 (line 131)
                      ; - kotlin.Result$Failure::<init>@3
                      ; - kotlin.ResultKt::createFailure@11 (line 122)
                      ; - kotlinx.coroutines.DispatchedTask::run@273 (line 98)
  0x000000010f03d084: 1f00 40f9 

  0x000000010f03d088: ;   {section_word}
  0x000000010f03d088: 0300 0010 

  0x000000010f03d08c: ;   {runtime_call handle_exception_nofpu Runtime1 stub}
  0x000000010f03d08c: bd85 c195 | 1f20 03d5 

  0x000000010f03d094: ;   {metadata(method data for {method} {0x00000001246bddf0} 'sanitizeStackTrace' '(Ljava/lang/Throwable;)Ljava/lang/Throwable;' in 'kotlin/jvm/internal/Intrinsics')}
  0x000000010f03d094: 023d 8fd2 | a294 a4f2 | 2200 c0f2 | 4894 40f9 | 0805 0091 | 4894 00f9 | e203 00aa 

  0x000000010f03d0b0: ; ImmutableOopMap {[216]=Oop [224]=Oop [176]=Oop [232]=Oop [256]=Oop [208]=Oop }
                      ;*invokestatic sanitizeStackTrace {reexecute=0 rethrow=0 return_oop=0}
                      ; - kotlin.jvm.internal.Intrinsics::sanitizeStackTrace@6 (line 253)
                      ; - kotlin.jvm.internal.Intrinsics::throwParameterIsNullNPE@11 (line 140)
                      ; - kotlin.jvm.internal.Intrinsics::checkNotNullParameter@5 (line 131)
                      ; - kotlin.ResultKt::createFailure@3
                      ; - kotlinx.coroutines.DispatchedTask::run@273 (line 98)
                      ;   {static_call}
  0x000000010f03d0b0: 149e be95 | e183 40f9 | e26b 40f9 | 0001 00b5 

  0x000000010f03d0c0: ;   {metadata(method data for {method} {0x00000001246bfe08} 'throwParameterIsNullNPE' '(Ljava/lang/String;)V' in 'kotlin/jvm/internal/Intrinsics')}
  0x000000010f03d0c0: 0569 8ed2 | a594 a4f2 | 2500 c0f2 | a864 4439 | 0801 40b2 | a864 0439 | 3700 0014 

  0x000000010f03d0dc: ;   {metadata('java/lang/NullPointerException')}
  0x000000010f03d0dc: 048c 8dd2 | 0401 a0f2 | 0411 c0f2 | 0508 40b9 | 0511 c0f2 | a828 40f9 | 9f00 08eb | e104 0054 
  0x000000010f03d0fc: ;   {metadata(method data for {method} {0x00000001246bfe08} 'throwParameterIsNullNPE' '(Ljava/lang/String;)V' in 'kotlin/jvm/internal/Intrinsics')}
  0x000000010f03d0fc: 0569 8ed2 | a594 a4f2 | 2500 c0f2 | 0408 40b9 | 0411 c0f2 | a9c0 0491 | 2801 40f9 | 9f00 08eb 
  0x000000010f03d11c: a100 0054 | a89c 40f9 | 0805 0091 | a89c 00f9 | 2200 0014 | a900 0591 | 2801 40f9 | 9f00 08eb 
  0x000000010f03d13c: a100 0054 | a8a4 40f9 | 0805 0091 | a8a4 00f9 | 1a00 0014 | a9c0 0491 | 2801 40f9 | c800 00b5 
  0x000000010f03d15c: 2401 00f9 | e803 40b2 | a9e0 0491 | 2801 00f9 | 1200 0014 | a900 0591 | 2801 40f9 | c800 00b5 
  0x000000010f03d17c: 2401 00f9 | e803 40b2 | a920 0591 | 2801 00f9 | 0a00 0014 | 0900 0014 

  0x000000010f03d194: ;   {metadata(method data for {method} {0x00000001246bfe08} 'throwParameterIsNullNPE' '(Ljava/lang/String;)V' in 'kotlin/jvm/internal/Intrinsics')}
  0x000000010f03d194: 0569 8ed2 | a594 a4f2 | 2500 c0f2 | a890 40f9 | 0805 00d1 | a890 00f9 | 7902 0014 | 0100 0014 
  0x000000010f03d1b4: ; implicit exception: dispatches to 0x000000010f03db98
                      ; ImmutableOopMap {[216]=Oop [224]=Oop [176]=Oop [232]=Oop c_rarg1=Oop [256]=Oop c_rarg2=Oop c_rarg0=Oop }
                      ;*athrow {reexecute=1 rethrow=0 return_oop=0}
                      ; - (reexecute) kotlin.jvm.internal.Intrinsics::throwParameterIsNullNPE@17 (line 140)
                      ; - kotlin.jvm.internal.Intrinsics::checkNotNullParameter@5 (line 131)
                      ; - kotlin.ResultKt::createFailure@3
                      ; - kotlinx.coroutines.DispatchedTask::run@273 (line 98)
  0x000000010f03d1b4: 1f00 40f9 

  0x000000010f03d1b8: ;   {section_word}
  0x000000010f03d1b8: 0300 0010 

  0x000000010f03d1bc: ;   {runtime_call handle_exception_nofpu Runtime1 stub}
  0x000000010f03d1bc: 7185 c195 | 1f20 03d5 | 80ef 41f9 | 9fef 01f9 | 9ff3 01f9 | e177 40f9 | e203 1faa | 3f00 02eb 
  0x000000010f03d1dc: ;   {metadata(method data for {method} {0x00000001248a6b38} 'run' '()V' in 'kotlinx/coroutines/DispatchedTask')}
  0x000000010f03d1dc: 0241 82d2 | 02db a4f2 | 2200 c0f2 | 081d 81d2 | 091f 81d2 | 0301 899a | 4468 63f8 | 8404 0091 
  0x000000010f03d1fc: 4468 23f8 | e0a7 00f9 | a002 0054 

  0x000000010f03d208: ; implicit exception: dispatches to 0x000000010f03db9c
  0x000000010f03d208: 3f00 40f9 | e203 01aa 

  0x000000010f03d210: ;   {metadata(method data for {method} {0x00000001248a6b38} 'run' '()V' in 'kotlinx/coroutines/DispatchedTask')}
  0x000000010f03d210: 0341 82d2 | 03db a4f2 | 2300 c0f2 | 6884 44f9 | 0805 0091 | 6884 04f9 

  0x000000010f03d228: ; ImmutableOopMap {[216]=Oop [224]=Oop [176]=Oop [328]=Oop }
                      ;*invokevirtual clearThreadContext {reexecute=0 rethrow=0 return_oop=0}
                      ; - kotlinx.coroutines.DispatchedTask::run@344 (line 236)
                      ;   {optimized virtual_call}
  0x000000010f03d228: 369c be95 | 1f00 0071 

  0x000000010f03d230: ;   {metadata(method data for {method} {0x00000001248a6b38} 'run' '()V' in 'kotlinx/coroutines/DispatchedTask')}
  0x000000010f03d230: 0141 82d2 | 01db a4f2 | 2100 c0f2 | 0828 81d2 | 092a 81d2 | 0201 899a | 2068 62f8 | 0004 0091 
  0x000000010f03d250: 2068 22f8 | 4001 0054 | e08b 4da9 

  0x000000010f03d25c: ;   {metadata(method data for {method} {0x00000001248a6b38} 'run' '()V' in 'kotlinx/coroutines/DispatchedTask')}
  0x000000010f03d25c: 0141 82d2 | 01db a4f2 | 2100 c0f2 | 28b0 44f9 | 0805 0091 | 28b0 04f9 | e103 00aa 

  0x000000010f03d278: ; ImmutableOopMap {[176]=Oop [328]=Oop }
                      ;*invokestatic restoreThreadContext {reexecute=0 rethrow=0 return_oop=0}
                      ; - kotlinx.coroutines.DispatchedTask::run@354 (line 237)
                      ;   {static_call}
  0x000000010f03d278: a29d be95 

  0x000000010f03d27c: ; ImmutableOopMap {[176]=Oop c_rarg0=Oop }
                      ;*athrow {reexecute=1 rethrow=0 return_oop=0}
                      ; - (reexecute) kotlinx.coroutines.DispatchedTask::run@359 (line 237)
  0x000000010f03d27c: e0a7 40f9 

  0x000000010f03d280: ;   {section_word}
  0x000000010f03d280: 0300 0010 

  0x000000010f03d284: ;   {runtime_call handle_exception_nofpu Runtime1 stub}
  0x000000010f03d284: 3f85 c195 | 1f20 03d5 

  0x000000010f03d28c: ;   {metadata(method data for {method} {0x00000001246bddf0} 'sanitizeStackTrace' '(Ljava/lang/Throwable;)Ljava/lang/Throwable;' in 'kotlin/jvm/internal/Intrinsics')}
  0x000000010f03d28c: 023d 8fd2 | a294 a4f2 | 2200 c0f2 | 4894 40f9 | 0805 0091 | 4894 00f9 | e203 00aa 

  0x000000010f03d2a8: ; ImmutableOopMap {[176]=Oop [184]=Oop }
                      ;*invokestatic sanitizeStackTrace {reexecute=0 rethrow=0 return_oop=0}
                      ; - kotlin.jvm.internal.Intrinsics::sanitizeStackTrace@6 (line 253)
                      ; - kotlin.jvm.internal.Intrinsics::throwJavaNpe@8 (line 50)
                      ; - kotlin.jvm.internal.Intrinsics::checkNotNull@5 (line 31)
                      ; - kotlinx.coroutines.DispatchedTask::run@40 (line 80)
                      ;   {static_call}
  0x000000010f03d2a8: 969d be95 | e25f 40f9 | 0001 00b5 

  0x000000010f03d2b4: ;   {metadata(method data for {method} {0x00000001246bf070} 'throwJavaNpe' '(Ljava/lang/String;)V' in 'kotlin/jvm/internal/Intrinsics')}
  0x000000010f03d2b4: 0412 88d2 | e4a5 a4f2 | 2400 c0f2 | 8824 4439 | 0801 40b2 | 8824 0439 | 3700 0014 

  0x000000010f03d2d0: ;   {metadata('java/lang/NullPointerException')}
  0x000000010f03d2d0: 018c 8dd2 | 0101 a0f2 | 0111 c0f2 | 0408 40b9 | 0411 c0f2 | 8828 40f9 | 3f00 08eb | e104 0054 
  0x000000010f03d2f0: ;   {metadata(method data for {method} {0x00000001246bf070} 'throwJavaNpe' '(Ljava/lang/String;)V' in 'kotlin/jvm/internal/Intrinsics')}
  0x000000010f03d2f0: 0412 88d2 | e4a5 a4f2 | 2400 c0f2 | 0108 40b9 | 0111 c0f2 | 8980 0491 | 2801 40f9 | 3f00 08eb 
  0x000000010f03d310: a100 0054 | 8894 40f9 | 0805 0091 | 8894 00f9 | 2200 0014 | 89c0 0491 | 2801 40f9 | 3f00 08eb 
  0x000000010f03d330: a100 0054 | 889c 40f9 | 0805 0091 | 889c 00f9 | 1a00 0014 | 8980 0491 | 2801 40f9 | c800 00b5 
  0x000000010f03d350: 2101 00f9 | e803 40b2 | 89a0 0491 | 2801 00f9 | 1200 0014 | 89c0 0491 | 2801 40f9 | c800 00b5 
  0x000000010f03d370: 2101 00f9 | e803 40b2 | 89e0 0491 | 2801 00f9 | 0a00 0014 | 0900 0014 

  0x000000010f03d388: ;   {metadata(method data for {method} {0x00000001246bf070} 'throwJavaNpe' '(Ljava/lang/String;)V' in 'kotlin/jvm/internal/Intrinsics')}
  0x000000010f03d388: 0412 88d2 | e4a5 a4f2 | 2400 c0f2 | 8888 40f9 | 0805 00d1 | 8888 00f9 | 0002 0014 | 0100 0014 
  0x000000010f03d3a8: ; implicit exception: dispatches to 0x000000010f03dba8
                      ; ImmutableOopMap {[176]=Oop c_rarg2=Oop [184]=Oop c_rarg0=Oop }
                      ;*athrow {reexecute=1 rethrow=0 return_oop=0}
                      ; - (reexecute) kotlin.jvm.internal.Intrinsics::throwJavaNpe@14 (line 50)
                      ; - kotlin.jvm.internal.Intrinsics::checkNotNull@5 (line 31)
                      ; - kotlinx.coroutines.DispatchedTask::run@40 (line 80)
  0x000000010f03d3a8: 1f00 40f9 

  0x000000010f03d3ac: ;   {section_word}
  0x000000010f03d3ac: 0300 0010 

  0x000000010f03d3b0: ;   {runtime_call handle_exception_nofpu Runtime1 stub}
  0x000000010f03d3b0: f484 c195 | 1f20 03d5 | 80ef 41f9 | 9fef 01f9 | 9ff3 01f9 | e15b 40f9 

  0x000000010f03d3c8: ;   {metadata(method data for {method} {0x00000001248a6b38} 'run' '()V' in 'kotlinx/coroutines/DispatchedTask')}
  0x000000010f03d3c8: 0241 82d2 | 02db a4f2 | 2200 c0f2 | 4820 45f9 | 0805 0091 | 4820 05f9 | e203 00aa | e15b 40f9 
  0x000000010f03d3e8: ; ImmutableOopMap {}
                      ;*invokevirtual handleFatalException$kotlinx_coroutines_core {reexecute=0 rethrow=0 return_oop=0}
                      ; - kotlinx.coroutines.DispatchedTask::run@383 (line 107)
                      ;   {optimized virtual_call}
  0x000000010f03d3e8: c69b be95 | fd7b 57a9 | ff03 0691 

  0x000000010f03d3f4: ;   {poll_return}
  0x000000010f03d3f4: 88a7 41f9 | ff63 28eb | 883d 0054 | c003 5fd6 | e15b 40f9 | 80ef 41f9 | 9fef 01f9 | 9ff3 01f9 
  0x000000010f03d414: e203 01aa 

  0x000000010f03d418: ;   {metadata(method data for {method} {0x00000001248a6b38} 'run' '()V' in 'kotlinx/coroutines/DispatchedTask')}
  0x000000010f03d418: 0341 82d2 | 03db a4f2 | 2300 c0f2 | 4208 40b9 | 0211 c0f2 | 6900 2691 | 2801 40f9 | 5f00 08eb 
  0x000000010f03d438: a100 0054 | 68c4 44f9 | 0805 0091 | 68c4 04f9 | 1c00 0014 | 6940 2691 | 2801 40f9 | 5f00 08eb 
  0x000000010f03d458: a100 0054 | 68cc 44f9 | 0805 0091 | 68cc 04f9 | 1400 0014 | 6900 2691 | 2801 40f9 | c800 00b5 
  0x000000010f03d478: 2201 00f9 | e803 40b2 | 6920 2691 | 2801 00f9 | 0c00 0014 | 6940 2691 | 2801 40f9 | c800 00b5 
  0x000000010f03d498: 2201 00f9 | e803 40b2 | 6960 2691 | 2801 00f9 | 0400 0014 | 68b8 44f9 | 0805 0091 | 68b8 04f9 
  0x000000010f03d4b8: e0ab 00f9 | e9ff 9fd2 | e9ff bff2 | e9ff dff2 

  0x000000010f03d4c8: ; ImmutableOopMap {[336]=Oop }
                      ;*invokevirtual getDelegate$kotlinx_coroutines_core {reexecute=0 rethrow=0 return_oop=0}
                      ; - kotlinx.coroutines.DispatchedTask::run@362 (line 105)
                      ;   {virtual_call}
  0x000000010f03d4c8: 4e9c be95 

  0x000000010f03d4cc: ; implicit exception: dispatches to 0x000000010f03dbb8
  0x000000010f03d4cc: 1f00 40f9 | e103 00aa 

  0x000000010f03d4d4: ;   {metadata(method data for {method} {0x00000001248a6b38} 'run' '()V' in 'kotlinx/coroutines/DispatchedTask')}
  0x000000010f03d4d4: 0241 82d2 | 02db a4f2 | 2200 c0f2 | 2108 40b9 | 0111 c0f2 | 49e0 2691 | 2801 40f9 | 3f00 08eb 
  0x000000010f03d4f4: a100 0054 | 48e0 44f9 | 0805 0091 | 48e0 04f9 | 1c00 0014 | 4920 2791 | 2801 40f9 | 3f00 08eb 
  0x000000010f03d514: a100 0054 | 48e8 44f9 | 0805 0091 | 48e8 04f9 | 1400 0014 | 49e0 2691 | 2801 40f9 | c800 00b5 
  0x000000010f03d534: 2101 00f9 | e803 40b2 | 4900 2791 | 2801 00f9 | 0c00 0014 | 4920 2791 | 2801 40f9 | c800 00b5 
  0x000000010f03d554: 2101 00f9 | e803 40b2 | 4940 2791 | 2801 00f9 | 0400 0014 | 48d4 44f9 | 0805 0091 | 48d4 04f9 
  0x000000010f03d574: e103 00aa | e9ff 9fd2 | e9ff bff2 | e9ff dff2 

  0x000000010f03d584: ; ImmutableOopMap {[336]=Oop }
                      ;*invokeinterface getContext {reexecute=0 rethrow=0 return_oop=0}
                      ; - kotlinx.coroutines.DispatchedTask::run@365 (line 105)
                      ;   {virtual_call}
  0x000000010f03d584: 1f9c be95 | e1ab 40f9 

  0x000000010f03d58c: ;   {metadata(method data for {method} {0x00000001248a6b38} 'run' '()V' in 'kotlinx/coroutines/DispatchedTask')}
  0x000000010f03d58c: 0241 82d2 | 02db a4f2 | 2200 c0f2 | 2108 40b9 | 0111 c0f2 | 49c0 2791 | 2801 40f9 | 3f00 08eb 
  0x000000010f03d5ac: a100 0054 | 48fc 44f9 | 0805 0091 | 48fc 04f9 | 1c00 0014 | 4900 2891 | 2801 40f9 | 3f00 08eb 
  0x000000010f03d5cc: a100 0054 | 4804 45f9 | 0805 0091 | 4804 05f9 | 1400 0014 | 49c0 2791 | 2801 40f9 | c800 00b5 
  0x000000010f03d5ec: 2101 00f9 | e803 40b2 | 49e0 2791 | 2801 00f9 | 0c00 0014 | 4900 2891 | 2801 40f9 | c800 00b5 
  0x000000010f03d60c: 2101 00f9 | e803 40b2 | 4920 2891 | 2801 00f9 | 0400 0014 | 48f0 44f9 | 0805 0091 | 48f0 04f9 
  0x000000010f03d62c: e1ab 40f9 | e0af 00f9 

  0x000000010f03d634: ; ImmutableOopMap {[344]=Oop }
                      ;*invokevirtual getCause {reexecute=0 rethrow=0 return_oop=0}
                      ; - kotlinx.coroutines.DispatchedTask::run@371 (line 105)
                      ;   {optimized virtual_call}
  0x000000010f03d634: 339b be95 | e1af 40f9 | e203 00aa 

  0x000000010f03d640: ; ImmutableOopMap {}
                      ;*invokestatic handleCoroutineException {reexecute=0 rethrow=0 return_oop=0}
                      ; - kotlinx.coroutines.DispatchedTask::run@374 (line 105)
                      ;   {static_call}
  0x000000010f03d640: b09c be95 

  0x000000010f03d644: ;   {metadata(method data for {method} {0x00000001248a6b38} 'run' '()V' in 'kotlinx/coroutines/DispatchedTask')}
  0x000000010f03d644: 0041 82d2 | 00db a4f2 | 2000 c0f2 | 0114 45f9 | 2104 0091 | 0114 05f9 | fd7b 57a9 | ff03 0691 
  0x000000010f03d664: ;   {poll_return}
  0x000000010f03d664: 88a7 41f9 | ff63 28eb | 882a 0054 | c003 5fd6 

  0x000000010f03d674: ;   {metadata({method} {0x00000001248a6b38} 'run' '()V' in 'kotlinx/coroutines/DispatchedTask')}
  0x000000010f03d674: 0867 8dd2 | 4891 a4f2 | 2800 c0f2 | e807 00f9 | 0800 8092 | e803 00f9 

  0x000000010f03d68c: ; ImmutableOopMap {c_rarg1=Oop [176]=Oop }
                      ;*synchronization entry
                      ; - kotlinx.coroutines.DispatchedTask::run@-1 (line 78)
                      ;   {runtime_call counter_overflow Runtime1 stub}
  0x000000010f03d68c: fd90 c195 | ebf5 ff17 

  0x000000010f03d694: ;   {metadata({method} {0x0000000124886810} 'getASSERTIONS_ENABLED' '()Z' in 'kotlinx/coroutines/DebugKt')}
  0x000000010f03d694: 0802 8dd2 | 0891 a4f2 | 2800 c0f2 | e807 00f9 | 0800 8092 | e803 00f9 

  0x000000010f03d6ac: ; ImmutableOopMap {c_rarg1=Oop [176]=Oop }
                      ;*synchronization entry
                      ; - kotlinx.coroutines.DebugKt::getASSERTIONS_ENABLED@-1 (line 63)
                      ; - kotlinx.coroutines.DispatchedTask::run@0 (line 78)
                      ;   {runtime_call counter_overflow Runtime1 stub}
  0x000000010f03d6ac: f590 c195 | f2f5 ff17 

  0x000000010f03d6b4: ;   {metadata({method} {0x00000001246bedc0} 'checkNotNull' '(Ljava/lang/Object;Ljava/lang/String;)V' in 'kotlin/jvm/internal/Intrinsics')}
  0x000000010f03d6b4: 08b8 9dd2 | 688d a4f2 | 2800 c0f2 | e807 00f9 | 0800 8092 | e803 00f9 

  0x000000010f03d6cc: ; ImmutableOopMap {[176]=Oop c_rarg0=Oop [184]=Oop }
                      ;*synchronization entry
                      ; - kotlin.jvm.internal.Intrinsics::checkNotNull@-1 (line 30)
                      ; - kotlinx.coroutines.DispatchedTask::run@40 (line 80)
                      ;   {runtime_call counter_overflow Runtime1 stub}
  0x000000010f03d6cc: ed90 c195 | 2ff6 ff17 

  0x000000010f03d6d4: ;   {metadata({method} {0x00000001246bf070} 'throwJavaNpe' '(Ljava/lang/String;)V' in 'kotlin/jvm/internal/Intrinsics')}
  0x000000010f03d6d4: 080e 9ed2 | 688d a4f2 | 2800 c0f2 | e807 00f9 | 0800 8092 | e803 00f9 

  0x000000010f03d6ec: ; ImmutableOopMap {[176]=Oop [184]=Oop }
                      ;*synchronization entry
                      ; - kotlin.jvm.internal.Intrinsics::throwJavaNpe@-1 (line 50)
                      ; - kotlin.jvm.internal.Intrinsics::checkNotNull@5 (line 31)
                      ; - kotlinx.coroutines.DispatchedTask::run@40 (line 80)
                      ;   {runtime_call counter_overflow Runtime1 stub}
  0x000000010f03d6ec: e590 c195 | 42f6 ff17 

  0x000000010f03d6f4: ; ImmutableOopMap {[176]=Oop [184]=Oop }
                      ;*new {reexecute=0 rethrow=0 return_oop=0}
                      ; - kotlin.jvm.internal.Intrinsics::throwJavaNpe@0 (line 50)
                      ; - kotlin.jvm.internal.Intrinsics::checkNotNull@5 (line 31)
                      ; - kotlinx.coroutines.DispatchedTask::run@40 (line 80)
                      ;   {runtime_call fast_new_instance Runtime1 stub}
  0x000000010f03d6f4: 6380 c195 | 4ff6 ff17 

  0x000000010f03d6fc: ;   {metadata({method} {0x00000001246bddf0} 'sanitizeStackTrace' '(Ljava/lang/Throwable;)Ljava/lang/Throwable;' in 'kotlin/jvm/internal/Intrinsics')}
  0x000000010f03d6fc: 08be 9bd2 | 688d a4f2 | 2800 c0f2 | e807 00f9 | 0800 8092 | e803 00f9 

  0x000000010f03d714: ; ImmutableOopMap {[176]=Oop [192]=Oop [184]=Oop }
                      ;*synchronization entry
                      ; - kotlin.jvm.internal.Intrinsics::sanitizeStackTrace@-1 (line 253)
                      ; - kotlin.jvm.internal.Intrinsics::throwJavaNpe@8 (line 50)
                      ; - kotlin.jvm.internal.Intrinsics::checkNotNull@5 (line 31)
                      ; - kotlinx.coroutines.DispatchedTask::run@40 (line 80)
                      ;   {runtime_call counter_overflow Runtime1 stub}
  0x000000010f03d714: db90 c195 | 63f6 ff17 

  0x000000010f03d71c: ;   {metadata({method} {0x00000088004467f8} 'getName' '()Ljava/lang/String;' in 'java/lang/Class')}
  0x000000010f03d71c: 08ff 8cd2 | 8808 a0f2 | 0811 c0f2 | e807 00f9 | 0800 8092 | e803 00f9 

  0x000000010f03d734: ; ImmutableOopMap {[176]=Oop [192]=Oop [184]=Oop c_rarg1=Oop }
                      ;*synchronization entry
                      ; - java.lang.Class::getName@-1 (line 862)
                      ; - kotlin.jvm.internal.Intrinsics::sanitizeStackTrace@3 (line 253)
                      ; - kotlin.jvm.internal.Intrinsics::throwJavaNpe@8 (line 50)
                      ; - kotlin.jvm.internal.Intrinsics::checkNotNull@5 (line 31)
                      ; - kotlinx.coroutines.DispatchedTask::run@40 (line 80)
                      ;   {runtime_call counter_overflow Runtime1 stub}
  0x000000010f03d734: d390 c195 | 6ef6 ff17 

  0x000000010f03d73c: ; ImmutableOopMap {[176]=Oop [192]=Oop [184]=Oop }
                      ;*getfield name {reexecute=1 rethrow=0 return_oop=0}
                      ; - (reexecute) java.lang.Class::getName@1 (line 862)
                      ; - kotlin.jvm.internal.Intrinsics::sanitizeStackTrace@3 (line 253)
                      ; - kotlin.jvm.internal.Intrinsics::throwJavaNpe@8 (line 50)
                      ; - kotlin.jvm.internal.Intrinsics::checkNotNull@5 (line 31)
                      ; - kotlinx.coroutines.DispatchedTask::run@40 (line 80)
                      ;   {runtime_call throw_null_pointer_exception Runtime1 stub}
  0x000000010f03d73c: 517d c195 | e803 00aa 

  0x000000010f03d744: ; ImmutableOopMap {[176]=Oop }
                      ;*checkcast {reexecute=0 rethrow=0 return_oop=0}
                      ; - kotlinx.coroutines.DispatchedTask::run@43 (line 80)
                      ;   {runtime_call throw_class_cast_exception Runtime1 stub}
  0x000000010f03d744: 0f87 c195 

  0x000000010f03d748: ; ImmutableOopMap {[176]=Oop c_rarg1=Oop }
                      ;*getfield continuation {reexecute=1 rethrow=0 return_oop=0}
                      ; - (reexecute) kotlinx.coroutines.DispatchedTask::run@48 (line 81)
                      ;   {runtime_call throw_null_pointer_exception Runtime1 stub}
  0x000000010f03d748: 4e7d c195 

  0x000000010f03d74c: ; ImmutableOopMap {[176]=Oop c_rarg0=Oop c_rarg2=Oop }
                      ;*invokeinterface getContext {reexecute=0 rethrow=0 return_oop=0}
                      ; - kotlinx.coroutines.DispatchedTask::run@61 (line 222)
                      ;   {runtime_call throw_null_pointer_exception Runtime1 stub}
  0x000000010f03d74c: 4d7d c195 

  0x000000010f03d750: ;   {metadata({method} {0x00000001248be200} 'isCancellableMode' '(I)Z' in 'kotlinx/coroutines/DispatchedTaskKt')}
  0x000000010f03d750: 0840 9cd2 | 6891 a4f2 | 2800 c0f2 | e807 00f9 | 0800 8092 | e803 00f9 

  0x000000010f03d768: ; ImmutableOopMap {[208]=Oop [216]=Oop [224]=Oop [232]=Oop [248]=Oop c_rarg0=Oop [256]=Oop c_rarg1=Oop [176]=Oop [240]=Oop }
                      ;*synchronization entry
                      ; - kotlinx.coroutines.DispatchedTaskKt::isCancellableMode@-1 (line 43)
                      ; - kotlinx.coroutines.DispatchedTask::run@133 (line 91)
                      ;   {runtime_call counter_overflow Runtime1 stub}
  0x000000010f03d768: c690 c195 | d0f7 ff17 

  0x000000010f03d770: ; ImmutableOopMap {[208]=Oop [216]=Oop [224]=Oop [232]=Oop [248]=Oop [256]=Oop c_rarg0=Oop [176]=Oop }
                      ;*invokeinterface get {reexecute=0 rethrow=0 return_oop=0}
                      ; - kotlinx.coroutines.DispatchedTask::run@147 (line 91)
                      ;   {runtime_call throw_null_pointer_exception Runtime1 stub}
  0x000000010f03d770: 447d c195 | e803 00aa 

  0x000000010f03d778: ; ImmutableOopMap {[208]=Oop [216]=Oop [224]=Oop [232]=Oop [248]=Oop [176]=Oop [256]=Oop }
                      ;*checkcast {reexecute=0 rethrow=0 return_oop=0}
                      ; - kotlinx.coroutines.DispatchedTask::run@152 (line 91)
                      ;   {runtime_call throw_class_cast_exception Runtime1 stub}
  0x000000010f03d778: 0287 c195 

  0x000000010f03d77c: ; ImmutableOopMap {[208]=Oop [216]=Oop [224]=Oop [232]=Oop [248]=Oop [176]=Oop [256]=Oop c_rarg2=Oop }
                      ;*invokeinterface isActive {reexecute=0 rethrow=0 return_oop=0}
                      ; - kotlinx.coroutines.DispatchedTask::run@168 (line 92)
                      ;   {runtime_call throw_null_pointer_exception Runtime1 stub}
  0x000000010f03d77c: 417d c195 

  0x000000010f03d780: ;   {metadata({method} {0x00000001248c09c0} 'createFailure' '(Ljava/lang/Throwable;)Ljava/lang/Object;' in 'kotlin/ResultKt')}
  0x000000010f03d780: 0838 81d2 | 8891 a4f2 | 2800 c0f2 | e807 00f9 | 0800 8092 | e803 00f9 

  0x000000010f03d798: ; ImmutableOopMap {[208]=Oop [216]=Oop [224]=Oop [232]=Oop [176]=Oop c_rarg0=Oop [256]=Oop }
                      ;*synchronization entry
                      ; - kotlin.ResultKt::createFailure@-1
                      ; - kotlinx.coroutines.DispatchedTask::run@273 (line 98)
                      ;   {runtime_call counter_overflow Runtime1 stub}
  0x000000010f03d798: ba90 c195 | d3f8 ff17 

  0x000000010f03d7a0: ;   {metadata({method} {0x00000001246bfc98} 'checkNotNullParameter' '(Ljava/lang/Object;Ljava/lang/String;)V' in 'kotlin/jvm/internal/Intrinsics')}
  0x000000010f03d7a0: 0893 9fd2 | 688d a4f2 | 2800 c0f2 | e807 00f9 | 0800 8092 | e803 00f9 

  0x000000010f03d7b8: ; ImmutableOopMap {[208]=Oop [216]=Oop [224]=Oop [232]=Oop [176]=Oop c_rarg0=Oop [256]=Oop }
                      ;*synchronization entry
                      ; - kotlin.jvm.internal.Intrinsics::checkNotNullParameter@-1 (line 130)
                      ; - kotlin.ResultKt::createFailure@3
                      ; - kotlinx.coroutines.DispatchedTask::run@273 (line 98)
                      ;   {runtime_call counter_overflow Runtime1 stub}
  0x000000010f03d7b8: b290 c195 | daf8 ff17 

  0x000000010f03d7c0: ;   {metadata({method} {0x00000001246bfe08} 'throwParameterIsNullNPE' '(Ljava/lang/String;)V' in 'kotlin/jvm/internal/Intrinsics')}
  0x000000010f03d7c0: 08c1 9fd2 | 688d a4f2 | 2800 c0f2 | e807 00f9 | 0800 8092 | e803 00f9 

  0x000000010f03d7d8: ; ImmutableOopMap {[208]=Oop [216]=Oop [224]=Oop [232]=Oop [176]=Oop [256]=Oop }
                      ;*synchronization entry
                      ; - kotlin.jvm.internal.Intrinsics::throwParameterIsNullNPE@-1 (line 140)
                      ; - kotlin.jvm.internal.Intrinsics::checkNotNullParameter@5 (line 131)
                      ; - kotlin.ResultKt::createFailure@3
                      ; - kotlinx.coroutines.DispatchedTask::run@273 (line 98)
                      ;   {runtime_call counter_overflow Runtime1 stub}
  0x000000010f03d7d8: aa90 c195 | edf8 ff17 

  0x000000010f03d7e0: ; ImmutableOopMap {[208]=Oop [216]=Oop [224]=Oop [232]=Oop [176]=Oop [256]=Oop }
                      ;*new {reexecute=0 rethrow=0 return_oop=0}
                      ; - kotlin.jvm.internal.Intrinsics::throwParameterIsNullNPE@0 (line 140)
                      ; - kotlin.jvm.internal.Intrinsics::checkNotNullParameter@5 (line 131)
                      ; - kotlin.ResultKt::createFailure@3
                      ; - kotlinx.coroutines.DispatchedTask::run@273 (line 98)
                      ;   {runtime_call fast_new_instance Runtime1 stub}
  0x000000010f03d7e0: 2880 c195 | faf8 ff17 

  0x000000010f03d7e8: ;   {metadata({method} {0x00000001246bddf0} 'sanitizeStackTrace' '(Ljava/lang/Throwable;)Ljava/lang/Throwable;' in 'kotlin/jvm/internal/Intrinsics')}
  0x000000010f03d7e8: 08be 9bd2 | 688d a4f2 | 2800 c0f2 | e807 00f9 | 0800 8092 | e803 00f9 

  0x000000010f03d800: ; ImmutableOopMap {[208]=Oop [216]=Oop [224]=Oop [232]=Oop [176]=Oop [256]=Oop [272]=Oop }
                      ;*synchronization entry
                      ; - kotlin.jvm.internal.Intrinsics::sanitizeStackTrace@-1 (line 253)
                      ; - kotlin.jvm.internal.Intrinsics::throwParameterIsNullNPE@11 (line 140)
                      ; - kotlin.jvm.internal.Intrinsics::checkNotNullParameter@5 (line 131)
                      ; - kotlin.ResultKt::createFailure@3
                      ; - kotlinx.coroutines.DispatchedTask::run@273 (line 98)
                      ;   {runtime_call counter_overflow Runtime1 stub}
  0x000000010f03d800: a090 c195 | 16f9 ff17 

  0x000000010f03d808: ;   {metadata({method} {0x00000088004467f8} 'getName' '()Ljava/lang/String;' in 'java/lang/Class')}
  0x000000010f03d808: 08ff 8cd2 | 8808 a0f2 | 0811 c0f2 | e807 00f9 | 0800 8092 | e803 00f9 

  0x000000010f03d820: ; ImmutableOopMap {[208]=Oop [216]=Oop [224]=Oop [232]=Oop [176]=Oop [256]=Oop [272]=Oop c_rarg1=Oop }
                      ;*synchronization entry
                      ; - java.lang.Class::getName@-1 (line 862)
                      ; - kotlin.jvm.internal.Intrinsics::sanitizeStackTrace@3 (line 253)
                      ; - kotlin.jvm.internal.Intrinsics::throwParameterIsNullNPE@11 (line 140)
                      ; - kotlin.jvm.internal.Intrinsics::checkNotNullParameter@5 (line 131)
                      ; - kotlin.ResultKt::createFailure@3
                      ; - kotlinx.coroutines.DispatchedTask::run@273 (line 98)
                      ;   {runtime_call counter_overflow Runtime1 stub}
  0x000000010f03d820: 9890 c195 | 21f9 ff17 

  0x000000010f03d828: ; ImmutableOopMap {[208]=Oop [216]=Oop [224]=Oop [232]=Oop [176]=Oop [256]=Oop [272]=Oop }
                      ;*getfield name {reexecute=1 rethrow=0 return_oop=0}
                      ; - (reexecute) java.lang.Class::getName@1 (line 862)
                      ; - kotlin.jvm.internal.Intrinsics::sanitizeStackTrace@3 (line 253)
                      ; - kotlin.jvm.internal.Intrinsics::throwParameterIsNullNPE@11 (line 140)
                      ; - kotlin.jvm.internal.Intrinsics::checkNotNullParameter@5 (line 131)
                      ; - kotlin.ResultKt::createFailure@3
                      ; - kotlinx.coroutines.DispatchedTask::run@273 (line 98)
                      ;   {runtime_call throw_null_pointer_exception Runtime1 stub}
  0x000000010f03d828: 167d c195 

  0x000000010f03d82c: ; ImmutableOopMap {[208]=Oop [216]=Oop [224]=Oop [232]=Oop [176]=Oop c_rarg2=Oop [256]=Oop }
                      ;*new {reexecute=0 rethrow=0 return_oop=0}
                      ; - kotlin.ResultKt::createFailure@6 (line 122)
                      ; - kotlinx.coroutines.DispatchedTask::run@273 (line 98)
                      ;   {runtime_call fast_new_instance Runtime1 stub}
  0x000000010f03d82c: 1580 c195 | 51f9 ff17 

  0x000000010f03d834: ;   {metadata({method} {0x00000001248b0d90} '<init>' '(Ljava/lang/Throwable;)V' in 'kotlin/Result$Failure')}
  0x000000010f03d834: 08b2 81d2 | 6891 a4f2 | 2800 c0f2 | e807 00f9 | 0800 8092 | e803 00f9 

  0x000000010f03d84c: ; ImmutableOopMap {[208]=Oop [216]=Oop [224]=Oop [232]=Oop [176]=Oop c_rarg2=Oop [256]=Oop c_rarg0=Oop [288]=Oop }
                      ;*synchronization entry
                      ; - kotlin.Result$Failure::<init>@-1
                      ; - kotlin.ResultKt::createFailure@11 (line 122)
                      ; - kotlinx.coroutines.DispatchedTask::run@273 (line 98)
                      ;   {runtime_call counter_overflow Runtime1 stub}
  0x000000010f03d84c: 8d90 c195 | 5af9 ff17 

  0x000000010f03d854: ;   {metadata({method} {0x00000001246bfc98} 'checkNotNullParameter' '(Ljava/lang/Object;Ljava/lang/String;)V' in 'kotlin/jvm/internal/Intrinsics')}
  0x000000010f03d854: 0893 9fd2 | 688d a4f2 | 2800 c0f2 | e807 00f9 | 0800 8092 | e803 00f9 

  0x000000010f03d86c: ; ImmutableOopMap {[208]=Oop [216]=Oop [224]=Oop [232]=Oop [176]=Oop c_rarg2=Oop [256]=Oop c_rarg0=Oop [288]=Oop }
                      ;*synchronization entry
                      ; - kotlin.jvm.internal.Intrinsics::checkNotNullParameter@-1 (line 130)
                      ; - kotlin.Result$Failure::<init>@3
                      ; - kotlin.ResultKt::createFailure@11 (line 122)
                      ; - kotlinx.coroutines.DispatchedTask::run@273 (line 98)
                      ;   {runtime_call counter_overflow Runtime1 stub}
  0x000000010f03d86c: 8590 c195 | 61f9 ff17 

  0x000000010f03d874: ;   {metadata({method} {0x00000001246bfe08} 'throwParameterIsNullNPE' '(Ljava/lang/String;)V' in 'kotlin/jvm/internal/Intrinsics')}
  0x000000010f03d874: 08c1 9fd2 | 688d a4f2 | 2800 c0f2 | e807 00f9 | 0800 8092 | e803 00f9 

  0x000000010f03d88c: ; ImmutableOopMap {[208]=Oop [216]=Oop [224]=Oop [232]=Oop [176]=Oop [288]=Oop [256]=Oop }
                      ;*synchronization entry
                      ; - kotlin.jvm.internal.Intrinsics::throwParameterIsNullNPE@-1 (line 140)
                      ; - kotlin.jvm.internal.Intrinsics::checkNotNullParameter@5 (line 131)
                      ; - kotlin.Result$Failure::<init>@3
                      ; - kotlin.ResultKt::createFailure@11 (line 122)
                      ; - kotlinx.coroutines.DispatchedTask::run@273 (line 98)
                      ;   {runtime_call counter_overflow Runtime1 stub}
  0x000000010f03d88c: 7d90 c195 | 74f9 ff17 

  0x000000010f03d894: ; ImmutableOopMap {[208]=Oop [216]=Oop [224]=Oop [232]=Oop [176]=Oop [256]=Oop [288]=Oop }
                      ;*new {reexecute=0 rethrow=0 return_oop=0}
                      ; - kotlin.jvm.internal.Intrinsics::throwParameterIsNullNPE@0 (line 140)
                      ; - kotlin.jvm.internal.Intrinsics::checkNotNullParameter@5 (line 131)
                      ; - kotlin.Result$Failure::<init>@3
                      ; - kotlin.ResultKt::createFailure@11 (line 122)
                      ; - kotlinx.coroutines.DispatchedTask::run@273 (line 98)
                      ;   {runtime_call fast_new_instance Runtime1 stub}
  0x000000010f03d894: fb7f c195 | 81f9 ff17 

  0x000000010f03d89c: ;   {metadata({method} {0x00000001246bddf0} 'sanitizeStackTrace' '(Ljava/lang/Throwable;)Ljava/lang/Throwable;' in 'kotlin/jvm/internal/Intrinsics')}
  0x000000010f03d89c: 08be 9bd2 | 688d a4f2 | 2800 c0f2 | e807 00f9 | 0800 8092 | e803 00f9 

  0x000000010f03d8b4: ; ImmutableOopMap {[208]=Oop [216]=Oop [224]=Oop [232]=Oop [176]=Oop [288]=Oop [256]=Oop [280]=Oop }
                      ;*synchronization entry
                      ; - kotlin.jvm.internal.Intrinsics::sanitizeStackTrace@-1 (line 253)
                      ; - kotlin.jvm.internal.Intrinsics::throwParameterIsNullNPE@11 (line 140)
                      ; - kotlin.jvm.internal.Intrinsics::checkNotNullParameter@5 (line 131)
                      ; - kotlin.Result$Failure::<init>@3
                      ; - kotlin.ResultKt::createFailure@11 (line 122)
                      ; - kotlinx.coroutines.DispatchedTask::run@273 (line 98)
                      ;   {runtime_call counter_overflow Runtime1 stub}
  0x000000010f03d8b4: 7390 c195 | 9df9 ff17 

  0x000000010f03d8bc: ;   {metadata({method} {0x00000088004467f8} 'getName' '()Ljava/lang/String;' in 'java/lang/Class')}
  0x000000010f03d8bc: 08ff 8cd2 | 8808 a0f2 | 0811 c0f2 | e807 00f9 | 0800 8092 | e803 00f9 

  0x000000010f03d8d4: ; ImmutableOopMap {[208]=Oop [216]=Oop [224]=Oop [232]=Oop [176]=Oop [288]=Oop [256]=Oop [280]=Oop c_rarg1=Oop }
                      ;*synchronization entry
                      ; - java.lang.Class::getName@-1 (line 862)
                      ; - kotlin.jvm.internal.Intrinsics::sanitizeStackTrace@3 (line 253)
                      ; - kotlin.jvm.internal.Intrinsics::throwParameterIsNullNPE@11 (line 140)
                      ; - kotlin.jvm.internal.Intrinsics::checkNotNullParameter@5 (line 131)
                      ; - kotlin.Result$Failure::<init>@3
                      ; - kotlin.ResultKt::createFailure@11 (line 122)
                      ; - kotlinx.coroutines.DispatchedTask::run@273 (line 98)
                      ;   {runtime_call counter_overflow Runtime1 stub}
  0x000000010f03d8d4: 6b90 c195 | a8f9 ff17 

  0x000000010f03d8dc: ; ImmutableOopMap {[208]=Oop [216]=Oop [224]=Oop [232]=Oop [176]=Oop [288]=Oop [256]=Oop [280]=Oop }
                      ;*getfield name {reexecute=1 rethrow=0 return_oop=0}
                      ; - (reexecute) java.lang.Class::getName@1 (line 862)
                      ; - kotlin.jvm.internal.Intrinsics::sanitizeStackTrace@3 (line 253)
                      ; - kotlin.jvm.internal.Intrinsics::throwParameterIsNullNPE@11 (line 140)
                      ; - kotlin.jvm.internal.Intrinsics::checkNotNullParameter@5 (line 131)
                      ; - kotlin.Result$Failure::<init>@3
                      ; - kotlin.ResultKt::createFailure@11 (line 122)
                      ; - kotlinx.coroutines.DispatchedTask::run@273 (line 98)
                      ;   {runtime_call throw_null_pointer_exception Runtime1 stub}
  0x000000010f03d8dc: e97c c195 

  0x000000010f03d8e0: ;   {metadata({method} {0x0000008800449ec0} '<init>' '()V' in 'java/lang/Object')}
  0x000000010f03d8e0: 08d8 93d2 | 8808 a0f2 | 0811 c0f2 | e807 00f9 | 0800 8092 | e803 00f9 

  0x000000010f03d8f8: ; ImmutableOopMap {[208]=Oop [216]=Oop [224]=Oop [232]=Oop [176]=Oop c_rarg3=Oop [256]=Oop c_rarg0=Oop [288]=Oop }
                      ;*synchronization entry
                      ; - java.lang.Object::<init>@-1 (line 44)
                      ; - kotlin.Result$Failure::<init>@7 (line 105)
                      ; - kotlin.ResultKt::createFailure@11 (line 122)
                      ; - kotlinx.coroutines.DispatchedTask::run@273 (line 98)
                      ;   {runtime_call counter_overflow Runtime1 stub}
  0x000000010f03d8f8: 6290 c195 | d4f9 ff17 | 020c 40b9 | 4200 00b4 | 620f 028b | 623a ffb4 | e203 00f9 

  0x000000010f03d914: ;   {runtime_call g1_pre_barrier_slow}
  0x000000010f03d914: db91 c195 | d0f9 ff17 | e33a ffb4 | e003 00f9 

  0x000000010f03d924: ;   {runtime_call g1_post_barrier_slow}
  0x000000010f03d924: 9792 c195 | d4f9 ff17 

  0x000000010f03d92c: ;   {metadata({method} {0x00000001248ad000} 'constructor-impl' '(Ljava/lang/Object;)Ljava/lang/Object;' in 'kotlin/Result')}
  0x000000010f03d92c: 0800 9ad2 | 4891 a4f2 | 2800 c0f2 | e807 00f9 | 0800 8092 | e803 00f9 

  0x000000010f03d944: ; ImmutableOopMap {[208]=Oop [216]=Oop [224]=Oop [232]=Oop [176]=Oop c_rarg0=Oop [288]=Oop }
                      ;*synchronization entry
                      ; - kotlin.Result::constructor-impl@-1
                      ; - kotlinx.coroutines.DispatchedTask::run@276 (line 98)
                      ;   {runtime_call counter_overflow Runtime1 stub}
  0x000000010f03d944: 4f90 c195 | dcf9 ff17 

  0x000000010f03d94c: ;   {metadata({method} {0x00000001248ad000} 'constructor-impl' '(Ljava/lang/Object;)Ljava/lang/Object;' in 'kotlin/Result')}
  0x000000010f03d94c: 0800 9ad2 | 4891 a4f2 | 2800 c0f2 | e807 00f9 | 0800 8092 | e803 00f9 

  0x000000010f03d964: ; ImmutableOopMap {[216]=Oop [224]=Oop [232]=Oop [176]=Oop [208]=Oop c_rarg0=Oop }
                      ;*synchronization entry
                      ; - kotlin.Result::constructor-impl@-1
                      ; - kotlinx.coroutines.DispatchedTask::run@298 (line 100)
                      ;   {runtime_call counter_overflow Runtime1 stub}
  0x000000010f03d964: 4790 c195 | 48fa ff17 

  0x000000010f03d96c: ; ImmutableOopMap {[216]=Oop [224]=Oop [232]=Oop [176]=Oop [248]=Oop c_rarg2=Oop [208]=Oop }
                      ;*invokeinterface getCancellationException {reexecute=0 rethrow=0 return_oop=0}
                      ; - kotlinx.coroutines.DispatchedTask::run@178 (line 93)
                      ;   {runtime_call throw_incompatible_class_change_error Runtime1 stub}
  0x000000010f03d96c: 4587 c195 

  0x000000010f03d970: ;   {metadata({method} {0x0000000124886930} 'getRECOVER_STACK_TRACES' '()Z' in 'kotlinx/coroutines/DebugKt')}
  0x000000010f03d970: 0826 8dd2 | 0891 a4f2 | 2800 c0f2 | e807 00f9 | 0800 8092 | e803 00f9 

  0x000000010f03d988: ; ImmutableOopMap {[216]=Oop [224]=Oop [232]=Oop [176]=Oop [208]=Oop [296]=Oop }
                      ;*synchronization entry
                      ; - kotlinx.coroutines.DebugKt::getRECOVER_STACK_TRACES@-1 (line 77)
                      ; - kotlinx.coroutines.DispatchedTask::run@211 (line 233)
                      ;   {runtime_call counter_overflow Runtime1 stub}
  0x000000010f03d988: 3e90 c195 | e6fa ff17 

  0x000000010f03d990: ;   {metadata({method} {0x00000001248c09c0} 'createFailure' '(Ljava/lang/Throwable;)Ljava/lang/Object;' in 'kotlin/ResultKt')}
  0x000000010f03d990: 0838 81d2 | 8891 a4f2 | 2800 c0f2 | e807 00f9 | 0800 8092 | e803 00f9 

  0x000000010f03d9a8: ; ImmutableOopMap {[216]=Oop [224]=Oop [232]=Oop [176]=Oop [208]=Oop c_rarg0=Oop [296]=Oop }
                      ;*synchronization entry
                      ; - kotlin.ResultKt::createFailure@-1
                      ; - kotlinx.coroutines.DispatchedTask::run@246 (line 232)
                      ;   {runtime_call counter_overflow Runtime1 stub}
  0x000000010f03d9a8: 3690 c195 | fafa ff17 

  0x000000010f03d9b0: ;   {metadata({method} {0x00000001246bfc98} 'checkNotNullParameter' '(Ljava/lang/Object;Ljava/lang/String;)V' in 'kotlin/jvm/internal/Intrinsics')}
  0x000000010f03d9b0: 0893 9fd2 | 688d a4f2 | 2800 c0f2 | e807 00f9 | 0800 8092 | e803 00f9 

  0x000000010f03d9c8: ; ImmutableOopMap {[216]=Oop [224]=Oop [232]=Oop [176]=Oop [208]=Oop c_rarg0=Oop [296]=Oop }
                      ;*synchronization entry
                      ; - kotlin.jvm.internal.Intrinsics::checkNotNullParameter@-1 (line 130)
                      ; - kotlin.ResultKt::createFailure@3
                      ; - kotlinx.coroutines.DispatchedTask::run@246 (line 232)
                      ;   {runtime_call counter_overflow Runtime1 stub}
  0x000000010f03d9c8: 2e90 c195 | 01fb ff17 

  0x000000010f03d9d0: ;   {metadata({method} {0x00000001246bfe08} 'throwParameterIsNullNPE' '(Ljava/lang/String;)V' in 'kotlin/jvm/internal/Intrinsics')}
  0x000000010f03d9d0: 08c1 9fd2 | 688d a4f2 | 2800 c0f2 | e807 00f9 | 0800 8092 | e803 00f9 

  0x000000010f03d9e8: ; ImmutableOopMap {[216]=Oop [224]=Oop [232]=Oop [176]=Oop [208]=Oop [296]=Oop }
                      ;*synchronization entry
                      ; - kotlin.jvm.internal.Intrinsics::throwParameterIsNullNPE@-1 (line 140)
                      ; - kotlin.jvm.internal.Intrinsics::checkNotNullParameter@5 (line 131)
                      ; - kotlin.ResultKt::createFailure@3
                      ; - kotlinx.coroutines.DispatchedTask::run@246 (line 232)
                      ;   {runtime_call counter_overflow Runtime1 stub}
  0x000000010f03d9e8: 2690 c195 | 14fb ff17 

  0x000000010f03d9f0: ; ImmutableOopMap {[216]=Oop [224]=Oop [232]=Oop [176]=Oop [208]=Oop [296]=Oop }
                      ;*new {reexecute=0 rethrow=0 return_oop=0}
                      ; - kotlin.jvm.internal.Intrinsics::throwParameterIsNullNPE@0 (line 140)
                      ; - kotlin.jvm.internal.Intrinsics::checkNotNullParameter@5 (line 131)
                      ; - kotlin.ResultKt::createFailure@3
                      ; - kotlinx.coroutines.DispatchedTask::run@246 (line 232)
                      ;   {runtime_call fast_new_instance Runtime1 stub}
  0x000000010f03d9f0: a47f c195 | 21fb ff17 

  0x000000010f03d9f8: ;   {metadata({method} {0x00000001246bddf0} 'sanitizeStackTrace' '(Ljava/lang/Throwable;)Ljava/lang/Throwable;' in 'kotlin/jvm/internal/Intrinsics')}
  0x000000010f03d9f8: 08be 9bd2 | 688d a4f2 | 2800 c0f2 | e807 00f9 | 0800 8092 | e803 00f9 

  0x000000010f03da10: ; ImmutableOopMap {[216]=Oop [224]=Oop [232]=Oop [176]=Oop [208]=Oop [296]=Oop [304]=Oop }
                      ;*synchronization entry
                      ; - kotlin.jvm.internal.Intrinsics::sanitizeStackTrace@-1 (line 253)
                      ; - kotlin.jvm.internal.Intrinsics::throwParameterIsNullNPE@11 (line 140)
                      ; - kotlin.jvm.internal.Intrinsics::checkNotNullParameter@5 (line 131)
                      ; - kotlin.ResultKt::createFailure@3
                      ; - kotlinx.coroutines.DispatchedTask::run@246 (line 232)
                      ;   {runtime_call counter_overflow Runtime1 stub}
  0x000000010f03da10: 1c90 c195 | 3dfb ff17 

  0x000000010f03da18: ;   {metadata({method} {0x00000088004467f8} 'getName' '()Ljava/lang/String;' in 'java/lang/Class')}
  0x000000010f03da18: 08ff 8cd2 | 8808 a0f2 | 0811 c0f2 | e807 00f9 | 0800 8092 | e803 00f9 

  0x000000010f03da30: ; ImmutableOopMap {[216]=Oop [224]=Oop [232]=Oop [176]=Oop [208]=Oop [296]=Oop [304]=Oop c_rarg1=Oop }
                      ;*synchronization entry
                      ; - java.lang.Class::getName@-1 (line 862)
                      ; - kotlin.jvm.internal.Intrinsics::sanitizeStackTrace@3 (line 253)
                      ; - kotlin.jvm.internal.Intrinsics::throwParameterIsNullNPE@11 (line 140)
                      ; - kotlin.jvm.internal.Intrinsics::checkNotNullParameter@5 (line 131)
                      ; - kotlin.ResultKt::createFailure@3
                      ; - kotlinx.coroutines.DispatchedTask::run@246 (line 232)
                      ;   {runtime_call counter_overflow Runtime1 stub}
  0x000000010f03da30: 1490 c195 | 48fb ff17 

  0x000000010f03da38: ; ImmutableOopMap {[216]=Oop [224]=Oop [232]=Oop [176]=Oop [208]=Oop [296]=Oop [304]=Oop }
                      ;*getfield name {reexecute=1 rethrow=0 return_oop=0}
                      ; - (reexecute) java.lang.Class::getName@1 (line 862)
                      ; - kotlin.jvm.internal.Intrinsics::sanitizeStackTrace@3 (line 253)
                      ; - kotlin.jvm.internal.Intrinsics::throwParameterIsNullNPE@11 (line 140)
                      ; - kotlin.jvm.internal.Intrinsics::checkNotNullParameter@5 (line 131)
                      ; - kotlin.ResultKt::createFailure@3
                      ; - kotlinx.coroutines.DispatchedTask::run@246 (line 232)
                      ;   {runtime_call throw_null_pointer_exception Runtime1 stub}
  0x000000010f03da38: 927c c195 

  0x000000010f03da3c: ; ImmutableOopMap {[216]=Oop [224]=Oop [232]=Oop [176]=Oop [208]=Oop c_rarg2=Oop [296]=Oop }
                      ;*new {reexecute=0 rethrow=0 return_oop=0}
                      ; - kotlin.ResultKt::createFailure@6 (line 122)
                      ; - kotlinx.coroutines.DispatchedTask::run@246 (line 232)
                      ;   {runtime_call fast_new_instance Runtime1 stub}
  0x000000010f03da3c: 917f c195 | 78fb ff17 

  0x000000010f03da44: ;   {metadata({method} {0x00000001248b0d90} '<init>' '(Ljava/lang/Throwable;)V' in 'kotlin/Result$Failure')}
  0x000000010f03da44: 08b2 81d2 | 6891 a4f2 | 2800 c0f2 | e807 00f9 | 0800 8092 | e803 00f9 

  0x000000010f03da5c: ; ImmutableOopMap {[216]=Oop [224]=Oop [232]=Oop [176]=Oop [208]=Oop c_rarg2=Oop [296]=Oop c_rarg0=Oop [320]=Oop }
                      ;*synchronization entry
                      ; - kotlin.Result$Failure::<init>@-1
                      ; - kotlin.ResultKt::createFailure@11 (line 122)
                      ; - kotlinx.coroutines.DispatchedTask::run@246 (line 232)
                      ;   {runtime_call counter_overflow Runtime1 stub}
  0x000000010f03da5c: 0990 c195 | 81fb ff17 

  0x000000010f03da64: ;   {metadata({method} {0x00000001246bfc98} 'checkNotNullParameter' '(Ljava/lang/Object;Ljava/lang/String;)V' in 'kotlin/jvm/internal/Intrinsics')}
  0x000000010f03da64: 0893 9fd2 | 688d a4f2 | 2800 c0f2 | e807 00f9 | 0800 8092 | e803 00f9 

  0x000000010f03da7c: ; ImmutableOopMap {[216]=Oop [224]=Oop [232]=Oop [176]=Oop [208]=Oop c_rarg2=Oop [296]=Oop c_rarg0=Oop [320]=Oop }
                      ;*synchronization entry
                      ; - kotlin.jvm.internal.Intrinsics::checkNotNullParameter@-1 (line 130)
                      ; - kotlin.Result$Failure::<init>@3
                      ; - kotlin.ResultKt::createFailure@11 (line 122)
                      ; - kotlinx.coroutines.DispatchedTask::run@246 (line 232)
                      ;   {runtime_call counter_overflow Runtime1 stub}
  0x000000010f03da7c: 0190 c195 | 88fb ff17 

  0x000000010f03da84: ;   {metadata({method} {0x00000001246bfe08} 'throwParameterIsNullNPE' '(Ljava/lang/String;)V' in 'kotlin/jvm/internal/Intrinsics')}
  0x000000010f03da84: 08c1 9fd2 | 688d a4f2 | 2800 c0f2 | e807 00f9 | 0800 8092 | e803 00f9 

  0x000000010f03da9c: ; ImmutableOopMap {[216]=Oop [224]=Oop [232]=Oop [176]=Oop [208]=Oop [320]=Oop [296]=Oop }
                      ;*synchronization entry
                      ; - kotlin.jvm.internal.Intrinsics::throwParameterIsNullNPE@-1 (line 140)
                      ; - kotlin.jvm.internal.Intrinsics::checkNotNullParameter@5 (line 131)
                      ; - kotlin.Result$Failure::<init>@3
                      ; - kotlin.ResultKt::createFailure@11 (line 122)
                      ; - kotlinx.coroutines.DispatchedTask::run@246 (line 232)
                      ;   {runtime_call counter_overflow Runtime1 stub}
  0x000000010f03da9c: f98f c195 | 9bfb ff17 

  0x000000010f03daa4: ; ImmutableOopMap {[216]=Oop [224]=Oop [232]=Oop [176]=Oop [208]=Oop [296]=Oop [320]=Oop }
                      ;*new {reexecute=0 rethrow=0 return_oop=0}
                      ; - kotlin.jvm.internal.Intrinsics::throwParameterIsNullNPE@0 (line 140)
                      ; - kotlin.jvm.internal.Intrinsics::checkNotNullParameter@5 (line 131)
                      ; - kotlin.Result$Failure::<init>@3
                      ; - kotlin.ResultKt::createFailure@11 (line 122)
                      ; - kotlinx.coroutines.DispatchedTask::run@246 (line 232)
                      ;   {runtime_call fast_new_instance Runtime1 stub}
  0x000000010f03daa4: 777f c195 | a8fb ff17 

  0x000000010f03daac: ;   {metadata({method} {0x00000001246bddf0} 'sanitizeStackTrace' '(Ljava/lang/Throwable;)Ljava/lang/Throwable;' in 'kotlin/jvm/internal/Intrinsics')}
  0x000000010f03daac: 08be 9bd2 | 688d a4f2 | 2800 c0f2 | e807 00f9 | 0800 8092 | e803 00f9 

  0x000000010f03dac4: ; ImmutableOopMap {[216]=Oop [224]=Oop [232]=Oop [176]=Oop [208]=Oop [320]=Oop [312]=Oop [296]=Oop }
                      ;*synchronization entry
                      ; - kotlin.jvm.internal.Intrinsics::sanitizeStackTrace@-1 (line 253)
                      ; - kotlin.jvm.internal.Intrinsics::throwParameterIsNullNPE@11 (line 140)
                      ; - kotlin.jvm.internal.Intrinsics::checkNotNullParameter@5 (line 131)
                      ; - kotlin.Result$Failure::<init>@3
                      ; - kotlin.ResultKt::createFailure@11 (line 122)
                      ; - kotlinx.coroutines.DispatchedTask::run@246 (line 232)
                      ;   {runtime_call counter_overflow Runtime1 stub}
  0x000000010f03dac4: ef8f c195 | c4fb ff17 

  0x000000010f03dacc: ;   {metadata({method} {0x00000088004467f8} 'getName' '()Ljava/lang/String;' in 'java/lang/Class')}
  0x000000010f03dacc: 08ff 8cd2 | 8808 a0f2 | 0811 c0f2 | e807 00f9 | 0800 8092 | e803 00f9 

  0x000000010f03dae4: ; ImmutableOopMap {[216]=Oop [224]=Oop [232]=Oop [176]=Oop [208]=Oop [320]=Oop [312]=Oop [296]=Oop c_rarg1=Oop }
                      ;*synchronization entry
                      ; - java.lang.Class::getName@-1 (line 862)
                      ; - kotlin.jvm.internal.Intrinsics::sanitizeStackTrace@3 (line 253)
                      ; - kotlin.jvm.internal.Intrinsics::throwParameterIsNullNPE@11 (line 140)
                      ; - kotlin.jvm.internal.Intrinsics::checkNotNullParameter@5 (line 131)
                      ; - kotlin.Result$Failure::<init>@3
                      ; - kotlin.ResultKt::createFailure@11 (line 122)
                      ; - kotlinx.coroutines.DispatchedTask::run@246 (line 232)
                      ;   {runtime_call counter_overflow Runtime1 stub}
  0x000000010f03dae4: e78f c195 | cffb ff17 

  0x000000010f03daec: ; ImmutableOopMap {[216]=Oop [224]=Oop [232]=Oop [176]=Oop [208]=Oop [320]=Oop [312]=Oop [296]=Oop }
                      ;*getfield name {reexecute=1 rethrow=0 return_oop=0}
                      ; - (reexecute) java.lang.Class::getName@1 (line 862)
                      ; - kotlin.jvm.internal.Intrinsics::sanitizeStackTrace@3 (line 253)
                      ; - kotlin.jvm.internal.Intrinsics::throwParameterIsNullNPE@11 (line 140)
                      ; - kotlin.jvm.internal.Intrinsics::checkNotNullParameter@5 (line 131)
                      ; - kotlin.Result$Failure::<init>@3
                      ; - kotlin.ResultKt::createFailure@11 (line 122)
                      ; - kotlinx.coroutines.DispatchedTask::run@246 (line 232)
                      ;   {runtime_call throw_null_pointer_exception Runtime1 stub}
  0x000000010f03daec: 657c c195 

  0x000000010f03daf0: ;   {metadata({method} {0x0000008800449ec0} '<init>' '()V' in 'java/lang/Object')}
  0x000000010f03daf0: 08d8 93d2 | 8808 a0f2 | 0811 c0f2 | e807 00f9 | 0800 8092 | e803 00f9 

  0x000000010f03db08: ; ImmutableOopMap {[216]=Oop [224]=Oop [232]=Oop [176]=Oop [208]=Oop c_rarg0=Oop [320]=Oop c_rarg3=Oop [296]=Oop }
                      ;*synchronization entry
                      ; - java.lang.Object::<init>@-1 (line 44)
                      ; - kotlin.Result$Failure::<init>@7 (line 105)
                      ; - kotlin.ResultKt::createFailure@11 (line 122)
                      ; - kotlinx.coroutines.DispatchedTask::run@246 (line 232)
                      ;   {runtime_call counter_overflow Runtime1 stub}
  0x000000010f03db08: de8f c195 | fbfb ff17 | 020c 40b9 | 4200 00b4 | 620f 028b | 427f ffb4 | e203 00f9 

  0x000000010f03db24: ;   {runtime_call g1_pre_barrier_slow}
  0x000000010f03db24: 5791 c195 | f7fb ff17 | c37f ffb4 | e003 00f9 

  0x000000010f03db34: ;   {runtime_call g1_post_barrier_slow}
  0x000000010f03db34: 1392 c195 | fbfb ff17 

  0x000000010f03db3c: ;   {metadata({method} {0x00000001248ad000} 'constructor-impl' '(Ljava/lang/Object;)Ljava/lang/Object;' in 'kotlin/Result')}
  0x000000010f03db3c: 0800 9ad2 | 4891 a4f2 | 2800 c0f2 | e807 00f9 | 0800 8092 | e803 00f9 

  0x000000010f03db54: ; ImmutableOopMap {[216]=Oop [224]=Oop [232]=Oop [176]=Oop [208]=Oop c_rarg0=Oop [320]=Oop }
                      ;*synchronization entry
                      ; - kotlin.Result::constructor-impl@-1
                      ; - kotlinx.coroutines.DispatchedTask::run@249 (line 232)
                      ;   {runtime_call counter_overflow Runtime1 stub}
  0x000000010f03db54: cb8f c195 | 03fc ff17 

  0x000000010f03db5c: ; ImmutableOopMap {[216]=Oop [224]=Oop [176]=Oop c_rarg0=Oop }
                      ;*invokevirtual clearThreadContext {reexecute=0 rethrow=0 return_oop=0}
                      ; - kotlinx.coroutines.DispatchedTask::run@319 (line 236)
                      ;   {runtime_call throw_null_pointer_exception Runtime1 stub}
  0x000000010f03db5c: 497c c195 

  0x000000010f03db60: ;   {internal_word}
  0x000000010f03db60: 088d ff10 | 88b3 01f9 

  0x000000010f03db68: ;   {runtime_call SafepointBlob}
  0x000000010f03db68: a6b2 be15 | e803 00aa 

  0x000000010f03db70: ; ImmutableOopMap {[208]=Oop [216]=Oop [224]=Oop [176]=Oop [232]=Oop [296]=Oop c_rarg1=Oop [320]=Oop }
                      ;*checkcast {reexecute=0 rethrow=0 return_oop=0}
                      ; - kotlin.jvm.internal.Intrinsics::throwParameterIsNullNPE@14 (line 140)
                      ; - kotlin.jvm.internal.Intrinsics::checkNotNullParameter@5 (line 131)
                      ; - kotlin.Result$Failure::<init>@3
                      ; - kotlin.ResultKt::createFailure@11 (line 122)
                      ; - kotlinx.coroutines.DispatchedTask::run@246 (line 232)
                      ;   {runtime_call throw_class_cast_exception Runtime1 stub}
  0x000000010f03db70: 0486 c195 

  0x000000010f03db74: ; ImmutableOopMap {[208]=Oop [216]=Oop [224]=Oop [176]=Oop [232]=Oop [296]=Oop c_rarg1=Oop [320]=Oop c_rarg0=Oop }
                      ;*athrow {reexecute=1 rethrow=0 return_oop=0}
                      ; - (reexecute) kotlin.jvm.internal.Intrinsics::throwParameterIsNullNPE@17 (line 140)
                      ; - kotlin.jvm.internal.Intrinsics::checkNotNullParameter@5 (line 131)
                      ; - kotlin.Result$Failure::<init>@3
                      ; - kotlin.ResultKt::createFailure@11 (line 122)
                      ; - kotlinx.coroutines.DispatchedTask::run@246 (line 232)
                      ;   {runtime_call throw_null_pointer_exception Runtime1 stub}
  0x000000010f03db74: 437c c195 | e803 00aa 

  0x000000010f03db7c: ; ImmutableOopMap {[216]=Oop [224]=Oop [176]=Oop [232]=Oop [208]=Oop c_rarg1=Oop [296]=Oop }
                      ;*checkcast {reexecute=0 rethrow=0 return_oop=0}
                      ; - kotlin.jvm.internal.Intrinsics::throwParameterIsNullNPE@14 (line 140)
                      ; - kotlin.jvm.internal.Intrinsics::checkNotNullParameter@5 (line 131)
                      ; - kotlin.ResultKt::createFailure@3
                      ; - kotlinx.coroutines.DispatchedTask::run@246 (line 232)
                      ;   {runtime_call throw_class_cast_exception Runtime1 stub}
  0x000000010f03db7c: 0186 c195 

  0x000000010f03db80: ; ImmutableOopMap {[216]=Oop [224]=Oop [176]=Oop [232]=Oop [208]=Oop c_rarg1=Oop [296]=Oop c_rarg0=Oop }
                      ;*athrow {reexecute=1 rethrow=0 return_oop=0}
                      ; - (reexecute) kotlin.jvm.internal.Intrinsics::throwParameterIsNullNPE@17 (line 140)
                      ; - kotlin.jvm.internal.Intrinsics::checkNotNullParameter@5 (line 131)
                      ; - kotlin.ResultKt::createFailure@3
                      ; - kotlinx.coroutines.DispatchedTask::run@246 (line 232)
                      ;   {runtime_call throw_null_pointer_exception Runtime1 stub}
  0x000000010f03db80: 407c c195 | e803 00aa 

  0x000000010f03db88: ; ImmutableOopMap {[216]=Oop [224]=Oop [176]=Oop [232]=Oop [208]=Oop [256]=Oop c_rarg1=Oop [288]=Oop }
                      ;*checkcast {reexecute=0 rethrow=0 return_oop=0}
                      ; - kotlin.jvm.internal.Intrinsics::throwParameterIsNullNPE@14 (line 140)
                      ; - kotlin.jvm.internal.Intrinsics::checkNotNullParameter@5 (line 131)
                      ; - kotlin.Result$Failure::<init>@3
                      ; - kotlin.ResultKt::createFailure@11 (line 122)
                      ; - kotlinx.coroutines.DispatchedTask::run@273 (line 98)
                      ;   {runtime_call throw_class_cast_exception Runtime1 stub}
  0x000000010f03db88: fe85 c195 

  0x000000010f03db8c: ; ImmutableOopMap {[216]=Oop [224]=Oop [176]=Oop [232]=Oop [208]=Oop [256]=Oop c_rarg1=Oop [288]=Oop c_rarg0=Oop }
                      ;*athrow {reexecute=1 rethrow=0 return_oop=0}
                      ; - (reexecute) kotlin.jvm.internal.Intrinsics::throwParameterIsNullNPE@17 (line 140)
                      ; - kotlin.jvm.internal.Intrinsics::checkNotNullParameter@5 (line 131)
                      ; - kotlin.Result$Failure::<init>@3
                      ; - kotlin.ResultKt::createFailure@11 (line 122)
                      ; - kotlinx.coroutines.DispatchedTask::run@273 (line 98)
                      ;   {runtime_call throw_null_pointer_exception Runtime1 stub}
  0x000000010f03db8c: 3d7c c195 | e803 00aa 

  0x000000010f03db94: ; ImmutableOopMap {[216]=Oop [224]=Oop [176]=Oop [232]=Oop c_rarg1=Oop [256]=Oop c_rarg2=Oop }
                      ;*checkcast {reexecute=0 rethrow=0 return_oop=0}
                      ; - kotlin.jvm.internal.Intrinsics::throwParameterIsNullNPE@14 (line 140)
                      ; - kotlin.jvm.internal.Intrinsics::checkNotNullParameter@5 (line 131)
                      ; - kotlin.ResultKt::createFailure@3
                      ; - kotlinx.coroutines.DispatchedTask::run@273 (line 98)
                      ;   {runtime_call throw_class_cast_exception Runtime1 stub}
  0x000000010f03db94: fb85 c195 

  0x000000010f03db98: ; ImmutableOopMap {[216]=Oop [224]=Oop [176]=Oop [232]=Oop c_rarg1=Oop [256]=Oop c_rarg2=Oop c_rarg0=Oop }
                      ;*athrow {reexecute=1 rethrow=0 return_oop=0}
                      ; - (reexecute) kotlin.jvm.internal.Intrinsics::throwParameterIsNullNPE@17 (line 140)
                      ; - kotlin.jvm.internal.Intrinsics::checkNotNullParameter@5 (line 131)
                      ; - kotlin.ResultKt::createFailure@3
                      ; - kotlinx.coroutines.DispatchedTask::run@273 (line 98)
                      ;   {runtime_call throw_null_pointer_exception Runtime1 stub}
  0x000000010f03db98: 3a7c c195 

  0x000000010f03db9c: ; ImmutableOopMap {[216]=Oop [224]=Oop [176]=Oop [328]=Oop c_rarg1=Oop }
                      ;*invokevirtual clearThreadContext {reexecute=0 rethrow=0 return_oop=0}
                      ; - kotlinx.coroutines.DispatchedTask::run@344 (line 236)
                      ;   {runtime_call throw_null_pointer_exception Runtime1 stub}
  0x000000010f03db9c: 397c c195 | e803 00aa 

  0x000000010f03dba4: ; ImmutableOopMap {[176]=Oop c_rarg2=Oop [184]=Oop }
                      ;*checkcast {reexecute=0 rethrow=0 return_oop=0}
                      ; - kotlin.jvm.internal.Intrinsics::throwJavaNpe@11 (line 50)
                      ; - kotlin.jvm.internal.Intrinsics::checkNotNull@5 (line 31)
                      ; - kotlinx.coroutines.DispatchedTask::run@40 (line 80)
                      ;   {runtime_call throw_class_cast_exception Runtime1 stub}
  0x000000010f03dba4: f785 c195 

  0x000000010f03dba8: ; ImmutableOopMap {[176]=Oop c_rarg2=Oop [184]=Oop c_rarg0=Oop }
                      ;*athrow {reexecute=1 rethrow=0 return_oop=0}
                      ; - (reexecute) kotlin.jvm.internal.Intrinsics::throwJavaNpe@14 (line 50)
                      ; - kotlin.jvm.internal.Intrinsics::checkNotNull@5 (line 31)
                      ; - kotlinx.coroutines.DispatchedTask::run@40 (line 80)
                      ;   {runtime_call throw_null_pointer_exception Runtime1 stub}
  0x000000010f03dba8: 367c c195 

  0x000000010f03dbac: ;   {internal_word}
  0x000000010f03dbac: 48c2 ff10 | 88b3 01f9 

  0x000000010f03dbb4: ;   {runtime_call SafepointBlob}
  0x000000010f03dbb4: 93b2 be15 

  0x000000010f03dbb8: ; ImmutableOopMap {[336]=Oop c_rarg0=Oop }
                      ;*invokeinterface getContext {reexecute=0 rethrow=0 return_oop=0}
                      ; - kotlinx.coroutines.DispatchedTask::run@365 (line 105)
                      ;   {runtime_call throw_null_pointer_exception Runtime1 stub}
  0x000000010f03dbb8: 327c c195 

  0x000000010f03dbbc: ;   {internal_word}
  0x000000010f03dbbc: 48d5 ff10 | 88b3 01f9 

  0x000000010f03dbc4: ;   {runtime_call SafepointBlob}
  0x000000010f03dbc4: 8fb2 be15 | 1f20 03d5 | 1f20 03d5 | 80ef 41f9 | 9fef 01f9 | 9ff3 01f9 | fd7b 57a9 | ff03 0691 
  0x000000010f03dbe4: ;   {runtime_call unwind_exception Runtime1 stub}
  0x000000010f03dbe4: 8743 bf15 | 0000 0000 | 0000 0000 | 0000 0000 | 0000 0000 | 0000 0000 | 0000 0000 
[Stub Code]
  0x000000010f03dc00: ;   {no_reloc}
  0x000000010f03dc00: df3f 03d5 

  0x000000010f03dc04: ;   {metadata(NULL)}
  0x000000010f03dc04: 0c00 80d2 | 0c00 a0f2 | 0c00 c0f2 | 0800 80d2 | 0800 a0f2 | 0800 c0f2 | 0001 1fd6 

  0x000000010f03dc20: ;   {trampoline_stub}
  0x000000010f03dc20: 4800 0058 | 0001 1fd6 | c0f3 1716 | 0100 0000 

  0x000000010f03dc30: ;   {static_stub}
  0x000000010f03dc30: df3f 03d5 

  0x000000010f03dc34: ;   {metadata(NULL)}
  0x000000010f03dc34: 0c00 80d2 | 0c00 a0f2 | 0c00 c0f2 | 0800 80d2 | 0800 a0f2 | 0800 c0f2 | 0001 1fd6 

  0x000000010f03dc50: ;   {trampoline_stub}
  0x000000010f03dc50: 4800 0058 | 0001 1fd6 | 0043 fe15 | 0100 0000 

  0x000000010f03dc60: ;   {static_stub}
  0x000000010f03dc60: df3f 03d5 

  0x000000010f03dc64: ;   {metadata(NULL)}
  0x000000010f03dc64: 0c00 80d2 | 0c00 a0f2 | 0c00 c0f2 | 0800 80d2 | 0800 a0f2 | 0800 c0f2 | 0001 1fd6 

  0x000000010f03dc80: ;   {trampoline_stub}
  0x000000010f03dc80: 4800 0058 | 0001 1fd6 | 0043 fe15 | 0100 0000 

  0x000000010f03dc90: ;   {static_stub}
  0x000000010f03dc90: df3f 03d5 

  0x000000010f03dc94: ;   {metadata(NULL)}
  0x000000010f03dc94: 0c00 80d2 | 0c00 a0f2 | 0c00 c0f2 | 0800 80d2 | 0800 a0f2 | 0800 c0f2 | 0001 1fd6 

  0x000000010f03dcb0: ;   {trampoline_stub}
  0x000000010f03dcb0: 4800 0058 | 0001 1fd6 | 0063 0b16 | 0100 0000 

  0x000000010f03dcc0: ;   {static_stub}
  0x000000010f03dcc0: df3f 03d5 

  0x000000010f03dcc4: ;   {metadata(NULL)}
  0x000000010f03dcc4: 0c00 80d2 | 0c00 a0f2 | 0c00 c0f2 | 0800 80d2 | 0800 a0f2 | 0800 c0f2 | 0001 1fd6 

  0x000000010f03dce0: ;   {trampoline_stub}
  0x000000010f03dce0: 4800 0058 | 0001 1fd6 | 0051 030f | 0100 0000 

  0x000000010f03dcf0: ;   {static_stub}
  0x000000010f03dcf0: df3f 03d5 

  0x000000010f03dcf4: ;   {metadata(NULL)}
  0x000000010f03dcf4: 0c00 80d2 | 0c00 a0f2 | 0c00 c0f2 | 0800 80d2 | 0800 a0f2 | 0800 c0f2 | 0001 1fd6 

  0x000000010f03dd10: ;   {trampoline_stub}
  0x000000010f03dd10: 4800 0058 | 0001 1fd6 | 0049 fe15 | 0100 0000 

  0x000000010f03dd20: ;   {static_stub}
  0x000000010f03dd20: df3f 03d5 

  0x000000010f03dd24: ;   {metadata(NULL)}
  0x000000010f03dd24: 0c00 80d2 | 0c00 a0f2 | 0c00 c0f2 | 0800 80d2 | 0800 a0f2 | 0800 c0f2 | 0001 1fd6 

  0x000000010f03dd40: ;   {trampoline_stub}
  0x000000010f03dd40: 4800 0058 | 0001 1fd6 | 0063 0b16 | 0100 0000 

  0x000000010f03dd50: ;   {static_stub}
  0x000000010f03dd50: df3f 03d5 

  0x000000010f03dd54: ;   {metadata(NULL)}
  0x000000010f03dd54: 0c00 80d2 | 0c00 a0f2 | 0c00 c0f2 | 0800 80d2 | 0800 a0f2 | 0800 c0f2 | 0001 1fd6 

  0x000000010f03dd70: ;   {trampoline_stub}
  0x000000010f03dd70: 4800 0058 | 0001 1fd6 | 8869 0b16 | 0100 0000 

  0x000000010f03dd80: ;   {static_stub}
  0x000000010f03dd80: df3f 03d5 

  0x000000010f03dd84: ;   {metadata(NULL)}
  0x000000010f03dd84: 0c00 80d2 | 0c00 a0f2 | 0c00 c0f2 | 0800 80d2 | 0800 a0f2 | 0800 c0f2 | 0001 1fd6 

  0x000000010f03dda0: ;   {trampoline_stub}
  0x000000010f03dda0: 4800 0058 | 0001 1fd6 | d869 0b16 | 0100 0000 

  0x000000010f03ddb0: ;   {static_stub}
  0x000000010f03ddb0: df3f 03d5 

  0x000000010f03ddb4: ;   {metadata(NULL)}
  0x000000010f03ddb4: 0c00 80d2 | 0c00 a0f2 | 0c00 c0f2 | 0800 80d2 | 0800 a0f2 | 0800 c0f2 | 0001 1fd6 

  0x000000010f03ddd0: ;   {trampoline_stub}
  0x000000010f03ddd0: 4800 0058 | 0001 1fd6 | 40ca 6f16 | 0100 0000 

  0x000000010f03dde0: ;   {static_stub}
  0x000000010f03dde0: df3f 03d5 

  0x000000010f03dde4: ;   {metadata(NULL)}
  0x000000010f03dde4: 0c00 80d2 | 0c00 a0f2 | 0c00 c0f2 | 0800 80d2 | 0800 a0f2 | 0800 c0f2 | 0001 1fd6 

  0x000000010f03de00: ;   {trampoline_stub}
  0x000000010f03de00: 4800 0058 | 0001 1fd6 | 5867 0b16 | 0100 0000 

  0x000000010f03de10: ;   {static_stub}
  0x000000010f03de10: df3f 03d5 

  0x000000010f03de14: ;   {metadata(NULL)}
  0x000000010f03de14: 0c00 80d2 | 0c00 a0f2 | 0c00 c0f2 | 0800 80d2 | 0800 a0f2 | 0800 c0f2 | 0001 1fd6 

  0x000000010f03de30: ;   {trampoline_stub}
  0x000000010f03de30: 4800 0058 | 0001 1fd6 | 0049 fe15 | 0100 0000 

  0x000000010f03de40: ;   {static_stub}
  0x000000010f03de40: df3f 03d5 

  0x000000010f03de44: ;   {metadata(NULL)}
  0x000000010f03de44: 0c00 80d2 | 0c00 a0f2 | 0c00 c0f2 | 0800 80d2 | 0800 a0f2 | 0800 c0f2 | 0001 1fd6 

  0x000000010f03de60: ;   {trampoline_stub}
  0x000000010f03de60: 4800 0058 | 0001 1fd6 | 0043 fe15 | 0100 0000 

  0x000000010f03de70: ;   {static_stub}
  0x000000010f03de70: df3f 03d5 

  0x000000010f03de74: ;   {metadata(NULL)}
  0x000000010f03de74: 0c00 80d2 | 0c00 a0f2 | 0c00 c0f2 | 0800 80d2 | 0800 a0f2 | 0800 c0f2 | 0001 1fd6 

  0x000000010f03de90: ;   {trampoline_stub}
  0x000000010f03de90: 4800 0058 | 0001 1fd6 | 0043 fe15 | 0100 0000 

  0x000000010f03dea0: ;   {static_stub}
  0x000000010f03dea0: df3f 03d5 

  0x000000010f03dea4: ;   {metadata(NULL)}
  0x000000010f03dea4: 0c00 80d2 | 0c00 a0f2 | 0c00 c0f2 | 0800 80d2 | 0800 a0f2 | 0800 c0f2 | 0001 1fd6 

  0x000000010f03dec0: ;   {trampoline_stub}
  0x000000010f03dec0: 4800 0058 | 0001 1fd6 | 0049 fe15 | 0100 0000 

  0x000000010f03ded0: ;   {static_stub}
  0x000000010f03ded0: df3f 03d5 

  0x000000010f03ded4: ;   {metadata(NULL)}
  0x000000010f03ded4: 0c00 80d2 | 0c00 a0f2 | 0c00 c0f2 | 0800 80d2 | 0800 a0f2 | 0800 c0f2 | 0001 1fd6 

  0x000000010f03def0: ;   {trampoline_stub}
  0x000000010f03def0: 4800 0058 | 0001 1fd6 | 0043 fe15 | 0100 0000 

  0x000000010f03df00: ;   {static_stub}
  0x000000010f03df00: df3f 03d5 

  0x000000010f03df04: ;   {metadata(NULL)}
  0x000000010f03df04: 0c00 80d2 | 0c00 a0f2 | 0c00 c0f2 | 0800 80d2 | 0800 a0f2 | 0800 c0f2 | 0001 1fd6 

  0x000000010f03df20: ;   {trampoline_stub}
  0x000000010f03df20: 4800 0058 | 0001 1fd6 | 0043 fe15 | 0100 0000 

  0x000000010f03df30: ;   {static_stub}
  0x000000010f03df30: df3f 03d5 

  0x000000010f03df34: ;   {metadata(NULL)}
  0x000000010f03df34: 0c00 80d2 | 0c00 a0f2 | 0c00 c0f2 | 0800 80d2 | 0800 a0f2 | 0800 c0f2 | 0001 1fd6 

  0x000000010f03df50: ;   {trampoline_stub}
  0x000000010f03df50: 4800 0058 | 0001 1fd6 | 4868 0b16 | 0100 0000 

  0x000000010f03df60: ;   {static_stub}
  0x000000010f03df60: df3f 03d5 

  0x000000010f03df64: ;   {metadata(NULL)}
  0x000000010f03df64: 0c00 80d2 | 0c00 a0f2 | 0c00 c0f2 | 0800 80d2 | 0800 a0f2 | 0800 c0f2 | 0001 1fd6 

  0x000000010f03df80: ;   {trampoline_stub}
  0x000000010f03df80: 4800 0058 | 0001 1fd6 | 6064 0b16 | 0100 0000 

  0x000000010f03df90: ;   {static_stub}
  0x000000010f03df90: df3f 03d5 

  0x000000010f03df94: ;   {metadata(NULL)}
  0x000000010f03df94: 0c00 80d2 | 0c00 a0f2 | 0c00 c0f2 | 0800 80d2 | 0800 a0f2 | 0800 c0f2 | 0001 1fd6 

  0x000000010f03dfb0: ;   {trampoline_stub}
  0x000000010f03dfb0: 4800 0058 | 0001 1fd6 | 4868 0b16 | 0100 0000 

  0x000000010f03dfc0: ;   {static_stub}
  0x000000010f03dfc0: df3f 03d5 

  0x000000010f03dfc4: ;   {metadata({method} {0x0000000124890170} 'getCancellationException' '()Ljava/util/concurrent/CancellationException;' in 'kotlinx/coroutines/JobSupport')}
  0x000000010f03dfc4: 0c2e 80d2 | 2c91 a4f2 | 2c00 c0f2 | 08d7 86d2 | c8bf a2f2 | 2800 c0f2 | 0001 1fd6 

  0x000000010f03dfe0: ;   {trampoline_stub}
  0x000000010f03dfe0: 4800 0058 | 0001 1fd6 | c0df 030f | 0100 0000 

  0x000000010f03dff0: ;   {static_stub}
  0x000000010f03dff0: df3f 03d5 

  0x000000010f03dff4: ;   {metadata(NULL)}
  0x000000010f03dff4: 0c00 80d2 | 0c00 a0f2 | 0c00 c0f2 | 0800 80d2 | 0800 a0f2 | 0800 c0f2 | 0001 1fd6 

  0x000000010f03e010: ;   {trampoline_stub}
  0x000000010f03e010: 4800 0058 | 0001 1fd6 | d862 0b16 | 0100 0000 

  0x000000010f03e020: ;   {static_stub}
  0x000000010f03e020: df3f 03d5 

  0x000000010f03e024: ;   {metadata(NULL)}
  0x000000010f03e024: 0c00 80d2 | 0c00 a0f2 | 0c00 c0f2 | 0800 80d2 | 0800 a0f2 | 0800 c0f2 | 0001 1fd6 

  0x000000010f03e040: ;   {trampoline_stub}
  0x000000010f03e040: 4800 0058 | 0001 1fd6 | 0049 fe15 | 0100 0000 

  0x000000010f03e050: ;   {static_stub}
  0x000000010f03e050: df3f 03d5 

  0x000000010f03e054: ;   {metadata(NULL)}
  0x000000010f03e054: 0c00 80d2 | 0c00 a0f2 | 0c00 c0f2 | 0800 80d2 | 0800 a0f2 | 0800 c0f2 | 0001 1fd6 

  0x000000010f03e070: ;   {trampoline_stub}
  0x000000010f03e070: 4800 0058 | 0001 1fd6 | 0043 fe15 | 0100 0000 

  0x000000010f03e080: ;   {static_stub}
  0x000000010f03e080: df3f 03d5 

  0x000000010f03e084: ;   {metadata(NULL)}
  0x000000010f03e084: 0c00 80d2 | 0c00 a0f2 | 0c00 c0f2 | 0800 80d2 | 0800 a0f2 | 0800 c0f2 | 0001 1fd6 

  0x000000010f03e0a0: ;   {trampoline_stub}
  0x000000010f03e0a0: 4800 0058 | 0001 1fd6 | 0043 fe15 | 0100 0000 

  0x000000010f03e0b0: ;   {static_stub}
  0x000000010f03e0b0: df3f 03d5 

  0x000000010f03e0b4: ;   {metadata(NULL)}
  0x000000010f03e0b4: 0c00 80d2 | 0c00 a0f2 | 0c00 c0f2 | 0800 80d2 | 0800 a0f2 | 0800 c0f2 | 0001 1fd6 

  0x000000010f03e0d0: ;   {trampoline_stub}
  0x000000010f03e0d0: 4800 0058 | 0001 1fd6 | 0049 fe15 | 0100 0000 

  0x000000010f03e0e0: ;   {static_stub}
  0x000000010f03e0e0: df3f 03d5 

  0x000000010f03e0e4: ;   {metadata(NULL)}
  0x000000010f03e0e4: 0c00 80d2 | 0c00 a0f2 | 0c00 c0f2 | 0800 80d2 | 0800 a0f2 | 0800 c0f2 | 0001 1fd6 

  0x000000010f03e100: ;   {trampoline_stub}
  0x000000010f03e100: 4800 0058 | 0001 1fd6 | 0043 fe15 | 0100 0000 

  0x000000010f03e110: ;   {static_stub}
  0x000000010f03e110: df3f 03d5 

  0x000000010f03e114: ;   {metadata(NULL)}
  0x000000010f03e114: 0c00 80d2 | 0c00 a0f2 | 0c00 c0f2 | 0800 80d2 | 0800 a0f2 | 0800 c0f2 | 0001 1fd6 

  0x000000010f03e130: ;   {trampoline_stub}
  0x000000010f03e130: 4800 0058 | 0001 1fd6 | 0043 fe15 | 0100 0000 

  0x000000010f03e140: ;   {static_stub}
  0x000000010f03e140: df3f 03d5 

  0x000000010f03e144: ;   {metadata(NULL)}
  0x000000010f03e144: 0c00 80d2 | 0c00 a0f2 | 0c00 c0f2 | 0800 80d2 | 0800 a0f2 | 0800 c0f2 | 0001 1fd6 

  0x000000010f03e160: ;   {trampoline_stub}
  0x000000010f03e160: 4800 0058 | 0001 1fd6 | 4868 0b16 | 0100 0000 

  0x000000010f03e170: ;   {static_stub}
  0x000000010f03e170: df3f 03d5 

  0x000000010f03e174: ;   {metadata(NULL)}
  0x000000010f03e174: 0c00 80d2 | 0c00 a0f2 | 0c00 c0f2 | 0800 80d2 | 0800 a0f2 | 0800 c0f2 | 0001 1fd6 

  0x000000010f03e190: ;   {trampoline_stub}
  0x000000010f03e190: 4800 0058 | 0001 1fd6 | 0043 fe15 | 0100 0000 

  0x000000010f03e1a0: ;   {static_stub}
  0x000000010f03e1a0: df3f 03d5 

  0x000000010f03e1a4: ;   {metadata(NULL)}
  0x000000010f03e1a4: 0c00 80d2 | 0c00 a0f2 | 0c00 c0f2 | 0800 80d2 | 0800 a0f2 | 0800 c0f2 | 0001 1fd6 

  0x000000010f03e1c0: ;   {trampoline_stub}
  0x000000010f03e1c0: 4800 0058 | 0001 1fd6 | 807d 030f | 0100 0000 

  0x000000010f03e1d0: ;   {static_stub}
  0x000000010f03e1d0: df3f 03d5 

  0x000000010f03e1d4: ;   {metadata(NULL)}
  0x000000010f03e1d4: 0c00 80d2 | 0c00 a0f2 | 0c00 c0f2 | 0800 80d2 | 0800 a0f2 | 0800 c0f2 | 0001 1fd6 

  0x000000010f03e1f0: ;   {trampoline_stub}
  0x000000010f03e1f0: 4800 0058 | 0001 1fd6 | 0049 fe15 | 0100 0000 

  0x000000010f03e200: ;   {static_stub}
  0x000000010f03e200: df3f 03d5 

  0x000000010f03e204: ;   {metadata(NULL)}
  0x000000010f03e204: 0c00 80d2 | 0c00 a0f2 | 0c00 c0f2 | 0800 80d2 | 0800 a0f2 | 0800 c0f2 | 0001 1fd6 

  0x000000010f03e220: ;   {trampoline_stub}
  0x000000010f03e220: 4800 0058 | 0001 1fd6 | 0049 fe15 | 0100 0000 

  0x000000010f03e230: ;   {static_stub}
  0x000000010f03e230: df3f 03d5 

  0x000000010f03e234: ;   {metadata(NULL)}
  0x000000010f03e234: 0c00 80d2 | 0c00 a0f2 | 0c00 c0f2 | 0800 80d2 | 0800 a0f2 | 0800 c0f2 | 0001 1fd6 

  0x000000010f03e250: ;   {trampoline_stub}
  0x000000010f03e250: 4800 0058 | 0001 1fd6 | 0049 fe15 | 0100 0000 

  0x000000010f03e260: ;   {static_stub}
  0x000000010f03e260: df3f 03d5 

  0x000000010f03e264: ;   {metadata(NULL)}
  0x000000010f03e264: 0c00 80d2 | 0c00 a0f2 | 0c00 c0f2 | 0800 80d2 | 0800 a0f2 | 0800 c0f2 | 0001 1fd6 

  0x000000010f03e280: ;   {trampoline_stub}
  0x000000010f03e280: 4800 0058 | 0001 1fd6 | 0049 fe15 | 0100 0000 

  0x000000010f03e290: ;   {static_stub}
  0x000000010f03e290: df3f 03d5 

  0x000000010f03e294: ;   {metadata(NULL)}
  0x000000010f03e294: 0c00 80d2 | 0c00 a0f2 | 0c00 c0f2 | 0800 80d2 | 0800 a0f2 | 0800 c0f2 | 0001 1fd6 

  0x000000010f03e2b0: ;   {trampoline_stub}
  0x000000010f03e2b0: 4800 0058 | 0001 1fd6 | 0043 fe15 | 0100 0000 

  0x000000010f03e2c0: ;   {static_stub}
  0x000000010f03e2c0: df3f 03d5 

  0x000000010f03e2c4: ;   {metadata(NULL)}
  0x000000010f03e2c4: 0c00 80d2 | 0c00 a0f2 | 0c00 c0f2 | 0800 80d2 | 0800 a0f2 | 0800 c0f2 | 0001 1fd6 

  0x000000010f03e2e0: ;   {trampoline_stub}
  0x000000010f03e2e0: 4800 0058 | 0001 1fd6 | 0049 fe15 | 0100 0000 

  0x000000010f03e2f0: ;   {static_stub}
  0x000000010f03e2f0: df3f 03d5 

  0x000000010f03e2f4: ;   {metadata(NULL)}
  0x000000010f03e2f4: 0c00 80d2 | 0c00 a0f2 | 0c00 c0f2 | 0800 80d2 | 0800 a0f2 | 0800 c0f2 | 0001 1fd6 

  0x000000010f03e310: ;   {trampoline_stub}
  0x000000010f03e310: 4800 0058 | 0001 1fd6 | 0049 fe15 | 0100 0000 

  0x000000010f03e320: ;   {static_stub}
  0x000000010f03e320: df3f 03d5 

  0x000000010f03e324: ;   {metadata(NULL)}
  0x000000010f03e324: 0c00 80d2 | 0c00 a0f2 | 0c00 c0f2 | 0800 80d2 | 0800 a0f2 | 0800 c0f2 | 0001 1fd6 

  0x000000010f03e340: ;   {trampoline_stub}
  0x000000010f03e340: 4800 0058 | 0001 1fd6 | 0043 fe15 | 0100 0000 

  0x000000010f03e350: ;   {static_stub}
  0x000000010f03e350: df3f 03d5 

  0x000000010f03e354: ;   {metadata(NULL)}
  0x000000010f03e354: 0c00 80d2 | 0c00 a0f2 | 0c00 c0f2 | 0800 80d2 | 0800 a0f2 | 0800 c0f2 | 0001 1fd6 

  0x000000010f03e370: ;   {trampoline_stub}
  0x000000010f03e370: 4800 0058 | 0001 1fd6 | 0046 fe15 | 0100 0000 

  0x000000010f03e380: ;   {static_stub}
  0x000000010f03e380: df3f 03d5 

  0x000000010f03e384: ;   {metadata(NULL)}
  0x000000010f03e384: 0c00 80d2 | 0c00 a0f2 | 0c00 c0f2 | 0800 80d2 | 0800 a0f2 | 0800 c0f2 | 0001 1fd6 

  0x000000010f03e3a0: ;   {trampoline_stub}
  0x000000010f03e3a0: 4800 0058 | 0001 1fd6 | 0046 fe15 | 0100 0000 

  0x000000010f03e3b0: ;   {static_stub}
  0x000000010f03e3b0: df3f 03d5 

  0x000000010f03e3b4: ;   {metadata(NULL)}
  0x000000010f03e3b4: 0c00 80d2 | 0c00 a0f2 | 0c00 c0f2 | 0800 80d2 | 0800 a0f2 | 0800 c0f2 | 0001 1fd6 

  0x000000010f03e3d0: ;   {trampoline_stub}
  0x000000010f03e3d0: 4800 0058 | 0001 1fd6 | 0043 fe15 | 0100 0000 

  0x000000010f03e3e0: ;   {static_stub}
  0x000000010f03e3e0: df3f 03d5 

  0x000000010f03e3e4: ;   {metadata(NULL)}
  0x000000010f03e3e4: 0c00 80d2 | 0c00 a0f2 | 0c00 c0f2 | 0800 80d2 | 0800 a0f2 | 0800 c0f2 | 0001 1fd6 

  0x000000010f03e400: ;   {trampoline_stub}
  0x000000010f03e400: 4800 0058 | 0001 1fd6 | 0049 fe15 | 0100 0000 
[Exception Handler]
  0x000000010f03e410: ;   {runtime_call handle_exception_from_callee Runtime1 stub}
  0x000000010f03e410: 5c82 c195 | c1d5 bbd4 | 6570 d506 | 0100 0000 
[Deopt Handler Code]
  0x000000010f03e420: 1e00 0010 

  0x000000010f03e424: ;   {runtime_call DeoptimizationBlob}
  0x000000010f03e424: 47b1 be15 
[/MachCode]


---------------  P R O C E S S  ---------------

Threads class SMR info:
_java_thread_list=0x0000600001059a60, length=56, elements={
0x0000000152017600, 0x00000001520ad000, 0x00000001520af800, 0x00000001520ae200,
0x000000015184dc00, 0x0000000151856000, 0x0000000151853400, 0x0000000151853a00,
0x0000000151854000, 0x00000001520b3200, 0x00000001520af200, 0x00000001527ece00,
0x0000000151b04800, 0x00000001421f2e00, 0x00000001428f8e00, 0x0000000151b04e00,
0x00000001421fd400, 0x0000000152477a00, 0x00000001421df200, 0x0000000151b05400,
0x000000015184ae00, 0x000000014290a000, 0x000000012d828800, 0x0000000151f6de00,
0x0000000142c14c00, 0x0000000142545200, 0x0000000142586400, 0x000000012e047e00,
0x000000012e041a00, 0x000000012e00f000, 0x000000012e096e00, 0x0000000152454c00,
0x000000012e135600, 0x000000012e130400, 0x0000000142bfd000, 0x0000000136010e00,
0x00000001360dde00, 0x00000001360dd600, 0x00000001360de400, 0x0000000142455e00,
0x0000000142456400, 0x000000012b019e00, 0x00000001360e6a00, 0x0000000136013e00,
0x000000012d835000, 0x000000012d80e000, 0x000000012d008c00, 0x00000001421d7c00,
0x00000001424aa400, 0x00000001362b7e00, 0x0000000136459a00, 0x0000000136442000,
0x0000000136442600, 0x00000001421c7200, 0x000000013645a000, 0x00000001423a4e00
}

Java Threads: ( => current thread )
  0x0000000152017600 JavaThread "main" [_thread_blocked, id=6147, stack(0x000000016af7c000,0x000000016b17f000)]
  0x00000001520ad000 JavaThread "Reference Handler" daemon [_thread_blocked, id=18179, stack(0x000000016bdd0000,0x000000016bfd3000)]
  0x00000001520af800 JavaThread "Finalizer" daemon [_thread_blocked, id=18691, stack(0x000000016bfdc000,0x000000016c1df000)]
  0x00000001520ae200 JavaThread "Signal Dispatcher" daemon [_thread_blocked, id=30979, stack(0x000000016c300000,0x000000016c503000)]
  0x000000015184dc00 JavaThread "Service Thread" daemon [_thread_blocked, id=23299, stack(0x000000016c50c000,0x000000016c70f000)]
  0x0000000151856000 JavaThread "Monitor Deflation Thread" daemon [_thread_blocked, id=23811, stack(0x000000016c718000,0x000000016c91b000)]
  0x0000000151853400 JavaThread "C2 CompilerThread0" daemon [_thread_blocked, id=24067, stack(0x000000016c924000,0x000000016cb27000)]
  0x0000000151853a00 JavaThread "C1 CompilerThread0" daemon [_thread_blocked, id=30467, stack(0x000000016cb30000,0x000000016cd33000)]
  0x0000000151854000 JavaThread "Sweeper thread" daemon [_thread_blocked, id=29955, stack(0x000000016cd3c000,0x000000016cf3f000)]
  0x00000001520b3200 JavaThread "Notification Thread" daemon [_thread_blocked, id=29699, stack(0x000000016cf48000,0x000000016d14b000)]
  0x00000001520af200 JavaThread "Common-Cleaner" daemon [_thread_blocked, id=24835, stack(0x000000016d360000,0x000000016d563000)]
  0x00000001527ece00 JavaThread "httpclient-main-1" daemon [_thread_blocked, id=80911, stack(0x000000016e2cc000,0x000000016e4cf000)]
  0x0000000151b04800 JavaThread "httpclient-dispatch-1" daemon [_thread_in_native, id=71427, stack(0x000000016e4d8000,0x000000016e6db000)]
  0x00000001421f2e00 JavaThread "httpclient-dispatch-2" daemon [_thread_in_native, id=80643, stack(0x000000016e6e4000,0x000000016e8e7000)]
  0x00000001428f8e00 JavaThread "httpclient-dispatch-3" daemon [_thread_in_native, id=80387, stack(0x000000016e8f0000,0x000000016eaf3000)]
  0x0000000151b04e00 JavaThread "httpclient-dispatch-4" daemon [_thread_in_native, id=72195, stack(0x000000016eafc000,0x000000016ecff000)]
  0x00000001421fd400 JavaThread "httpclient-dispatch-5" daemon [_thread_in_native, id=72707, stack(0x000000016ed08000,0x000000016ef0b000)]
  0x0000000152477a00 JavaThread "httpclient-dispatch-6" daemon [_thread_in_native, id=79619, stack(0x000000016ef14000,0x000000016f117000)]
  0x00000001421df200 JavaThread "httpclient-dispatch-7" daemon [_thread_in_native, id=79107, stack(0x000000016f120000,0x000000016f323000)]
  0x0000000151b05400 JavaThread "httpclient-dispatch-8" daemon [_thread_in_native, id=78595, stack(0x000000016f32c000,0x000000016f52f000)]
  0x000000015184ae00 JavaThread "AppKit Thread" daemon [_thread_in_native, id=259, stack(0x000000016a6f4000,0x000000016aef0000)]
  0x000000014290a000 JavaThread "AWT-Shutdown" [_thread_blocked, id=124179, stack(0x000000016d5f8000,0x000000016d7fb000)]
=>0x000000012d828800 JavaThread "DefaultDispatcher-worker-1" daemon [_thread_in_native, id=106787, stack(0x000000016f538000,0x000000016f73b000)]
  0x0000000151f6de00 JavaThread "DefaultDispatcher-worker-2" daemon [_thread_blocked, id=119571, stack(0x000000016f744000,0x000000016f947000)]
  0x0000000142c14c00 JavaThread "DefaultDispatcher-worker-3" daemon [_thread_blocked, id=94275, stack(0x000000016f950000,0x000000016fb53000)]
  0x0000000142545200 JavaThread "kotlinx.coroutines.DefaultExecutor" daemon [_thread_blocked, id=93475, stack(0x000000016fb5c000,0x000000016fd5f000)]
  0x0000000142586400 JavaThread "Reference Cleaner" daemon [_thread_blocked, id=110107, stack(0x000000016fd68000,0x000000016ff6b000)]
  0x000000012e047e00 JavaThread "AWT-EventQueue-0" [_thread_blocked, id=108035, stack(0x000000708773c000,0x000000708793f000)]
  0x000000012e041a00 JavaThread "Java2D Queue Flusher" daemon [_thread_blocked, id=120883, stack(0x00000070a0004000,0x00000070a0207000)]
  0x000000012e00f000 JavaThread "Java2D Disposer" daemon [_thread_blocked, id=168199, stack(0x00000070a0210000,0x00000070a0413000)]
  0x000000012e096e00 JavaThread "TimerQueue" daemon [_thread_blocked, id=135179, stack(0x00000070a041c000,0x00000070a061f000)]
  0x0000000152454c00 JavaThread "Timer-0" daemon [_thread_blocked, id=138243, stack(0x00000070a0834000,0x00000070a0a37000)]
  0x000000012e135600 JavaThread "process reaper" daemon [_thread_blocked, id=69859, stack(0x000000016d91c000,0x000000016d953000)]
  0x000000012e130400 JavaThread "Gax-1" daemon [_thread_blocked, id=164119, stack(0x00000070a0a40000,0x00000070a0c43000)]
  0x0000000142bfd000 JavaThread "grpc-nio-worker-ELG-1-1" daemon [_thread_in_native, id=162819, stack(0x00000070a1270000,0x00000070a1473000)]
  0x0000000136010e00 JavaThread "grpc-default-executor-0" daemon [_thread_blocked, id=162307, stack(0x00000070a147c000,0x00000070a167f000)]
  0x00000001360dde00 JavaThread "grpc-default-executor-1" daemon [_thread_blocked, id=141827, stack(0x00000070a1688000,0x00000070a188b000)]
  0x00000001360dd600 JavaThread "grpc-default-executor-2" daemon [_thread_blocked, id=158723, stack(0x00000070a1894000,0x00000070a1a97000)]
  0x00000001360de400 JavaThread "grpc-default-executor-3" daemon [_thread_blocked, id=158467, stack(0x00000070a1aa0000,0x00000070a1ca3000)]
  0x0000000142455e00 JavaThread "grpc-default-executor-6" daemon [_thread_blocked, id=142851, stack(0x00000070a1cac000,0x00000070a1eaf000)]
  0x0000000142456400 JavaThread "grpc-default-executor-4" daemon [_thread_blocked, id=143107, stack(0x00000070a1eb8000,0x00000070a20bb000)]
  0x000000012b019e00 JavaThread "grpc-default-executor-5" daemon [_thread_blocked, id=143363, stack(0x00000070a20c4000,0x00000070a22c7000)]
  0x00000001360e6a00 JavaThread "grpc-nio-worker-ELG-1-2" daemon [_thread_in_native, id=147211, stack(0x00000070a22d0000,0x00000070a24d3000)]
  0x0000000136013e00 JavaThread "pool-7-thread-1" daemon [_thread_blocked, id=147507, stack(0x00000070a270c000,0x00000070a290f000)]
  0x000000012d835000 JavaThread "Gax-2" daemon [_thread_blocked, id=67091, stack(0x00000070a0c4c000,0x00000070a0e4f000)]
  0x000000012d80e000 JavaThread "Gax-3" daemon [_thread_blocked, id=147763, stack(0x00000070a0e58000,0x00000070a105b000)]
  0x000000012d008c00 JavaThread "Gax-4" daemon [_thread_blocked, id=152003, stack(0x00000070a1064000,0x00000070a1267000)]
  0x00000001421d7c00 JavaThread "Gax-5" daemon [_thread_blocked, id=175287, stack(0x00000070a3148000,0x00000070a334b000)]
  0x00000001424aa400 JavaThread "grpc-nio-worker-ELG-1-3" daemon [_thread_in_native, id=82267, stack(0x00000070a2b24000,0x00000070a2d27000)]
  0x00000001362b7e00 JavaThread "grpc-nio-worker-ELG-1-4" daemon [_thread_in_native, id=70707, stack(0x00000070a2d30000,0x00000070a2f33000)]
  0x0000000136459a00 JavaThread "grpc-transport-9" daemon [_thread_blocked, id=149219, stack(0x00000070a2f3c000,0x00000070a313f000)]
  0x0000000136442000 JavaThread "grpc-transport-10" daemon [_thread_blocked, id=98583, stack(0x00000070a3354000,0x00000070a3557000)]
  0x0000000136442600 JavaThread "grpc-transport-11" daemon [_thread_blocked, id=151127, stack(0x00000070a3560000,0x00000070a3763000)]
  0x00000001421c7200 JavaThread "grpc-transport-12" daemon [_thread_blocked, id=175899, stack(0x00000070a376c000,0x00000070a396f000)]
  0x000000013645a000 JavaThread "grpc-transport-13" daemon [_thread_blocked, id=144531, stack(0x00000070a3978000,0x00000070a3b7b000)]
  0x00000001423a4e00 JavaThread "grpc-transport-14" daemon [_thread_blocked, id=261403, stack(0x00000070a3b84000,0x00000070a3d87000)]

Other Threads:
  0x000000015160a7f0 VMThread "VM Thread" [stack: 0x000000016bbc4000,0x000000016bdc7000] [id=19971]
  0x0000000152811df0 WatcherThread [stack: 0x000000016d154000,0x000000016d357000] [id=29187]
  0x0000000152806e80 GCTaskThread "GC Thread#0" [stack: 0x000000016b188000,0x000000016b38b000] [id=14083]
  0x0000000141618680 GCTaskThread "GC Thread#1" [stack: 0x000000016da9c000,0x000000016dc9f000] [id=83235]
  0x0000000141618b00 GCTaskThread "GC Thread#2" [stack: 0x000000016dca8000,0x000000016deab000] [id=70403]
  0x00000001416194e0 GCTaskThread "GC Thread#3" [stack: 0x000000016deb4000,0x000000016e0b7000] [id=82443]
  0x0000000151624be0 GCTaskThread "GC Thread#4" [stack: 0x000000016e0c0000,0x000000016e2c3000] [id=81411]
  0x00000001528818c0 GCTaskThread "GC Thread#5" [stack: 0x0000007087948000,0x0000007087b4b000] [id=123143]
  0x0000000141642e30 GCTaskThread "GC Thread#6" [stack: 0x0000007087b54000,0x0000007087d57000] [id=105999]
  0x00000001416432b0 GCTaskThread "GC Thread#7" [stack: 0x0000007087d60000,0x0000007087f63000] [id=104023]
  0x0000000152807530 ConcurrentGCThread "G1 Main Marker" [stack: 0x000000016b394000,0x000000016b597000] [id=13571]
  0x0000000152807dc0 ConcurrentGCThread "G1 Conc#0" [stack: 0x000000016b5a0000,0x000000016b7a3000] [id=12803]
  0x00000001528b41f0 ConcurrentGCThread "G1 Conc#1" [stack: 0x00000070a0628000,0x00000070a082b000] [id=169011]
  0x0000000152809c30 ConcurrentGCThread "G1 Refine#0" [stack: 0x000000016b7ac000,0x000000016b9af000] [id=21507]
  0x000000015280a4d0 ConcurrentGCThread "G1 Service" [stack: 0x000000016b9b8000,0x000000016bbbb000] [id=16899]

Threads with active compile tasks:

VM state: not at safepoint (normal execution)

VM Mutex/Monitor currently owned by a thread: None

Heap address: 0x0000007000800000, size: 2048 MB, Compressed Oops mode: Non-zero disjoint base: 0x0000007000000000, Oop shift amount: 3

CDS archive(s) mapped at: [0x0000008800000000-0x0000008800be8000-0x0000008800be8000), size 12484608, SharedBaseAddress: 0x0000008800000000, ArchiveRelocationMode: 1.
Compressed class space mapped at: 0x0000008801000000-0x0000008841000000, reserved size: 1073741824
Narrow klass base: 0x0000008800000000, Narrow klass shift: 0, Narrow klass range: 0x100000000

GC Precious Log:
 CPUs: 8 total, 8 available
 Memory: 8192M
 Large Page Support: Disabled
 NUMA Support: Disabled
 Compressed Oops: Enabled (Non-zero disjoint base)
 Heap Region Size: 1M
 Heap Min Capacity: 8M
 Heap Initial Capacity: 128M
 Heap Max Capacity: 2G
 Pre-touch: Disabled
 Parallel Workers: 8
 Concurrent Workers: 2
 Concurrent Refinement Workers: 8
 Periodic GC: Disabled

Heap:
 garbage-first heap   total 84992K, used 33643K [0x0000007000800000, 0x0000007080800000)
  region size 1024K, 9 young (9216K), 1 survivors (1024K)
 Metaspace       used 56810K, committed 57088K, reserved 1114112K
  class space    used 6186K, committed 6272K, reserved 1048576K

Heap Regions: E=young(eden), S=young(survivor), O=old, HS=humongous(starts), HC=humongous(continues), CS=collection set, F=free, OA=open archive, CA=closed archive, TAMS=top-at-mark-start (previous, next)
|   0|0x0000007000800000, 0x0000007000900000, 0x0000007000900000|100%|HS|  |TAMS 0x0000007000900000, 0x0000007000900000| Complete 
|   1|0x0000007000900000, 0x0000007000a00000, 0x0000007000a00000|100%|HC|  |TAMS 0x0000007000a00000, 0x0000007000a00000| Complete 
|   2|0x0000007000a00000, 0x0000007000b00000, 0x0000007000b00000|100%| O|  |TAMS 0x0000007000b00000, 0x0000007000b00000| Untracked 
|   3|0x0000007000b00000, 0x0000007000c00000, 0x0000007000c00000|100%| O|  |TAMS 0x0000007000c00000, 0x0000007000c00000| Untracked 
|   4|0x0000007000c00000, 0x0000007000d00000, 0x0000007000d00000|100%| O|  |TAMS 0x0000007000d00000, 0x0000007000d00000| Untracked 
|   5|0x0000007000d00000, 0x0000007000e00000, 0x0000007000e00000|100%| O|  |TAMS 0x0000007000e00000, 0x0000007000e00000| Untracked 
|   6|0x0000007000e00000, 0x0000007000f00000, 0x0000007000f00000|100%| O|  |TAMS 0x0000007000f00000, 0x0000007000f00000| Untracked 
|   7|0x0000007000f00000, 0x0000007001000000, 0x0000007001000000|100%| O|  |TAMS 0x0000007001000000, 0x0000007001000000| Untracked 
|   8|0x0000007001000000, 0x0000007001100000, 0x0000007001100000|100%| O|  |TAMS 0x0000007001100000, 0x0000007001100000| Untracked 
|   9|0x0000007001100000, 0x0000007001200000, 0x0000007001200000|100%| O|  |TAMS 0x0000007001100000, 0x0000007001200000| Untracked 
|  10|0x0000007001200000, 0x0000007001300000, 0x0000007001300000|100%| O|  |TAMS 0x0000007001300000, 0x0000007001300000| Untracked 
|  11|0x0000007001300000, 0x0000007001400000, 0x0000007001400000|100%| O|  |TAMS 0x0000007001400000, 0x0000007001400000| Untracked 
|  12|0x0000007001400000, 0x00000070014c3e00, 0x0000007001500000| 76%| O|  |TAMS 0x00000070014c3e00, 0x00000070014c3e00| Untracked 
|  13|0x0000007001500000, 0x0000007001600000, 0x0000007001600000|100%| O|  |TAMS 0x0000007001500000, 0x0000007001600000| Untracked 
|  14|0x0000007001600000, 0x0000007001700000, 0x0000007001700000|100%| O|  |TAMS 0x0000007001600000, 0x0000007001700000| Untracked 
|  15|0x0000007001700000, 0x0000007001800000, 0x0000007001800000|100%| O|  |TAMS 0x0000007001700000, 0x0000007001800000| Untracked 
|  16|0x0000007001800000, 0x0000007001900000, 0x0000007001900000|100%| O|  |TAMS 0x0000007001800000, 0x0000007001900000| Untracked 
|  17|0x0000007001900000, 0x0000007001a00000, 0x0000007001a00000|100%|HS|  |TAMS 0x0000007001900000, 0x0000007001900000| Complete 
|  18|0x0000007001a00000, 0x0000007001b00000, 0x0000007001b00000|100%|HS|  |TAMS 0x0000007001a00000, 0x0000007001a00000| Complete 
|  19|0x0000007001b00000, 0x0000007001c00000, 0x0000007001c00000|100%|HS|  |TAMS 0x0000007001b00000, 0x0000007001b00000| Complete 
|  20|0x0000007001c00000, 0x0000007001d00000, 0x0000007001d00000|100%|HC|  |TAMS 0x0000007001c00000, 0x0000007001c00000| Complete 
|  21|0x0000007001d00000, 0x0000007001e00000, 0x0000007001e00000|100%| O|  |TAMS 0x0000007001d00000, 0x0000007001e00000| Untracked 
|  22|0x0000007001e00000, 0x0000007001f00000, 0x0000007001f00000|100%| O|  |TAMS 0x0000007001e00000, 0x0000007001f00000| Untracked 
|  23|0x0000007001f00000, 0x0000007002000000, 0x0000007002000000|100%| O|  |TAMS 0x0000007001f00000, 0x0000007002000000| Untracked 
|  24|0x0000007002000000, 0x0000007002000000, 0x0000007002100000|  0%| F|  |TAMS 0x0000007002000000, 0x0000007002000000| Untracked 
|  25|0x0000007002100000, 0x0000007002100000, 0x0000007002200000|  0%| F|  |TAMS 0x0000007002100000, 0x0000007002100000| Untracked 
|  26|0x0000007002200000, 0x0000007002200000, 0x0000007002300000|  0%| F|  |TAMS 0x0000007002200000, 0x0000007002200000| Untracked 
|  27|0x0000007002300000, 0x0000007002300000, 0x0000007002400000|  0%| F|  |TAMS 0x0000007002300000, 0x0000007002300000| Untracked 
|  28|0x0000007002400000, 0x0000007002400000, 0x0000007002500000|  0%| F|  |TAMS 0x0000007002400000, 0x0000007002400000| Untracked 
|  29|0x0000007002500000, 0x0000007002500000, 0x0000007002600000|  0%| F|  |TAMS 0x0000007002500000, 0x0000007002500000| Untracked 
|  30|0x0000007002600000, 0x0000007002600000, 0x0000007002700000|  0%| F|  |TAMS 0x0000007002600000, 0x0000007002600000| Untracked 
|  31|0x0000007002700000, 0x0000007002700000, 0x0000007002800000|  0%| F|  |TAMS 0x0000007002700000, 0x0000007002700000| Untracked 
|  32|0x0000007002800000, 0x0000007002800000, 0x0000007002900000|  0%| F|  |TAMS 0x0000007002800000, 0x0000007002800000| Untracked 
|  33|0x0000007002900000, 0x0000007002900000, 0x0000007002a00000|  0%| F|  |TAMS 0x0000007002900000, 0x0000007002900000| Untracked 
|  34|0x0000007002a00000, 0x0000007002a00000, 0x0000007002b00000|  0%| F|  |TAMS 0x0000007002a00000, 0x0000007002a00000| Untracked 
|  35|0x0000007002b00000, 0x0000007002b00000, 0x0000007002c00000|  0%| F|  |TAMS 0x0000007002b00000, 0x0000007002b00000| Untracked 
|  36|0x0000007002c00000, 0x0000007002c61e00, 0x0000007002d00000| 38%| O|  |TAMS 0x0000007002c00000, 0x0000007002c60400| Untracked 
|  37|0x0000007002d00000, 0x0000007002d00000, 0x0000007002e00000|  0%| F|  |TAMS 0x0000007002d00000, 0x0000007002d00000| Untracked 
|  38|0x0000007002e00000, 0x0000007002e00000, 0x0000007002f00000|  0%| F|  |TAMS 0x0000007002e00000, 0x0000007002e00000| Untracked 
|  39|0x0000007002f00000, 0x0000007002f00000, 0x0000007003000000|  0%| F|  |TAMS 0x0000007002f00000, 0x0000007002f00000| Untracked 
|  40|0x0000007003000000, 0x0000007003000000, 0x0000007003100000|  0%| F|  |TAMS 0x0000007003000000, 0x0000007003000000| Untracked 
|  41|0x0000007003100000, 0x0000007003100000, 0x0000007003200000|  0%| F|  |TAMS 0x0000007003100000, 0x0000007003100000| Untracked 
|  42|0x0000007003200000, 0x0000007003200000, 0x0000007003300000|  0%| F|  |TAMS 0x0000007003200000, 0x0000007003200000| Untracked 
|  43|0x0000007003300000, 0x0000007003300000, 0x0000007003400000|  0%| F|  |TAMS 0x0000007003300000, 0x0000007003300000| Untracked 
|  44|0x0000007003400000, 0x0000007003400000, 0x0000007003500000|  0%| F|  |TAMS 0x0000007003400000, 0x0000007003400000| Untracked 
|  45|0x0000007003500000, 0x0000007003500000, 0x0000007003600000|  0%| F|  |TAMS 0x0000007003500000, 0x0000007003500000| Untracked 
|  46|0x0000007003600000, 0x0000007003600000, 0x0000007003700000|  0%| F|  |TAMS 0x0000007003600000, 0x0000007003600000| Untracked 
|  47|0x0000007003700000, 0x0000007003700000, 0x0000007003800000|  0%| F|  |TAMS 0x0000007003700000, 0x0000007003700000| Untracked 
|  48|0x0000007003800000, 0x00000070038bd1a0, 0x0000007003900000| 73%| S|CS|TAMS 0x0000007003800000, 0x0000007003800000| Complete 
|  49|0x0000007003900000, 0x0000007003900000, 0x0000007003a00000|  0%| F|  |TAMS 0x0000007003900000, 0x0000007003900000| Untracked 
|  50|0x0000007003a00000, 0x0000007003a00000, 0x0000007003b00000|  0%| F|  |TAMS 0x0000007003a00000, 0x0000007003a00000| Untracked 
|  51|0x0000007003b00000, 0x0000007003b00000, 0x0000007003c00000|  0%| F|  |TAMS 0x0000007003b00000, 0x0000007003b00000| Untracked 
|  52|0x0000007003c00000, 0x0000007003c00000, 0x0000007003d00000|  0%| F|  |TAMS 0x0000007003c00000, 0x0000007003c00000| Untracked 
|  53|0x0000007003d00000, 0x0000007003d00000, 0x0000007003e00000|  0%| F|  |TAMS 0x0000007003d00000, 0x0000007003d00000| Untracked 
|  54|0x0000007003e00000, 0x0000007003e00000, 0x0000007003f00000|  0%| F|  |TAMS 0x0000007003e00000, 0x0000007003e00000| Untracked 
|  55|0x0000007003f00000, 0x0000007003f00000, 0x0000007004000000|  0%| F|  |TAMS 0x0000007003f00000, 0x0000007003f00000| Untracked 
|  56|0x0000007004000000, 0x0000007004000000, 0x0000007004100000|  0%| F|  |TAMS 0x0000007004000000, 0x0000007004000000| Untracked 
|  57|0x0000007004100000, 0x0000007004100000, 0x0000007004200000|  0%| F|  |TAMS 0x0000007004100000, 0x0000007004100000| Untracked 
|  58|0x0000007004200000, 0x0000007004200000, 0x0000007004300000|  0%| F|  |TAMS 0x0000007004200000, 0x0000007004200000| Untracked 
|  59|0x0000007004300000, 0x0000007004300000, 0x0000007004400000|  0%| F|  |TAMS 0x0000007004300000, 0x0000007004300000| Untracked 
|  60|0x0000007004400000, 0x0000007004400000, 0x0000007004500000|  0%| F|  |TAMS 0x0000007004400000, 0x0000007004400000| Untracked 
|  61|0x0000007004500000, 0x0000007004500000, 0x0000007004600000|  0%| F|  |TAMS 0x0000007004500000, 0x0000007004500000| Untracked 
|  62|0x0000007004600000, 0x0000007004600000, 0x0000007004700000|  0%| F|  |TAMS 0x0000007004600000, 0x0000007004600000| Untracked 
|  63|0x0000007004700000, 0x0000007004700000, 0x0000007004800000|  0%| F|  |TAMS 0x0000007004700000, 0x0000007004700000| Untracked 
|  64|0x0000007004800000, 0x0000007004800000, 0x0000007004900000|  0%| F|  |TAMS 0x0000007004800000, 0x0000007004800000| Untracked 
|  65|0x0000007004900000, 0x0000007004900000, 0x0000007004a00000|  0%| F|  |TAMS 0x0000007004900000, 0x0000007004900000| Untracked 
|  66|0x0000007004a00000, 0x0000007004a00000, 0x0000007004b00000|  0%| F|  |TAMS 0x0000007004a00000, 0x0000007004a00000| Untracked 
|  67|0x0000007004b00000, 0x0000007004b00000, 0x0000007004c00000|  0%| F|  |TAMS 0x0000007004b00000, 0x0000007004b00000| Untracked 
|  68|0x0000007004c00000, 0x0000007004c00000, 0x0000007004d00000|  0%| F|  |TAMS 0x0000007004c00000, 0x0000007004c00000| Untracked 
|  69|0x0000007004d00000, 0x0000007004d00000, 0x0000007004e00000|  0%| F|  |TAMS 0x0000007004d00000, 0x0000007004d00000| Untracked 
|  70|0x0000007004e00000, 0x0000007004e00000, 0x0000007004f00000|  0%| F|  |TAMS 0x0000007004e00000, 0x0000007004e00000| Untracked 
|  71|0x0000007004f00000, 0x0000007004f00000, 0x0000007005000000|  0%| F|  |TAMS 0x0000007004f00000, 0x0000007004f00000| Untracked 
|  72|0x0000007005000000, 0x0000007005000000, 0x0000007005100000|  0%| F|  |TAMS 0x0000007005000000, 0x0000007005000000| Untracked 
|  73|0x0000007005100000, 0x00000070051a6f50, 0x0000007005200000| 65%| E|  |TAMS 0x0000007005100000, 0x0000007005100000| Complete 
|  74|0x0000007005200000, 0x0000007005300000, 0x0000007005300000|100%| E|CS|TAMS 0x0000007005200000, 0x0000007005200000| Complete 
|  75|0x0000007005300000, 0x0000007005400000, 0x0000007005400000|100%| E|CS|TAMS 0x0000007005300000, 0x0000007005300000| Complete 
|  76|0x0000007005400000, 0x0000007005500000, 0x0000007005500000|100%| E|CS|TAMS 0x0000007005400000, 0x0000007005400000| Complete 
|  77|0x0000007005500000, 0x0000007005600000, 0x0000007005600000|100%| E|CS|TAMS 0x0000007005500000, 0x0000007005500000| Complete 
| 107|0x0000007007300000, 0x0000007007400000, 0x0000007007400000|100%| E|CS|TAMS 0x0000007007300000, 0x0000007007300000| Complete 
| 108|0x0000007007400000, 0x0000007007500000, 0x0000007007500000|100%| E|CS|TAMS 0x0000007007400000, 0x0000007007400000| Complete 
| 127|0x0000007008700000, 0x0000007008800000, 0x0000007008800000|100%| E|CS|TAMS 0x0000007008700000, 0x0000007008700000| Complete 
|2046|0x0000007080600000, 0x0000007080678000, 0x0000007080700000| 46%|OA|  |TAMS 0x0000007080678000, 0x0000007080678000| Untracked 
|2047|0x0000007080700000, 0x0000007080780000, 0x0000007080800000| 50%|CA|  |TAMS 0x0000007080780000, 0x0000007080780000| Untracked 

Card table byte_map: [0x0000000105814000,0x0000000105c14000] _byte_map_base: 0x00000000cd810000

Marking Bits (Prev, Next): (CMBitMap*) 0x000000015203ca10, (CMBitMap*) 0x000000015203ca50
 Prev Bits: [0x000000011da78000, 0x000000011fa78000)
 Next Bits: [0x000000011fa78000, 0x0000000121a78000)

Polling page: 0x0000000104fe0000

Metaspace:

Usage:
  Non-class:     49.44 MB used.
      Class:      6.04 MB used.
       Both:     55.48 MB used.

Virtual space:
  Non-class space:       64.00 MB reserved,      49.62 MB ( 78%) committed,  1 nodes.
      Class space:        1.00 GB reserved,       6.12 MB ( <1%) committed,  1 nodes.
             Both:        1.06 GB reserved,      55.75 MB (  5%) committed. 

Chunk freelists:
   Non-Class:  13.98 MB
       Class:  9.76 MB
        Both:  23.74 MB

MaxMetaspaceSize: unlimited
CompressedClassSpaceSize: 1.00 GB
Initial GC threshold: 21.00 MB
Current GC threshold: 59.19 MB
CDS: on
MetaspaceReclaimPolicy: balanced
 - commit_granule_bytes: 65536.
 - commit_granule_words: 8192.
 - virtual_space_node_default_size: 8388608.
 - enlarge_chunks_in_place: 1.
 - new_chunks_are_fully_committed: 0.
 - uncommit_free_chunks: 1.
 - use_allocation_guard: 0.
 - handle_deallocations: 1.


Internal statistics:

num_allocs_failed_limit: 6.
num_arena_births: 240.
num_arena_deaths: 0.
num_vsnodes_births: 2.
num_vsnodes_deaths: 0.
num_space_committed: 892.
num_space_uncommitted: 0.
num_chunks_returned_to_freelist: 6.
num_chunks_taken_from_freelist: 1712.
num_chunk_merges: 6.
num_chunk_splits: 1448.
num_chunks_enlarged: 1297.
num_inconsistent_stats: 0.

CodeHeap 'non-profiled nmethods': size=120032Kb used=2747Kb max_used=2747Kb free=117284Kb
 bounds [0x0000000116540000, 0x00000001167f0000, 0x000000011da78000]
CodeHeap 'profiled nmethods': size=120016Kb used=11967Kb max_used=11967Kb free=108048Kb
 bounds [0x000000010ea78000, 0x000000010f628000, 0x0000000115fac000]
CodeHeap 'non-nmethods': size=5712Kb used=1938Kb max_used=2004Kb free=3773Kb
 bounds [0x0000000115fac000, 0x000000011621c000, 0x0000000116540000]
 total_blobs=7231 nmethods=5761 adapters=1386
 compilation: enabled
              stopped_count=0, restarted_count=0
 full_count=0

Compilation events (20 events):
Event: 53.381 Thread 0x0000000151853a00 5973       3       androidx.compose.runtime.CompositionImpl$RememberEventDispatcher::processPendingLeaving (392 bytes)
Event: 53.381 Thread 0x0000000151853400 5978       4       androidx.compose.ui.node.RootNodeOwner$OwnerImpl$createLayer$3::invoke (5 bytes)
Event: 53.382 Thread 0x0000000151853400 nmethod 5978 0x00000001167ee310 code [0x00000001167ee4c0, 0x00000001167ee5d0]
Event: 53.383 Thread 0x0000000151853a00 nmethod 5973 0x000000010f61fd10 code [0x000000010f620540, 0x000000010f623808]
Event: 53.383 Thread 0x0000000151853a00 5974       3       androidx.compose.ui.Modifier$Node::runDetachLifecycle$ui (78 bytes)
Event: 53.383 Thread 0x0000000151853a00 nmethod 5974 0x000000010f624d90 code [0x000000010f624f80, 0x000000010f625318]
Event: 53.383 Thread 0x0000000151853a00 5976       1       androidx.compose.ui.node.RootNodeOwner::access$setNeedClearObservations$p (6 bytes)
Event: 53.383 Thread 0x0000000151853a00 nmethod 5976 0x00000001167ee710 code [0x00000001167ee880, 0x00000001167ee918]
Event: 53.383 Thread 0x0000000151853a00 5975       3       androidx.compose.ui.node.LayoutNodeLayoutDelegate$MeasurePassDelegate::setMeasuredByParent$ui (12 bytes)
Event: 53.383 Thread 0x0000000151853a00 nmethod 5975 0x000000010f625490 code [0x000000010f625700, 0x000000010f625d58]
Event: 53.383 Thread 0x0000000151853a00 5977       1       androidx.compose.runtime.ComposerImpl::access$getParentContext$p (5 bytes)
Event: 53.383 Thread 0x0000000151853a00 nmethod 5977 0x00000001167eea10 code [0x00000001167eeb80, 0x00000001167eec18]
Event: 53.393 Thread 0x0000000151853a00 5979       3       androidx.collection.ScatterMapKt::mutableScatterMapOf (11 bytes)
Event: 53.393 Thread 0x0000000151853a00 nmethod 5979 0x000000010f626010 code [0x000000010f6261c0, 0x000000010f6263c8]
Event: 53.393 Thread 0x0000000151853a00 5981       3       androidx.compose.ui.node.OnPositionedDispatcher::dispatchHierarchy (79 bytes)
Event: 53.393 Thread 0x0000000151853a00 nmethod 5981 0x000000010f626510 code [0x000000010f626800, 0x000000010f6272b8]
Event: 53.393 Thread 0x0000000151853a00 5980       3       androidx.compose.ui.node.LayoutNode::getLayoutPending$ui (8 bytes)
Event: 53.393 Thread 0x0000000151853a00 nmethod 5980 0x000000010f627790 code [0x000000010f627940, 0x000000010f627a98]
Event: 53.393 Thread 0x0000000151853a00 5982       3       kotlinx.coroutines.JobSupport$Finishing::get_rootCause$volatile$FU (4 bytes)
Event: 53.393 Thread 0x0000000151853a00 nmethod 5982 0x000000010f627b90 code [0x000000010f627d40, 0x000000010f627e18]

GC Heap History (20 events):
Event: 50.911 GC heap before
{Heap before GC invocations=39 (full 0):
 garbage-first heap   total 84992K, used 58825K [0x0000007000800000, 0x0000007080800000)
  region size 1024K, 24 young (24576K), 1 survivors (1024K)
 Metaspace       used 56172K, committed 56448K, reserved 1114112K
  class space    used 6154K, committed 6272K, reserved 1048576K
}
Event: 50.912 GC heap after
{Heap after GC invocations=40 (full 0):
 garbage-first heap   total 84992K, used 23010K [0x0000007000800000, 0x0000007080800000)
  region size 1024K, 1 young (1024K), 1 survivors (1024K)
 Metaspace       used 56172K, committed 56448K, reserved 1114112K
  class space    used 6154K, committed 6272K, reserved 1048576K
}
Event: 51.248 GC heap before
{Heap before GC invocations=40 (full 0):
 garbage-first heap   total 84992K, used 66018K [0x0000007000800000, 0x0000007080800000)
  region size 1024K, 30 young (30720K), 1 survivors (1024K)
 Metaspace       used 56175K, committed 56448K, reserved 1114112K
  class space    used 6154K, committed 6272K, reserved 1048576K
}
Event: 51.249 GC heap after
{Heap after GC invocations=41 (full 0):
 garbage-first heap   total 84992K, used 21994K [0x0000007000800000, 0x0000007080800000)
  region size 1024K, 1 young (1024K), 1 survivors (1024K)
 Metaspace       used 56175K, committed 56448K, reserved 1114112K
  class space    used 6154K, committed 6272K, reserved 1048576K
}
Event: 51.498 GC heap before
{Heap before GC invocations=41 (full 0):
 garbage-first heap   total 84992K, used 57834K [0x0000007000800000, 0x0000007080800000)
  region size 1024K, 23 young (23552K), 1 survivors (1024K)
 Metaspace       used 56177K, committed 56448K, reserved 1114112K
  class space    used 6154K, committed 6272K, reserved 1048576K
}
Event: 51.502 GC heap after
{Heap after GC invocations=42 (full 0):
 garbage-first heap   total 84992K, used 23016K [0x0000007000800000, 0x0000007080800000)
  region size 1024K, 1 young (1024K), 1 survivors (1024K)
 Metaspace       used 56177K, committed 56448K, reserved 1114112K
  class space    used 6154K, committed 6272K, reserved 1048576K
}
Event: 51.832 GC heap before
{Heap before GC invocations=42 (full 0):
 garbage-first heap   total 84992K, used 66024K [0x0000007000800000, 0x0000007080800000)
  region size 1024K, 30 young (30720K), 1 survivors (1024K)
 Metaspace       used 56184K, committed 56448K, reserved 1114112K
  class space    used 6154K, committed 6272K, reserved 1048576K
}
Event: 51.835 GC heap after
{Heap after GC invocations=43 (full 0):
 garbage-first heap   total 84992K, used 22018K [0x0000007000800000, 0x0000007080800000)
  region size 1024K, 1 young (1024K), 1 survivors (1024K)
 Metaspace       used 56184K, committed 56448K, reserved 1114112K
  class space    used 6154K, committed 6272K, reserved 1048576K
}
Event: 52.083 GC heap before
{Heap before GC invocations=43 (full 0):
 garbage-first heap   total 84992K, used 57858K [0x0000007000800000, 0x0000007080800000)
  region size 1024K, 23 young (23552K), 1 survivors (1024K)
 Metaspace       used 56197K, committed 56448K, reserved 1114112K
  class space    used 6154K, committed 6272K, reserved 1048576K
}
Event: 52.086 GC heap after
{Heap after GC invocations=44 (full 0):
 garbage-first heap   total 84992K, used 23027K [0x0000007000800000, 0x0000007080800000)
  region size 1024K, 1 young (1024K), 1 survivors (1024K)
 Metaspace       used 56197K, committed 56448K, reserved 1114112K
  class space    used 6154K, committed 6272K, reserved 1048576K
}
Event: 52.419 GC heap before
{Heap before GC invocations=44 (full 0):
 garbage-first heap   total 84992K, used 66035K [0x0000007000800000, 0x0000007080800000)
  region size 1024K, 30 young (30720K), 1 survivors (1024K)
 Metaspace       used 56220K, committed 56512K, reserved 1114112K
  class space    used 6154K, committed 6272K, reserved 1048576K
}
Event: 52.422 GC heap after
{Heap after GC invocations=45 (full 0):
 garbage-first heap   total 84992K, used 22012K [0x0000007000800000, 0x0000007080800000)
  region size 1024K, 1 young (1024K), 1 survivors (1024K)
 Metaspace       used 56220K, committed 56512K, reserved 1114112K
  class space    used 6154K, committed 6272K, reserved 1048576K
}
Event: 52.618 GC heap before
{Heap before GC invocations=45 (full 0):
 garbage-first heap   total 84992K, used 58876K [0x0000007000800000, 0x0000007080800000)
  region size 1024K, 24 young (24576K), 1 survivors (1024K)
 Metaspace       used 56248K, committed 56512K, reserved 1114112K
  class space    used 6154K, committed 6272K, reserved 1048576K
}
Event: 52.619 GC heap after
{Heap after GC invocations=46 (full 0):
 garbage-first heap   total 84992K, used 23054K [0x0000007000800000, 0x0000007080800000)
  region size 1024K, 1 young (1024K), 1 survivors (1024K)
 Metaspace       used 56248K, committed 56512K, reserved 1114112K
  class space    used 6154K, committed 6272K, reserved 1048576K
}
Event: 52.868 GC heap before
{Heap before GC invocations=46 (full 0):
 garbage-first heap   total 84992K, used 67086K [0x0000007000800000, 0x0000007080800000)
  region size 1024K, 31 young (31744K), 1 survivors (1024K)
 Metaspace       used 56436K, committed 56704K, reserved 1114112K
  class space    used 6156K, committed 6272K, reserved 1048576K
}
Event: 52.869 GC heap after
{Heap after GC invocations=47 (full 0):
 garbage-first heap   total 84992K, used 22031K [0x0000007000800000, 0x0000007080800000)
  region size 1024K, 1 young (1024K), 1 survivors (1024K)
 Metaspace       used 56436K, committed 56704K, reserved 1114112K
  class space    used 6156K, committed 6272K, reserved 1048576K
}
Event: 53.083 GC heap before
{Heap before GC invocations=47 (full 0):
 garbage-first heap   total 84992K, used 58895K [0x0000007000800000, 0x0000007080800000)
  region size 1024K, 24 young (24576K), 1 survivors (1024K)
 Metaspace       used 56498K, committed 56768K, reserved 1114112K
  class space    used 6156K, committed 6272K, reserved 1048576K
}
Event: 53.084 GC heap after
{Heap after GC invocations=48 (full 0):
 garbage-first heap   total 84992K, used 23307K [0x0000007000800000, 0x0000007080800000)
  region size 1024K, 1 young (1024K), 1 survivors (1024K)
 Metaspace       used 56498K, committed 56768K, reserved 1114112K
  class space    used 6156K, committed 6272K, reserved 1048576K
}
Event: 53.334 GC heap before
{Heap before GC invocations=48 (full 0):
 garbage-first heap   total 84992K, used 68363K [0x0000007000800000, 0x0000007080800000)
  region size 1024K, 32 young (32768K), 1 survivors (1024K)
 Metaspace       used 56790K, committed 57024K, reserved 1114112K
  class space    used 6185K, committed 6272K, reserved 1048576K
}
Event: 53.335 GC heap after
{Heap after GC invocations=49 (full 0):
 garbage-first heap   total 84992K, used 22379K [0x0000007000800000, 0x0000007080800000)
  region size 1024K, 1 young (1024K), 1 survivors (1024K)
 Metaspace       used 56790K, committed 57024K, reserved 1114112K
  class space    used 6185K, committed 6272K, reserved 1048576K
}

Deoptimization events (20 events):
Event: 50.611 Thread 0x00000001360e6a00 DEOPT PACKING pc=0x000000011679d154 sp=0x00000070a24d1620
Event: 50.611 Thread 0x00000001360e6a00 DEOPT UNPACKING pc=0x0000000115fead1c sp=0x00000070a24d15d0 mode 2
Event: 52.353 Thread 0x000000012e047e00 DEOPT PACKING pc=0x000000010f0e9284 sp=0x000000708793d4e0
Event: 52.353 Thread 0x000000012e047e00 DEOPT UNPACKING pc=0x0000000115feab7c sp=0x000000708793d110 mode 0
Event: 52.525 Thread 0x000000012e047e00 Uncommon trap: trap_request=0xffffff6e fr.pc=0x00000001167b9490 relative=0x00000000000009d0
Event: 52.525 Thread 0x000000012e047e00 Uncommon trap: reason=loop_limit_check action=maybe_recompile pc=0x00000001167b9490 method=androidx.compose.runtime.snapshots.SnapshotStateObserver$ObservedScopeMap.recordInvalidation(Ljava/util/Set;)Z @ 96 c2
Event: 52.525 Thread 0x000000012e047e00 DEOPT PACKING pc=0x00000001167b9490 sp=0x000000708793d870
Event: 52.525 Thread 0x000000012e047e00 DEOPT UNPACKING pc=0x0000000115fead1c sp=0x000000708793d5f0 mode 2
Event: 52.578 Thread 0x000000012e047e00 Uncommon trap: trap_request=0xffffff6e fr.pc=0x00000001167c1e18 relative=0x0000000000001c18
Event: 52.578 Thread 0x000000012e047e00 Uncommon trap: reason=loop_limit_check action=maybe_recompile pc=0x00000001167c1e18 method=androidx.compose.ui.node.InnerNodeCoordinator.hitTestChild-YqVAtuI(Landroidx/compose/ui/node/NodeCoordinator$HitTestSource;JLandroidx/compose/ui/node/HitTestResult;
Event: 52.578 Thread 0x000000012e047e00 DEOPT PACKING pc=0x00000001167c1e18 sp=0x000000708793d560
Event: 52.578 Thread 0x000000012e047e00 DEOPT UNPACKING pc=0x0000000115fead1c sp=0x000000708793d3f0 mode 2
Event: 52.779 Thread 0x000000012e047e00 Uncommon trap: trap_request=0xffffff45 fr.pc=0x00000001167a8f5c relative=0x000000000000005c
Event: 52.779 Thread 0x000000012e047e00 Uncommon trap: reason=unstable_if action=reinterpret pc=0x00000001167a8f5c method=androidx.compose.runtime.SlotTableKt.countOneBits(I)I @ 1 c2
Event: 52.779 Thread 0x000000012e047e00 DEOPT PACKING pc=0x00000001167a8f5c sp=0x000000708793c760
Event: 52.779 Thread 0x000000012e047e00 DEOPT UNPACKING pc=0x0000000115fead1c sp=0x000000708793c6f0 mode 2
Event: 53.131 Thread 0x000000012e047e00 Uncommon trap: trap_request=0xffffff45 fr.pc=0x00000001167959e8 relative=0x0000000000000aa8
Event: 53.131 Thread 0x000000012e047e00 Uncommon trap: reason=unstable_if action=reinterpret pc=0x00000001167959e8 method=androidx.compose.runtime.ComposerImpl.groupCompoundKeyPart(Landroidx/compose/runtime/SlotReader;I)I @ 87 c2
Event: 53.131 Thread 0x000000012e047e00 DEOPT PACKING pc=0x00000001167959e8 sp=0x000000708793cc00
Event: 53.131 Thread 0x000000012e047e00 DEOPT UNPACKING pc=0x0000000115fead1c sp=0x000000708793cae0 mode 2

Classes unloaded (0 events):
No events

Classes redefined (0 events):
No events

Internal exceptions (20 events):
Event: 4.730 Thread 0x000000012e047e00 Exception <a 'java/lang/NoClassDefFoundError'{0x0000007002075860}: org/apache/logging/log4j/spi/ExtendedLoggerWrapper> (0x0000007002075860) 
thrown [open/src/hotspot/share/classfile/systemDictionary.cpp, line 245]
Event: 4.730 Thread 0x000000012e047e00 Exception <a 'java/lang/NoClassDefFoundError'{0x0000007002083ce8}: org/apache/log4j/Priority> (0x0000007002083ce8) 
thrown [open/src/hotspot/share/classfile/systemDictionary.cpp, line 245]
Event: 4.756 Thread 0x000000012e047e00 Exception <a 'java/lang/UnsatisfiedLinkError'{0x00000070087ee558}: 'int io.grpc.netty.shaded.io.netty.channel.epoll.Native.offsetofEpollData()'> (0x00000070087ee558) 
thrown [open/src/hotspot/share/prims/nativeLookup.cpp, line 543]
Event: 4.760 Thread 0x000000012e047e00 Exception <a 'java/lang/ExceptionInInitializerError'{0x00000070087f6490}> (0x00000070087f6490) 
thrown [open/src/hotspot/share/oops/instanceKlass.cpp, line 1221]
Event: 4.788 Thread 0x000000012e047e00 Exception <a 'java/lang/reflect/InvocationTargetException'{0x0000007003b962a0}> (0x0000007003b962a0) 
thrown [open/src/hotspot/share/runtime/reflection.cpp, line 1121]
Event: 4.810 Thread 0x000000012e047e00 Exception <a 'java/lang/NoSuchMethodError'{0x0000007003bb5028}: 'java.lang.Object java.lang.invoke.DirectMethodHandle$Holder.invokeStaticInit(java.lang.Object, java.lang.Object, long, java.lang.Object)'> (0x0000007003bb5028) 
thrown [open/src/hotspot/share/interpreter/linkResolver.cpp, line 759]
Event: 4.810 Thread 0x000000012e047e00 Exception <a 'java/lang/NoSuchMethodError'{0x0000007003bbc890}: 'java.lang.Object java.lang.invoke.DirectMethodHandle$Holder.newInvokeSpecial(java.lang.Object, java.lang.Object, long)'> (0x0000007003bbc890) 
thrown [open/src/hotspot/share/interpreter/linkResolver.cpp, line 759]
Event: 4.810 Thread 0x000000012e047e00 Exception <a 'java/lang/NoSuchMethodError'{0x0000007003bc1698}: 'java.lang.Object java.lang.invoke.Invokers$Holder.linkToTargetMethod(java.lang.Object, long, java.lang.Object)'> (0x0000007003bc1698) 
thrown [open/src/hotspot/share/interpreter/linkResolver.cpp, line 759]
Event: 4.811 Thread 0x000000012e047e00 Exception <a 'java/lang/NoSuchMethodError'{0x0000007003bc9b90}: 'java.lang.Object java.lang.invoke.DirectMethodHandle$Holder.newInvokeSpecial(java.lang.Object, java.lang.Object, java.lang.Object, int)'> (0x0000007003bc9b90) 
thrown [open/src/hotspot/share/interpreter/linkResolver.cpp, line 759]
Event: 4.811 Thread 0x000000012e047e00 Exception <a 'java/lang/NoSuchMethodError'{0x0000007003bcf208}: 'java.lang.Object java.lang.invoke.DirectMethodHandle$Holder.invokeSpecial(java.lang.Object, java.lang.Object, java.lang.Object, java.lang.Object, int)'> (0x0000007003bcf208) 
thrown [open/src/hotspot/share/interpreter/linkResolver.cpp, line 759]
Event: 4.811 Thread 0x000000012e047e00 Exception <a 'java/lang/NoSuchMethodError'{0x0000007003bd4068}: 'java.lang.Object java.lang.invoke.Invokers$Holder.linkToTargetMethod(java.lang.Object, java.lang.Object, int, java.lang.Object)'> (0x0000007003bd4068) 
thrown [open/src/hotspot/share/interpreter/linkResolver.cpp, line 759]
Event: 5.333 Thread 0x000000012e047e00 Exception <a 'java/lang/ClassNotFoundException'{0x00000070034686d8}: com/sun/security/cert/internal/x509/X509V1CertImpl> (0x00000070034686d8) 
thrown [open/src/hotspot/share/classfile/systemDictionary.cpp, line 256]
Event: 5.421 Thread 0x000000012e047e00 Exception <a 'java/lang/NoSuchMethodError'{0x00000070039aa0b0}: 'void java.lang.invoke.DirectMethodHandle$Holder.invokeStatic(java.lang.Object, java.lang.Object, java.lang.Object, java.lang.Object)'> (0x00000070039aa0b0) 
thrown [open/src/hotspot/share/interpreter/linkResolver.cpp, line 759]
Event: 5.438 Thread 0x0000000136010e00 Exception <a 'sun/nio/fs/UnixException'{0x000000700351b080}> (0x000000700351b080) 
thrown [open/src/hotspot/share/prims/jni.cpp, line 516]
Event: 5.590 Thread 0x000000012e047e00 Exception <a 'java/lang/NoSuchMethodError'{0x00000070033148c0}: 'void java.lang.invoke.DirectMethodHandle$Holder.invokeStatic(java.lang.Object, long, long)'> (0x00000070033148c0) 
thrown [open/src/hotspot/share/interpreter/linkResolver.cpp, line 759]
Event: 5.590 Thread 0x000000012e047e00 Exception <a 'java/lang/NoSuchMethodError'{0x000000700331a190}: 'java.lang.Object java.lang.invoke.DirectMethodHandle$Holder.newInvokeSpecial(java.lang.Object, long)'> (0x000000700331a190) 
thrown [open/src/hotspot/share/interpreter/linkResolver.cpp, line 759]
Event: 5.934 Thread 0x0000000136010e00 Implicit null exception at 0x000000011665ef78 to 0x000000011665f004
Event: 6.034 Thread 0x0000000136010e00 Exception <a 'java/lang/NullPointerException'{0x0000007003486338}> (0x0000007003486338) 
thrown [open/src/hotspot/share/interpreter/linkResolver.cpp, line 1433]
Event: 6.114 Thread 0x0000000136010e00 Exception <a 'java/lang/NoSuchMethodError'{0x0000007002a13880}: 'java.lang.Object java.lang.invoke.DirectMethodHandle$Holder.newInvokeSpecial(java.lang.Object, java.lang.Object, int, int)'> (0x0000007002a13880) 
thrown [open/src/hotspot/share/interpreter/linkResolver.cpp, line 759]
Event: 53.392 Thread 0x000000012e03de00 Exception <a 'java/lang/InterruptedException'{0x0000007005195348}: sleep interrupted> (0x0000007005195348) 
thrown [open/src/hotspot/share/prims/jvm.cpp, line 3064]

VM Operations (20 events):
Event: 51.248 Executing VM operation: G1TryInitiateConcMark
Event: 51.249 Executing VM operation: G1TryInitiateConcMark done
Event: 51.498 Executing VM operation: G1TryInitiateConcMark
Event: 51.502 Executing VM operation: G1TryInitiateConcMark done
Event: 51.832 Executing VM operation: G1TryInitiateConcMark
Event: 51.835 Executing VM operation: G1TryInitiateConcMark done
Event: 52.083 Executing VM operation: G1TryInitiateConcMark
Event: 52.087 Executing VM operation: G1TryInitiateConcMark done
Event: 52.419 Executing VM operation: G1TryInitiateConcMark
Event: 52.422 Executing VM operation: G1TryInitiateConcMark done
Event: 52.618 Executing VM operation: G1TryInitiateConcMark
Event: 52.619 Executing VM operation: G1TryInitiateConcMark done
Event: 52.868 Executing VM operation: G1TryInitiateConcMark
Event: 52.869 Executing VM operation: G1TryInitiateConcMark done
Event: 53.083 Executing VM operation: G1TryInitiateConcMark
Event: 53.084 Executing VM operation: G1TryInitiateConcMark done
Event: 53.334 Executing VM operation: G1TryInitiateConcMark
Event: 53.335 Executing VM operation: G1TryInitiateConcMark done
Event: 54.340 Executing VM operation: Cleanup
Event: 54.340 Executing VM operation: Cleanup done

Events (20 events):
Event: 50.554 Thread 0x00000001362b7e00 Thread added: 0x00000001362b7e00
Event: 50.554 Protecting memory [0x00000070a2d30000,0x00000070a2d3c000] with protection modes 0
Event: 53.054 Thread 0x0000000136459a00 Thread added: 0x0000000136459a00
Event: 53.054 Protecting memory [0x00000070a2f3c000,0x00000070a2f48000] with protection modes 0
Event: 53.055 Thread 0x0000000136442000 Thread added: 0x0000000136442000
Event: 53.055 Protecting memory [0x00000070a3354000,0x00000070a3360000] with protection modes 0
Event: 53.055 Thread 0x0000000136442600 Thread added: 0x0000000136442600
Event: 53.055 Protecting memory [0x00000070a3560000,0x00000070a356c000] with protection modes 0
Event: 53.101 Thread 0x00000001421c7200 Thread added: 0x00000001421c7200
Event: 53.101 Protecting memory [0x00000070a376c000,0x00000070a3778000] with protection modes 0
Event: 53.113 Thread 0x000000013645a000 Thread added: 0x000000013645a000
Event: 53.113 Protecting memory [0x00000070a3978000,0x00000070a3984000] with protection modes 0
Event: 53.127 loading class java/util/AbstractList$RandomAccessSubList
Event: 53.127 loading class java/util/AbstractList$SubList
Event: 53.127 loading class java/util/AbstractList$SubList done
Event: 53.127 loading class java/util/AbstractList$RandomAccessSubList done
Event: 53.130 Thread 0x00000001423a4e00 Thread added: 0x00000001423a4e00
Event: 53.130 Protecting memory [0x00000070a3b84000,0x00000070a3b90000] with protection modes 0
Event: 53.392 Protecting memory [0x00000070a2918000,0x00000070a2924000] with protection modes 3
Event: 53.392 Thread 0x000000012e03de00 Thread exited: 0x000000012e03de00


Dynamic libraries:
0x0000000104f50000 	/Library/Java/JavaVirtualMachines/jdk-17.jdk/Contents/Home/lib/libjli.dylib
0x00000001a7e4d000 	/System/Library/Frameworks/Cocoa.framework/Versions/A/Cocoa
0x000000018a2a2000 	/System/Library/Frameworks/AppKit.framework/Versions/C/AppKit
0x000000018dbfd000 	/System/Library/Frameworks/CoreData.framework/Versions/A/CoreData
0x0000000187525000 	/System/Library/Frameworks/Foundation.framework/Versions/C/Foundation
0x0000000196853000 	/usr/lib/libSystem.B.dylib
0x000000018b88d000 	/System/Library/PrivateFrameworks/UIFoundation.framework/Versions/A/UIFoundation
0x0000000234222000 	/System/Library/PrivateFrameworks/CollectionViewCore.framework/Versions/A/CollectionViewCore
0x000000019958b000 	/System/Library/PrivateFrameworks/InternationalSupport.framework/Versions/A/InternationalSupport
0x00000001998dc000 	/System/Library/PrivateFrameworks/UserActivity.framework/Versions/A/UserActivity
0x0000000193347000 	/System/Library/PrivateFrameworks/XCTTargetBootstrap.framework/Versions/A/XCTTargetBootstrap
0x0000000249a06000 	/System/Library/PrivateFrameworks/GenerativeModels.framework/Versions/A/GenerativeModels
0x000000029dba9000 	/System/Library/PrivateFrameworks/UIIntelligenceSupport.framework/Versions/A/UIIntelligenceSupport
0x0000000231c84000 	/System/Library/PrivateFrameworks/CampoServices.framework/Versions/A/CampoServices
0x000000018e2a6000 	/System/Library/PrivateFrameworks/BaseBoard.framework/Versions/A/BaseBoard
0x00000002469b7000 	/System/Library/PrivateFrameworks/FrontBoard.framework/Versions/A/FrontBoard
0x000000018c3c2000 	/System/Library/PrivateFrameworks/TCC.framework/Versions/A/TCC
0x00000001a2b27000 	/System/Library/PrivateFrameworks/FrontBoardServices.framework/Versions/A/FrontBoardServices
0x00000002aafc3000 	/usr/lib/libRosetta.dylib
0x00000002258e0000 	/System/Library/Frameworks/SwiftUICore.framework/Versions/A/SwiftUICore
0x00000002a52f7000 	/System/Library/PrivateFrameworks/WritingTools.framework/Versions/A/WritingTools
0x00000002a3fe8000 	/System/Library/PrivateFrameworks/WindowManagement.framework/Versions/A/WindowManagement
0x000000018718b000 	/System/Library/Frameworks/SystemConfiguration.framework/Versions/A/SystemConfiguration
0x00000001985a1000 	/usr/lib/libspindump.dylib
0x000000018ba02000 	/System/Library/Frameworks/UniformTypeIdentifiers.framework/Versions/A/UniformTypeIdentifiers
0x0000000195ac3000 	/usr/lib/libbsm.0.dylib
0x0000000190a30000 	/usr/lib/libapp_launch_measurement.dylib
0x000000018fd07000 	/System/Library/PrivateFrameworks/CoreAnalytics.framework/Versions/A/CoreAnalytics
0x0000000190a33000 	/System/Library/PrivateFrameworks/CoreAutoLayout.framework/Versions/A/CoreAutoLayout
0x00000001927bd000 	/System/Library/Frameworks/Metal.framework/Versions/A/Metal
0x0000000193ec3000 	/usr/lib/liblangid.dylib
0x000000019334b000 	/System/Library/PrivateFrameworks/CoreSVG.framework/Versions/A/CoreSVG
0x000000018c3e8000 	/System/Library/PrivateFrameworks/SkyLight.framework/Versions/A/SkyLight
0x00000002a9396000 	/System/Library/SubFrameworks/FocusEngine.framework/Versions/A/FocusEngine
0x000000018ca02000 	/System/Library/Frameworks/CoreGraphics.framework/Versions/A/CoreGraphics
0x000000023d235000 	/System/Library/PrivateFrameworks/DesignLibrary.framework/Versions/A/DesignLibrary
0x000000019d466000 	/System/Library/Frameworks/Accelerate.framework/Versions/A/Accelerate
0x0000000198391000 	/System/Library/PrivateFrameworks/IconServices.framework/Versions/A/IconServices
0x000000019279a000 	/System/Library/Frameworks/IOSurface.framework/Versions/A/IOSurface
0x000000018fd3d000 	/usr/lib/libDiagnosticMessagesClient.dylib
0x00000001967a0000 	/usr/lib/libz.1.dylib
0x00000001a5022000 	/System/Library/Frameworks/ApplicationServices.framework/Versions/A/ApplicationServices
0x000000022b687000 	/System/Library/PrivateFrameworks/AnimationKit.framework/Versions/A/AnimationKit
0x0000000193335000 	/System/Library/PrivateFrameworks/DFRFoundation.framework/Versions/A/DFRFoundation
0x0000000189ae9000 	/usr/lib/libicucore.A.dylib
0x000000019b074000 	/System/Library/Frameworks/AudioToolbox.framework/Versions/A/AudioToolbox
0x00000002a9798000 	/System/Library/SubFrameworks/UIUtilities.framework/Versions/A/UIUtilities
0x0000000199892000 	/System/Library/PrivateFrameworks/DataDetectorsCore.framework/Versions/A/DataDetectorsCore
0x000000029e6e7000 	/System/Library/PrivateFrameworks/UpdateCycle.framework/Versions/A/UpdateCycle
0x00000001ba14b000 	/System/Library/PrivateFrameworks/TextInput.framework/Versions/A/TextInput
0x000000018c324000 	/usr/lib/libMobileGestalt.dylib
0x0000000193050000 	/System/Library/Frameworks/Carbon.framework/Versions/A/Frameworks/HIToolbox.framework/Versions/A/HIToolbox
0x0000000190267000 	/System/Library/Frameworks/QuartzCore.framework/Versions/A/QuartzCore
0x00000001896e4000 	/System/Library/Frameworks/Security.framework/Versions/A/Security
0x000000019d2cb000 	/System/Library/Frameworks/Carbon.framework/Versions/A/Frameworks/SpeechRecognition.framework/Versions/A/SpeechRecognition
0x0000000190716000 	/System/Library/PrivateFrameworks/CoreUI.framework/Versions/A/CoreUI
0x0000000188f5b000 	/System/Library/Frameworks/CoreAudio.framework/Versions/A/CoreAudio
0x000000018fe37000 	/System/Library/Frameworks/DiskArbitration.framework/Versions/A/DiskArbitration
0x0000000198b44000 	/System/Library/PrivateFrameworks/MultitouchSupport.framework/Versions/A/MultitouchSupport
0x000000018c323000 	/usr/lib/libenergytrace.dylib
0x00000001ad01f000 	/System/Library/PrivateFrameworks/RenderBox.framework/Versions/A/RenderBox
0x000000018a143000 	/System/Library/Frameworks/IOKit.framework/Versions/A/IOKit
0x000000019d3fd000 	/System/Library/Frameworks/CoreServices.framework/Versions/A/CoreServices
0x000000019098b000 	/System/Library/PrivateFrameworks/PerformanceAnalysis.framework/Versions/A/PerformanceAnalysis
0x00000002120dc000 	/System/Library/Frameworks/OpenGL.framework/Versions/A/OpenGL
0x0000000190a72000 	/usr/lib/libxml2.2.dylib
0x000000019543c000 	/System/Library/PrivateFrameworks/MobileKeyBag.framework/Versions/A/MobileKeyBag
0x00000001858e0000 	/usr/lib/libobjc.A.dylib
0x0000000185c72000 	/usr/lib/libc++.1.dylib
0x000000019d386000 	/System/Library/Frameworks/Accessibility.framework/Versions/A/Accessibility
0x000000018d1b1000 	/System/Library/Frameworks/ColorSync.framework/Versions/A/ColorSync
0x0000000185da6000 	/System/Library/Frameworks/CoreFoundation.framework/Versions/A/CoreFoundation
0x000000019384c000 	/System/Library/Frameworks/CoreImage.framework/Versions/A/CoreImage
0x0000000188d3c000 	/System/Library/Frameworks/CoreText.framework/Versions/A/CoreText
0x000000021d34a000 	/System/Library/Frameworks/CoreTransferable.framework/Versions/A/CoreTransferable
0x000000021d393000 	/System/Library/Frameworks/DataDetection.framework/Versions/A/DataDetection
0x000000021d3cb000 	/System/Library/Frameworks/DeveloperToolsSupport.framework/Versions/A/DeveloperToolsSupport
0x0000000193389000 	/System/Library/Frameworks/ImageIO.framework/Versions/A/ImageIO
0x0000000225439000 	/System/Library/Frameworks/Symbols.framework/Versions/A/Symbols
0x00000001bf7d3000 	/System/Library/PrivateFrameworks/AttributeGraph.framework/Versions/A/AttributeGraph
0x00000001a498d000 	/System/Library/PrivateFrameworks/BackBoardServices.framework/Versions/A/BackBoardServices
0x00000001a2bdb000 	/System/Library/PrivateFrameworks/BoardServices.framework/Versions/A/BoardServices
0x00000002340d1000 	/System/Library/PrivateFrameworks/CollectionsInternal.framework/Versions/A/CollectionsInternal
0x00000001e45f7000 	/System/Library/PrivateFrameworks/FeatureFlags.framework/Versions/A/FeatureFlags
0x000000024ac27000 	/System/Library/PrivateFrameworks/Gestures.framework/Versions/A/Gestures
0x00000002883c3000 	/System/Library/PrivateFrameworks/SceneHosting.framework/Versions/A/SceneHosting
0x0000000196857000 	/System/Library/PrivateFrameworks/SoftLinking.framework/Versions/A/SoftLinking
0x00000001cdb14000 	/usr/lib/swift/libswiftAccelerate.dylib
0x00000001c3d34000 	/usr/lib/swift/libswiftCompression.dylib
0x000000019a9f6000 	/usr/lib/swift/libswiftCore.dylib
0x00000001b6805000 	/usr/lib/swift/libswiftCoreFoundation.dylib
0x00000001b685e000 	/usr/lib/swift/libswiftCoreImage.dylib
0x00000001a2880000 	/usr/lib/swift/libswiftDispatch.dylib
0x00000001b685f000 	/usr/lib/swift/libswiftIOKit.dylib
0x00000001c3d2c000 	/usr/lib/swift/libswiftMetal.dylib
0x00000001d3558000 	/usr/lib/swift/libswiftOSLog.dylib
0x00000001a5aa6000 	/usr/lib/swift/libswiftObjectiveC.dylib
0x00000002ab693000 	/usr/lib/swift/libswiftObservation.dylib
0x00000001c9420000 	/usr/lib/swift/libswiftQuartzCore.dylib
0x00000002ab7c0000 	/usr/lib/swift/libswiftSpatial.dylib
0x00000002ab83c000 	/usr/lib/swift/libswiftSynchronization.dylib
0x00000001cd451000 	/usr/lib/swift/libswiftUniformTypeIdentifiers.dylib
0x00000001b6814000 	/usr/lib/swift/libswiftXPC.dylib
0x00000002ab44e000 	/usr/lib/swift/libswift_Builtin_float.dylib
0x00000002ab44f000 	/usr/lib/swift/libswift_Concurrency.dylib
0x00000001a5aaa000 	/usr/lib/swift/libswiftos.dylib
0x00000001b9ee4000 	/usr/lib/swift/libswiftsimd.dylib
0x0000000196a74000 	/usr/lib/libcompression.dylib
0x00000001994ed000 	/System/Library/PrivateFrameworks/TextureIO.framework/Versions/A/TextureIO
0x000000018d35d000 	/System/Library/Frameworks/ApplicationServices.framework/Versions/A/Frameworks/HIServices.framework/Versions/A/HIServices
0x0000000198055000 	/usr/lib/libate.dylib
0x000000019684e000 	/usr/lib/system/libcache.dylib
0x000000019680b000 	/usr/lib/system/libcommonCrypto.dylib
0x0000000196834000 	/usr/lib/system/libcompiler_rt.dylib
0x0000000196829000 	/usr/lib/system/libcopyfile.dylib
0x0000000185a9a000 	/usr/lib/system/libcorecrypto.dylib
0x0000000185ba5000 	/usr/lib/system/libdispatch.dylib
0x000000018593c000 	/usr/lib/system/libdyld.dylib
0x0000000196844000 	/usr/lib/system/libkeymgr.dylib
0x00000001967ee000 	/usr/lib/system/libmacho.dylib
0x000000019548e000 	/usr/lib/system/libquarantine.dylib
0x0000000196841000 	/usr/lib/system/libremovefile.dylib
0x000000018c3aa000 	/usr/lib/system/libsystem_asl.dylib
0x0000000185a20000 	/usr/lib/system/libsystem_blocks.dylib
0x0000000185bef000 	/usr/lib/system/libsystem_c.dylib
0x0000000196838000 	/usr/lib/system/libsystem_collections.dylib
0x0000000193eb1000 	/usr/lib/system/libsystem_configuration.dylib
0x0000000192760000 	/usr/lib/system/libsystem_containermanager.dylib
0x00000001961e2000 	/usr/lib/system/libsystem_coreservices.dylib
0x0000000189dcd000 	/usr/lib/system/libsystem_darwin.dylib
0x00000002ab9d8000 	/usr/lib/system/libsystem_darwindirectory.dylib
0x0000000196845000 	/usr/lib/system/libsystem_dnssd.dylib
0x00000002ab9dc000 	/usr/lib/system/libsystem_eligibility.dylib
0x0000000185bec000 	/usr/lib/system/libsystem_featureflags.dylib
0x0000000185d77000 	/usr/lib/system/libsystem_info.dylib
0x00000001967af000 	/usr/lib/system/libsystem_m.dylib
0x0000000185b4f000 	/usr/lib/system/libsystem_malloc.dylib
0x000000018c309000 	/usr/lib/system/libsystem_networkextension.dylib
0x000000018a228000 	/usr/lib/system/libsystem_notify.dylib
0x0000000193eb6000 	/usr/lib/system/libsystem_sandbox.dylib
0x00000002ab9e7000 	/usr/lib/system/libsystem_sanitizers.dylib
0x000000019683e000 	/usr/lib/system/libsystem_secinit.dylib
0x0000000185d21000 	/usr/lib/system/libsystem_kernel.dylib
0x0000000185d6d000 	/usr/lib/system/libsystem_platform.dylib
0x0000000185d60000 	/usr/lib/system/libsystem_pthread.dylib
0x000000018e458000 	/usr/lib/system/libsystem_symptoms.dylib
0x0000000185a7a000 	/usr/lib/system/libsystem_trace.dylib
0x00000002ab9f1000 	/usr/lib/system/libsystem_trial.dylib
0x0000000196818000 	/usr/lib/system/libunwind.dylib
0x0000000185a24000 	/usr/lib/system/libxpc.dylib
0x0000000185d07000 	/usr/lib/libc++abi.dylib
0x000000018d4dc000 	/usr/lib/objc/libobjcMsgSend.dylib
0x0000000197f01000 	/usr/lib/liblzma.5.dylib
0x000000026df7c000 	/System/Library/PrivateFrameworks/NSPredicateSecurityPolicy.framework/Versions/A/NSPredicateSecurityPolicy
0x0000000196855000 	/usr/lib/libfakelink.dylib
0x000000018bf8d000 	/System/Library/Frameworks/CFNetwork.framework/Versions/A/CFNetwork
0x00000001968a8000 	/usr/lib/libarchive.2.dylib
0x000000019d1af000 	/System/Library/Frameworks/Combine.framework/Versions/A/Combine
0x0000000287065000 	/System/Library/PrivateFrameworks/ReflectionInternal.framework/Versions/A/ReflectionInternal
0x00000002881aa000 	/System/Library/PrivateFrameworks/RuntimeInternal.framework/Versions/A/RuntimeInternal
0x00000001b316c000 	/usr/lib/swift/libswiftDarwin.dylib
0x00000002ab850000 	/usr/lib/swift/libswiftSystem.dylib
0x00000002ab4db000 	/usr/lib/swift/libswift_DarwinFoundation1.dylib
0x00000002ab57d000 	/usr/lib/swift/libswift_StringProcessing.dylib
0x000000018a0cb000 	/System/Library/PrivateFrameworks/CoreServicesInternal.framework/Versions/A/CoreServicesInternal
0x0000000196822000 	/usr/lib/liboah.dylib
0x00000001a4b68000 	/System/Library/PrivateFrameworks/DiskImages.framework/Versions/A/DiskImages
0x00000001b2cab000 	/System/Library/Frameworks/NetFS.framework/Versions/A/NetFS
0x0000000190a02000 	/System/Library/Frameworks/CoreServices.framework/Versions/A/Frameworks/FSEvents.framework/Versions/A/FSEvents
0x0000000189dd7000 	/System/Library/Frameworks/CoreServices.framework/Versions/A/Frameworks/CarbonCore.framework/Versions/A/CarbonCore
0x000000018fdac000 	/System/Library/Frameworks/CoreServices.framework/Versions/A/Frameworks/Metadata.framework/Versions/A/Metadata
0x00000001961e9000 	/System/Library/Frameworks/CoreServices.framework/Versions/A/Frameworks/OSServices.framework/Versions/A/OSServices
0x00000001969a0000 	/System/Library/Frameworks/CoreServices.framework/Versions/A/Frameworks/SearchKit.framework/Versions/A/SearchKit
0x000000018e3d4000 	/System/Library/Frameworks/CoreServices.framework/Versions/A/Frameworks/AE.framework/Versions/A/AE
0x0000000186234000 	/System/Library/Frameworks/CoreServices.framework/Versions/A/Frameworks/LaunchServices.framework/Versions/A/LaunchServices
0x0000000197eab000 	/System/Library/Frameworks/CoreServices.framework/Versions/A/Frameworks/DictionaryServices.framework/Versions/A/DictionaryServices
0x0000000190a0e000 	/System/Library/Frameworks/CoreServices.framework/Versions/A/Frameworks/SharedFileList.framework/Versions/A/SharedFileList
0x0000000196a31000 	/usr/lib/libapple_nghttp2.dylib
0x000000018e039000 	/usr/lib/libsqlite3.dylib
0x000000018e461000 	/System/Library/Frameworks/Network.framework/Versions/A/Network
0x00000001967f2000 	/usr/lib/system/libkxld.dylib
0x000000022ceed000 	/System/Library/PrivateFrameworks/AppleKeyStore.framework/Versions/A/AppleKeyStore
0x00000002aa00d000 	/usr/lib/libCoreEntitlements.dylib
0x00000002ab1d8000 	/usr/lib/libTLE.dylib
0x0000000263c9c000 	/System/Library/PrivateFrameworks/MessageSecurity.framework/Versions/A/MessageSecurity
0x000000018d47a000 	/System/Library/PrivateFrameworks/ProtocolBuffer.framework/Versions/A/ProtocolBuffer
0x00000001a1d83000 	/System/Library/PrivateFrameworks/SymptomDiagnosticReporter.framework/Versions/A/SymptomDiagnosticReporter
0x00000001980ee000 	/System/Library/PrivateFrameworks/CrashReporterSupport.framework/Versions/A/CrashReporterSupport
0x00000001961ca000 	/System/Library/PrivateFrameworks/AppleFSCompression.framework/Versions/A/AppleFSCompression
0x0000000195aab000 	/usr/lib/libcoretls.dylib
0x0000000197f20000 	/usr/lib/libcoretls_cfhelpers.dylib
0x0000000196a6e000 	/usr/lib/libpam.2.dylib
0x0000000197f95000 	/usr/lib/libxar.1.dylib
0x0000000197f22000 	/System/Library/PrivateFrameworks/APFS.framework/Versions/A/APFS
0x0000000297812000 	/System/Library/PrivateFrameworks/SwiftASN1Internal.framework/Versions/A/SwiftASN1Internal
0x0000000197fa4000 	/usr/lib/libutil.dylib
0x00000002ab11f000 	/usr/lib/libswiftPrespecialized.dylib
0x0000000193ebf000 	/System/Library/PrivateFrameworks/AppleSystemInfo.framework/Versions/A/AppleSystemInfo
0x0000000195388000 	/System/Library/PrivateFrameworks/IOMobileFramebuffer.framework/Versions/A/IOMobileFramebuffer
0x00000002345a6000 	/System/Library/PrivateFrameworks/ConnectedMode.framework/Versions/A/ConnectedMode
0x000000022529f000 	/System/Library/Frameworks/SwiftData.framework/Versions/A/SwiftData
0x000000018beb8000 	/usr/lib/libboringssl.dylib
0x000000018e446000 	/usr/lib/libdns_services.dylib
0x00000001b5298000 	/usr/lib/libquic.dylib
0x000000019a98a000 	/usr/lib/libusrtcp.dylib
0x000000022fa04000 	/System/Library/PrivateFrameworks/AtomicsInternal.framework/Versions/A/AtomicsInternal
0x00000001dc501000 	/System/Library/PrivateFrameworks/InternalSwiftProtobuf.framework/Versions/A/InternalSwiftProtobuf
0x00000002ab66d000 	/usr/lib/swift/libswiftDistributed.dylib
0x00000002ab4de000 	/usr/lib/swift/libswift_DarwinFoundation2.dylib
0x00000002ab4df000 	/usr/lib/swift/libswift_DarwinFoundation3.dylib
0x00000002ab4e2000 	/usr/lib/swift/libswift_RegexParser.dylib
0x0000000198333000 	/usr/lib/libheimdal-asn1.dylib
0x0000000196a0d000 	/System/Library/PrivateFrameworks/AppleSauce.framework/Versions/A/AppleSauce
0x00000001c80d0000 	/System/Library/PrivateFrameworks/OSAnalytics.framework/Versions/A/OSAnalytics
0x0000000243090000 	/System/Library/PrivateFrameworks/DeviceRecovery.framework/Versions/A/DeviceRecovery
0x00000001a2fd7000 	/System/Library/PrivateFrameworks/CoreSymbolication.framework/Versions/A/CoreSymbolication
0x00000001d3efd000 	/System/Library/PrivateFrameworks/Symbolication.framework/Versions/A/Symbolication
0x00000001a2fb6000 	/System/Library/PrivateFrameworks/DebugSymbols.framework/Versions/A/DebugSymbols
0x00000002a9890000 	/usr/lib/libAppleArchive.dylib
0x00000001961d5000 	/usr/lib/libbz2.1.0.dylib
0x00000001b6761000 	/System/Library/PrivateFrameworks/MallocStackLogging.framework/Versions/A/MallocStackLogging
0x0000000195491000 	/usr/lib/libCheckFix.dylib
0x0000000193ec5000 	/System/Library/PrivateFrameworks/CoreNLP.framework/Versions/A/CoreNLP
0x000000018fd3f000 	/System/Library/PrivateFrameworks/MetadataUtilities.framework/Versions/A/MetadataUtilities
0x0000000195ad4000 	/usr/lib/libmecab.dylib
0x000000018721d000 	/usr/lib/libCRFSuite.dylib
0x0000000195b35000 	/usr/lib/libgermantok.dylib
0x0000000196a05000 	/usr/lib/libThaiTokenizer.dylib
0x000000018fe41000 	/System/Library/Frameworks/Accelerate.framework/Versions/A/Frameworks/vImage.framework/Versions/A/vImage
0x000000019d3e0000 	/System/Library/Frameworks/Accelerate.framework/Versions/A/Frameworks/vecLib.framework/Versions/A/vecLib
0x0000000197fda000 	/System/Library/Frameworks/Accelerate.framework/Versions/A/Frameworks/vecLib.framework/Versions/A/libvMisc.dylib
0x00000001866d6000 	/System/Library/Frameworks/Accelerate.framework/Versions/A/Frameworks/vecLib.framework/Versions/A/libBLAS.dylib
0x0000000190b59000 	/System/Library/Frameworks/CoreVideo.framework/Versions/A/CoreVideo
0x000000019b2c3000 	/System/Library/Frameworks/ApplicationServices.framework/Versions/A/Frameworks/ATS.framework/Versions/A/ATS
0x0000000199481000 	/System/Library/Frameworks/ApplicationServices.framework/Versions/A/Frameworks/PrintCore.framework/Versions/A/PrintCore
0x000000019b614000 	/System/Library/Frameworks/ApplicationServices.framework/Versions/A/Frameworks/QD.framework/Versions/A/QD
0x000000019b60f000 	/System/Library/Frameworks/ApplicationServices.framework/Versions/A/Frameworks/ColorSyncLegacy.framework/Versions/A/ColorSyncLegacy
0x000000019b2b8000 	/System/Library/Frameworks/ApplicationServices.framework/Versions/A/Frameworks/SpeechSynthesis.framework/Versions/A/SpeechSynthesis
0x0000000192db3000 	/System/Library/PrivateFrameworks/FontServices.framework/libFontParser.dylib
0x000000023052b000 	/System/Library/PrivateFrameworks/BiomeLibrary.framework/Versions/A/BiomeLibrary
0x00000002303d7000 	/System/Library/PrivateFrameworks/BackBoardHIDEventFoundation.framework/Versions/A/BackBoardHIDEventFoundation
0x0000000188860000 	/System/Library/Frameworks/CoreDisplay.framework/Versions/A/CoreDisplay
0x0000000198b89000 	/System/Library/Frameworks/VideoToolbox.framework/Versions/A/VideoToolbox
0x0000000196a6c000 	/System/Library/Frameworks/MetalPerformanceShaders.framework/Versions/A/MetalPerformanceShaders
0x00000002863b3000 	/System/Library/PrivateFrameworks/ProDisplayLibrary.framework/Versions/A/ProDisplayLibrary
0x00000001a88fd000 	/System/Library/PrivateFrameworks/IOSurfaceAccelerator.framework/Versions/A/IOSurfaceAccelerator
0x000000018e37b000 	/System/Library/PrivateFrameworks/RunningBoardServices.framework/Versions/A/RunningBoardServices
0x00000001927b3000 	/System/Library/PrivateFrameworks/IOAccelerator.framework/Versions/A/IOAccelerator
0x0000000192a6c000 	/System/Library/Frameworks/CoreMedia.framework/Versions/A/CoreMedia
0x0000000198b42000 	/System/Library/PrivateFrameworks/WatchdogClient.framework/Versions/A/WatchdogClient
0x0000000230426000 	/System/Library/PrivateFrameworks/BackBoardHIDTouchEventProcessor.framework/Versions/A/BackBoardHIDTouchEventProcessor
0x00000001b67e6000 	/usr/lib/swift/libswiftCoreAudio.dylib
0x00000001c4c54000 	/System/Library/PrivateFrameworks/BiomeStreams.framework/Versions/A/BiomeStreams
0x00000001cb0b5000 	/System/Library/PrivateFrameworks/BiomeStorage.framework/Versions/A/BiomeStorage
0x00000001c14cd000 	/System/Library/PrivateFrameworks/BiomeFoundation.framework/Versions/A/BiomeFoundation
0x000000025ca2a000 	/System/Library/PrivateFrameworks/IntelligencePlatformLibrary.framework/Versions/A/IntelligencePlatformLibrary
0x0000000274339000 	/System/Library/PrivateFrameworks/PoirotSchematizer.framework/Versions/A/PoirotSchematizer
0x0000000230d57000 	/System/Library/PrivateFrameworks/BiomeSync.framework/Versions/A/BiomeSync
0x0000000230517000 	/System/Library/PrivateFrameworks/BiomeDSL.framework/Versions/A/BiomeDSL
0x00000001cb064000 	/System/Library/PrivateFrameworks/BiomePubSub.framework/Versions/A/BiomePubSub
0x00000001b66e7000 	/System/Library/PrivateFrameworks/LoggingSupport.framework/Versions/A/LoggingSupport
0x00000001a69e1000 	/System/Library/PrivateFrameworks/ProactiveSupport.framework/Versions/A/ProactiveSupport
0x00000002743f6000 	/System/Library/PrivateFrameworks/PoirotUDFs.framework/Versions/A/PoirotUDFs
0x00000001a3137000 	/System/Library/PrivateFrameworks/CoreTime.framework/Versions/A/CoreTime
0x000000019b6a7000 	/System/Library/PrivateFrameworks/MobileAsset.framework/Versions/A/MobileAsset
0x00000001a5023000 	/System/Library/PrivateFrameworks/InternationalTextSearch.framework/Versions/A/InternationalTextSearch
0x00000001bdb4c000 	/System/Library/PrivateFrameworks/SoftwareUpdateCoreSupport.framework/Versions/A/SoftwareUpdateCoreSupport
0x00000001c5385000 	/System/Library/PrivateFrameworks/SoftwareUpdateCoreConnect.framework/Versions/A/SoftwareUpdateCoreConnect
0x00000001a5a3b000 	/System/Library/PrivateFrameworks/StreamingZip.framework/Versions/A/StreamingZip
0x00000001a4c5b000 	/System/Library/PrivateFrameworks/RemoteServiceDiscovery.framework/Versions/A/RemoteServiceDiscovery
0x00000001bd281000 	/System/Library/PrivateFrameworks/MSUDataAccessor.framework/Versions/A/MSUDataAccessor
0x00000001b8559000 	/usr/lib/libbootpolicy.dylib
0x0000000190c34000 	/System/Library/PrivateFrameworks/UserManagement.framework/Versions/A/UserManagement
0x00000001cdcb2000 	/usr/lib/libpartition2_dynamic.dylib
0x00000001a4c71000 	/System/Library/PrivateFrameworks/RemoteXPC.framework/Versions/A/RemoteXPC
0x00000001c4b2d000 	/usr/lib/libFDR.dylib
0x00000001cac82000 	/usr/lib/libamsupport.dylib
0x00000002aafbc000 	/usr/lib/libReverseProxyDevice.dylib
0x000000022c6ec000 	/System/Library/PrivateFrameworks/AppleDeviceQuerySupport.framework/Versions/A/AppleDeviceQuerySupport
0x0000000193ebd000 	/System/Library/PrivateFrameworks/AggregateDictionary.framework/Versions/A/AggregateDictionary
0x000000019688d000 	/usr/lib/libiconv.2.dylib
0x00000001967ed000 	/usr/lib/libcharset.1.dylib
0x00000002743b9000 	/System/Library/PrivateFrameworks/PoirotSQLite.framework/Versions/A/PoirotSQLite
0x0000000232212000 	/System/Library/PrivateFrameworks/CascadeSets.framework/Versions/A/CascadeSets
0x00000001a4d8f000 	/System/Library/PrivateFrameworks/AppSupport.framework/Versions/A/AppSupport
0x000000019b7e6000 	/System/Library/PrivateFrameworks/CorePhoneNumbers.framework/Versions/A/CorePhoneNumbers
0x000000019893b000 	/System/Library/PrivateFrameworks/AppleJPEG.framework/Versions/A/AppleJPEG
0x0000000198317000 	/usr/lib/libexpat.1.dylib
0x000000019935a000 	/System/Library/Frameworks/ImageIO.framework/Versions/A/Resources/libPng.dylib
0x0000000199384000 	/System/Library/Frameworks/ImageIO.framework/Versions/A/Resources/libTIFF.dylib
0x000000019946a000 	/System/Library/Frameworks/ImageIO.framework/Versions/A/Resources/libGIF.dylib
0x0000000198980000 	/System/Library/Frameworks/ImageIO.framework/Versions/A/Resources/libJP2.dylib
0x0000000199412000 	/System/Library/Frameworks/ImageIO.framework/Versions/A/Resources/libJPEG.dylib
0x000000019940a000 	/System/Library/Frameworks/ImageIO.framework/Versions/A/Resources/libRadiance.dylib
0x00000002ab6b8000 	/usr/lib/swift/libswiftRegexBuilder.dylib
0x000000024bec5000 	/System/Library/PrivateFrameworks/GPUCompiler.framework/Versions/32023/Libraries/libllvm-flatbuffers.dylib
0x000000024692c000 	/System/Library/PrivateFrameworks/FramePacing.framework/Versions/A/FramePacing
0x00000002120cf000 	/System/Library/Frameworks/OpenGL.framework/Versions/A/Libraries/libCoreFSCache.dylib
0x000000024bebe000 	/System/Library/PrivateFrameworks/GPUCompiler.framework/Versions/32023/Libraries/libGPUCompilerUtils.dylib
0x000000021548d000 	/System/Library/Frameworks/_LocationEssentials.framework/Versions/A/_LocationEssentials
0x000000019d8e0000 	/System/Library/PrivateFrameworks/GeoServices.framework/Versions/A/GeoServices
0x000000019aff0000 	/System/Library/PrivateFrameworks/LocationSupport.framework/Versions/A/LocationSupport
0x00000001a1c7a000 	/System/Library/Frameworks/CoreBluetooth.framework/Versions/A/CoreBluetooth
0x000000024a753000 	/System/Library/PrivateFrameworks/GeoServicesCore.framework/Versions/A/GeoServicesCore
0x00000001aed81000 	/System/Library/PrivateFrameworks/PhoneNumbers.framework/Versions/A/PhoneNumbers
0x00000001a1d90000 	/System/Library/PrivateFrameworks/PowerLog.framework/Versions/A/PowerLog
0x00000001d5203000 	/System/Library/Frameworks/OSLog.framework/Versions/A/OSLog
0x000000021dd0b000 	/System/Library/Frameworks/ExtensionFoundation.framework/Versions/A/ExtensionFoundation
0x0000000198595000 	/System/Library/PrivateFrameworks/AppServerSupport.framework/Versions/A/AppServerSupport
0x0000000270172000 	/System/Library/PrivateFrameworks/OSEligibility.framework/Versions/A/OSEligibility
0x000000021fafa000 	/System/Library/Frameworks/LightweightCodeRequirements.framework/Versions/A/LightweightCodeRequirements
0x0000000198226000 	/System/Library/PrivateFrameworks/PlugInKit.framework/Versions/A/PlugInKit
0x0000000195452000 	/System/Library/PrivateFrameworks/AssertionServices.framework/Versions/A/AssertionServices
0x000000021212c000 	/System/Library/Frameworks/OpenGL.framework/Versions/A/Libraries/libGLU.dylib
0x00000002120ef000 	/System/Library/Frameworks/OpenGL.framework/Versions/A/Libraries/libGFXShared.dylib
0x00000002122bc000 	/System/Library/Frameworks/OpenGL.framework/Versions/A/Libraries/libGL.dylib
0x00000002120f8000 	/System/Library/Frameworks/OpenGL.framework/Versions/A/Libraries/libGLImage.dylib
0x00000002120ec000 	/System/Library/Frameworks/OpenGL.framework/Versions/A/Libraries/libCVMSPluginSupport.dylib
0x00000002120d6000 	/System/Library/Frameworks/OpenGL.framework/Versions/A/Libraries/libCoreVMClient.dylib
0x00000001a6b1d000 	/System/Library/PrivateFrameworks/ASEProcessing.framework/Versions/A/ASEProcessing
0x0000000272cf2000 	/System/Library/PrivateFrameworks/PhotosensitivityProcessing.framework/Versions/A/PhotosensitivityProcessing
0x00000001c4be0000 	/System/Library/PrivateFrameworks/TimeSync.framework/Versions/A/TimeSync
0x000000022d20d000 	/System/Library/PrivateFrameworks/AppleMSG.framework/Versions/A/AppleMSG
0x000000028b2fa000 	/System/Library/PrivateFrameworks/SILManager.framework/Versions/A/SILManager
0x0000000198545000 	/System/Library/PrivateFrameworks/GraphVisualizer.framework/Versions/A/GraphVisualizer
0x0000000246928000 	/System/Library/PrivateFrameworks/FontServices.framework/Versions/A/FontServices
0x000000019855c000 	/System/Library/PrivateFrameworks/OTSVG.framework/Versions/A/OTSVG
0x00000001906ca000 	/System/Library/Frameworks/ApplicationServices.framework/Versions/A/Frameworks/ATS.framework/Versions/A/Resources/libFontRegistry.dylib
0x00000002aa514000 	/usr/lib/libhvf.dylib
0x000000027028e000 	/System/Library/PrivateFrameworks/ParsingInternal.framework/Versions/A/ParsingInternal
0x0000000246819000 	/System/Library/PrivateFrameworks/FontServices.framework/libXTFontStaticRegistryData.dylib
0x0000000193e00000 	/System/Library/Frameworks/MetalPerformanceShaders.framework/Versions/A/Frameworks/MPSCore.framework/Versions/A/MPSCore
0x000000019613b000 	/System/Library/Frameworks/MetalPerformanceShaders.framework/Versions/A/Frameworks/MPSImage.framework/Versions/A/MPSImage
0x0000000195b4c000 	/System/Library/Frameworks/MetalPerformanceShaders.framework/Versions/A/Frameworks/MPSNeuralNetwork.framework/Versions/A/MPSNeuralNetwork
0x0000000195f39000 	/System/Library/Frameworks/MetalPerformanceShaders.framework/Versions/A/Frameworks/MPSMatrix.framework/Versions/A/MPSMatrix
0x0000000195d9e000 	/System/Library/Frameworks/MetalPerformanceShaders.framework/Versions/A/Frameworks/MPSRayIntersector.framework/Versions/A/MPSRayIntersector
0x0000000195f68000 	/System/Library/Frameworks/MetalPerformanceShaders.framework/Versions/A/Frameworks/MPSNDArray.framework/Versions/A/MPSNDArray
0x0000000220985000 	/System/Library/Frameworks/MetalPerformanceShaders.framework/Versions/A/Frameworks/MPSFunctions.framework/Versions/A/MPSFunctions
0x0000000220973000 	/System/Library/Frameworks/MetalPerformanceShaders.framework/Versions/A/Frameworks/MPSBenchmarkLoop.framework/Versions/A/MPSBenchmarkLoop
0x0000000220998000 	/System/Library/Frameworks/MetalPerformanceShaders.framework/Versions/A/Frameworks/MPSHost.framework/Versions/A/MPSHost
0x000000018652a000 	/System/Library/PrivateFrameworks/MetalTools.framework/Versions/A/MetalTools
0x000000026b15e000 	/System/Library/PrivateFrameworks/MTL3On4.framework/Versions/A/MTL3On4
0x00000001bb39c000 	/System/Library/PrivateFrameworks/IOAccelMemoryInfo.framework/Versions/A/IOAccelMemoryInfo
0x00000001c9764000 	/System/Library/PrivateFrameworks/kperf.framework/Versions/A/kperf
0x00000001b67e3000 	/System/Library/PrivateFrameworks/GPURawCounter.framework/Versions/A/GPURawCounter
0x00000001c5492000 	/System/Library/PrivateFrameworks/IOKitten.framework/Versions/A/IOKitten
0x000000029b0bf000 	/System/Library/PrivateFrameworks/Tightbeam.framework/Versions/A/Tightbeam
0x00000001ce151000 	/System/Library/PrivateFrameworks/AFKUser.framework/Versions/A/AFKUser
0x0000000190993000 	/System/Library/Frameworks/OpenDirectory.framework/Versions/A/OpenDirectory
0x0000000261f3f000 	/System/Library/PrivateFrameworks/LocationLogEncryption.framework/Versions/A/LocationLogEncryption
0x000000019099d000 	/System/Library/Frameworks/OpenDirectory.framework/Versions/A/Frameworks/CFOpenDirectory.framework/Versions/A/CFOpenDirectory
0x0000000195a2b000 	/System/Library/Frameworks/SecurityFoundation.framework/Versions/A/SecurityFoundation
0x00000001958e0000 	/System/Library/PrivateFrameworks/CoreUtils.framework/Versions/A/CoreUtils
0x000000023c704000 	/System/Library/PrivateFrameworks/CoreUtilsExtras.framework/Versions/A/CoreUtilsExtras
0x000000025d415000 	/System/Library/PrivateFrameworks/IO80211.framework/Versions/A/IO80211
0x00000001a2697000 	/System/Library/Frameworks/CoreTelephony.framework/Versions/A/CoreTelephony
0x00000001a3141000 	/System/Library/PrivateFrameworks/Rapport.framework/Versions/A/Rapport
0x000000019b7f5000 	/usr/lib/libTelephonyUtilDynamic.dylib
0x00000001b5183000 	/System/Library/Frameworks/AVFoundation.framework/Versions/A/AVFoundation
0x000000018e230000 	/System/Library/Frameworks/Accounts.framework/Versions/A/Accounts
0x000000019cff4000 	/System/Library/PrivateFrameworks/ProtectedCloudStorage.framework/Versions/A/ProtectedCloudStorage
0x00000001df821000 	/System/Library/Frameworks/CryptoKit.framework/Versions/A/CryptoKit
0x00000001d37cb000 	/usr/lib/swift/libswiftAVFoundation.dylib
0x00000001bcada000 	/usr/lib/swift/libswiftCoreMIDI.dylib
0x000000018a23a000 	/usr/lib/libsandbox.1.dylib
0x000000019b602000 	/System/Library/PrivateFrameworks/NetAuth.framework/Versions/A/NetAuth
0x00000001a1e9b000 	/System/Library/PrivateFrameworks/DiskManagement.framework/Versions/A/DiskManagement
0x00000001a4cfe000 	/usr/lib/libcsfde.dylib
0x0000000198260000 	/usr/lib/libCoreStorage.dylib
0x00000001a1e6a000 	/System/Library/PrivateFrameworks/MediaKit.framework/Versions/A/MediaKit
0x00000001a1dc0000 	/System/Library/Frameworks/DiscRecording.framework/Versions/A/DiscRecording
0x00000001a4cfa000 	/System/Library/PrivateFrameworks/EFILogin.framework/Versions/A/EFILogin
0x0000000228960000 	/System/Library/PrivateFrameworks/AAAFoundation.framework/Versions/A/AAAFoundation
0x00000001ad301000 	/System/Library/PrivateFrameworks/CloudServices.framework/Versions/A/CloudServices
0x00000001a214d000 	/System/Library/PrivateFrameworks/OctagonTrust.framework/Versions/A/OctagonTrust
0x00000001a1db5000 	/System/Library/PrivateFrameworks/AppleIDAuthSupport.framework/Versions/A/AppleIDAuthSupport
0x000000019b7ae000 	/System/Library/PrivateFrameworks/KeychainCircle.framework/Versions/A/KeychainCircle
0x000000019621a000 	/System/Library/PrivateFrameworks/AuthKit.framework/Versions/A/AuthKit
0x000000019b312000 	/System/Library/PrivateFrameworks/MultiverseSupport.framework/Versions/A/MultiverseSupport
0x00000001aed82000 	/System/Library/PrivateFrameworks/URLFormatting.framework/Versions/A/URLFormatting
0x0000000188978000 	/System/Library/PrivateFrameworks/AudioToolboxCore.framework/Versions/A/AudioToolboxCore
0x000000019b24b000 	/System/Library/PrivateFrameworks/AudioSession.framework/Versions/A/AudioSession
0x00000001a7c9e000 	/System/Library/Frameworks/CoreMIDI.framework/Versions/A/CoreMIDI
0x000000019b2b5000 	/usr/lib/libAudioStatistics.dylib
0x0000000192a41000 	/System/Library/PrivateFrameworks/caulk.framework/Versions/A/caulk
0x000000019b61d000 	/System/Library/PrivateFrameworks/perfdata.framework/Versions/A/perfdata
0x00000001b5389000 	/System/Library/PrivateFrameworks/SystemPolicy.framework/Versions/A/SystemPolicy
0x000000019b4c4000 	/usr/lib/libSMC.dylib
0x000000019b628000 	/usr/lib/libperfcheck.dylib
0x000000022faad000 	/System/Library/PrivateFrameworks/AudioAnalytics.framework/Versions/A/AudioAnalytics
0x00000001b6789000 	/usr/lib/libmis.dylib
0x0000000198434000 	/System/Library/PrivateFrameworks/MediaExperience.framework/Versions/A/MediaExperience
0x000000019b021000 	/System/Library/PrivateFrameworks/AudioSession.framework/libSessionUtility.dylib
0x0000000199470000 	/System/Library/PrivateFrameworks/CMCaptureCore.framework/Versions/A/CMCaptureCore
0x00000001ad33e000 	/System/Library/PrivateFrameworks/HID.framework/Versions/A/HID
0x00000001a44c0000 	/System/Library/PrivateFrameworks/CoreWiFi.framework/Versions/A/CoreWiFi
0x000000019cf50000 	/System/Library/Frameworks/IOBluetooth.framework/Versions/A/IOBluetooth
0x000000019833d000 	/System/Library/PrivateFrameworks/IconFoundation.framework/Versions/A/IconFoundation
0x0000000257d5f000 	/System/Library/PrivateFrameworks/IconRendering.framework/Versions/A/IconRendering
0x000000028ac47000 	/System/Library/PrivateFrameworks/SFSymbols.framework/Versions/A/SFSymbols
0x00000001980e5000 	/usr/lib/libIOReport.dylib
0x00000001e466a000 	/System/Library/PrivateFrameworks/WiFiPeerToPeer.framework/Versions/A/WiFiPeerToPeer
0x0000000232631000 	/System/Library/PrivateFrameworks/Centauri.framework/Versions/A/Centauri
0x0000000186f08000 	/System/Library/PrivateFrameworks/Lexicon.framework/Versions/A/Lexicon
0x00000002aaa21000 	/usr/lib/libmrc.dylib
0x000000025d47f000 	/System/Library/PrivateFrameworks/IPConfiguration.framework/Versions/A/IPConfiguration
0x00000001d46aa000 	/System/Library/PrivateFrameworks/Netrb.framework/Versions/A/Netrb
0x0000000193fe1000 	/System/Library/PrivateFrameworks/LinguisticData.framework/Versions/A/LinguisticData
0x00000001a2cae000 	/System/Library/PrivateFrameworks/GraphicsServices.framework/Versions/A/GraphicsServices
0x000000019657c000 	/System/Library/Frameworks/UserNotifications.framework/Versions/A/UserNotifications
0x00000001a5a1a000 	/System/Library/Frameworks/AudioUnit.framework/Versions/A/AudioUnit
0x00000001a2cbe000 	/System/Library/Frameworks/CryptoTokenKit.framework/Versions/A/CryptoTokenKit
0x0000000190bfd000 	/System/Library/PrivateFrameworks/login.framework/Versions/A/Frameworks/loginsupport.framework/Versions/A/loginsupport
0x0000000198258000 	/usr/lib/libMatch.1.dylib
0x00000001a5a16000 	/System/Library/PrivateFrameworks/CryptoKitCBridging.framework/Versions/A/CryptoKitCBridging
0x00000001a537c000 	/System/Library/PrivateFrameworks/AppleIDSSOAuthentication.framework/Versions/A/AppleIDSSOAuthentication
0x00000002a0ef1000 	/System/Library/PrivateFrameworks/VideoToolboxParavirtualizationSupport.framework/Versions/A/VideoToolboxParavirtualizationSupport
0x00000001982ce000 	/System/Library/PrivateFrameworks/AppleVA.framework/Versions/A/AppleVA
0x000000021c9c6000 	/System/Library/Frameworks/AVFAudio.framework/Versions/A/AVFAudio
0x00000001a2897000 	/System/Library/PrivateFrameworks/AVFCore.framework/Versions/A/AVFCore
0x00000001ac444000 	/System/Library/PrivateFrameworks/AVFCapture.framework/Versions/A/AVFCapture
0x000000021caf6000 	/System/Library/Frameworks/AVRouting.framework/Versions/A/AVRouting
0x00000002606d5000 	/System/Library/PrivateFrameworks/IsolatedCoreAudioClient.framework/Versions/A/IsolatedCoreAudioClient
0x0000000234d50000 	/System/Library/PrivateFrameworks/CoreAudioOrchestration.framework/Versions/A/CoreAudioOrchestration
0x00000001a0eac000 	/System/Library/Frameworks/MediaAccessibility.framework/Versions/A/MediaAccessibility
0x0000000199938000 	/System/Library/Frameworks/MediaToolbox.framework/Versions/A/MediaToolbox
0x00000001a1f7d000 	/System/Library/PrivateFrameworks/CoreAVCHD.framework/Versions/A/CoreAVCHD
0x00000001a1f79000 	/System/Library/PrivateFrameworks/Mangrove.framework/Versions/A/Mangrove
0x00000001a1f6d000 	/System/Library/PrivateFrameworks/CoreAUC.framework/Versions/A/CoreAUC
0x0000000199405000 	/System/Library/PrivateFrameworks/GPUWrangler.framework/Versions/A/GPUWrangler
0x00000001993e6000 	/System/Library/PrivateFrameworks/IOPresentment.framework/Versions/A/IOPresentment
0x000000019940d000 	/System/Library/PrivateFrameworks/DSExternalDisplay.framework/Versions/A/DSExternalDisplay
0x00000001ac7f8000 	/System/Library/PrivateFrameworks/CMCapture.framework/Versions/A/CMCapture
0x00000002339e7000 	/System/Library/PrivateFrameworks/CMPhoto.framework/Versions/A/CMPhoto
0x00000002337cb000 	/System/Library/PrivateFrameworks/CMImaging.framework/Versions/A/CMImaging
0x00000001ac6ca000 	/System/Library/PrivateFrameworks/Quagga.framework/Versions/A/Quagga
0x000000019b3d7000 	/System/Library/Frameworks/CoreMediaIO.framework/Versions/A/CoreMediaIO
0x00000002336cd000 	/System/Library/PrivateFrameworks/CMCaptureDevice.framework/Versions/A/CMCaptureDevice
0x0000000232b8b000 	/System/Library/PrivateFrameworks/CinematicFraming.framework/Versions/A/CinematicFraming
0x0000000269dfe000 	/System/Library/PrivateFrameworks/ModelManagerServices.framework/Versions/A/ModelManagerServices
0x0000000231584000 	/System/Library/PrivateFrameworks/ByteMatrixVerification.framework/Versions/A/ByteMatrixVerification
0x00000001e27fc000 	/usr/lib/libFDRDecode.dylib
0x000000022cd1b000 	/System/Library/PrivateFrameworks/AppleJPEGXL.framework/Versions/A/AppleJPEGXL
0x000000023cc26000 	/System/Library/PrivateFrameworks/CryptoKitPrivate.framework/Versions/A/CryptoKitPrivate
0x00000001a5b54000 	/System/Library/PrivateFrameworks/Espresso.framework/Versions/A/Espresso
0x00000001b4d92000 	/System/Library/Frameworks/CoreMotion.framework/Versions/A/CoreMotion
0x000000020e3f1000 	/System/Library/PrivateFrameworks/ANECompiler.framework/Versions/A/ANECompiler
0x00000001a7b28000 	/System/Library/PrivateFrameworks/AppleNeuralEngine.framework/Versions/A/AppleNeuralEngine
0x0000000264398000 	/System/Library/PrivateFrameworks/MIL.framework/Versions/A/MIL
0x000000022099d000 	/System/Library/Frameworks/MetalPerformanceShadersGraph.framework/Versions/A/MetalPerformanceShadersGraph
0x0000000264c81000 	/System/Library/PrivateFrameworks/MLCompilerServices.framework/Versions/A/MLCompilerServices
0x00000001a6987000 	/System/Library/PrivateFrameworks/ANEServices.framework/Versions/A/ANEServices
0x00000001bb35f000 	/usr/lib/libncurses.5.4.dylib
0x00000002a8e5d000 	/System/Library/SubFrameworks/CoreAIRuntime.framework/Versions/A/CoreAIRuntime
0x00000002a7e1d000 	/System/Library/SubFrameworks/CoreAICompiler.framework/Versions/A/CoreAICompiler
0x00000002a7dfd000 	/System/Library/SubFrameworks/CoreAICommon.framework/Versions/A/CoreAICommon
0x000000026f069000 	/System/Library/PrivateFrameworks/ODIE.framework/Versions/A/ODIE
0x0000000264c26000 	/System/Library/PrivateFrameworks/MLCompilerRuntime.framework/Versions/A/MLCompilerRuntime
0x0000000243571000 	/System/Library/PrivateFrameworks/DistributedSensing.framework/Versions/A/DistributedSensing
0x00000001c0957000 	/System/Library/PrivateFrameworks/MobileBluetooth.framework/Versions/A/MobileBluetooth
0x000000022cb6d000 	/System/Library/PrivateFrameworks/AppleIntelligenceReporting.framework/Versions/A/AppleIntelligenceReporting
0x00000001dc6cf000 	/System/Library/PrivateFrameworks/HIDDisplay.framework/Versions/A/HIDDisplay
0x00000002a2f74000 	/System/Library/PrivateFrameworks/WallpaperServices.framework/Versions/A/WallpaperServices
0x000000019943d000 	/System/Library/Frameworks/ApplicationServices.framework/Versions/A/Frameworks/ATSUI.framework/Versions/A/ATSUI
0x000000019b5a4000 	/usr/lib/libcups.2.dylib
0x000000019b635000 	/System/Library/Frameworks/Kerberos.framework/Versions/A/Kerberos
0x000000019b646000 	/System/Library/Frameworks/GSS.framework/Versions/A/GSS
0x000000019b2e3000 	/usr/lib/libresolv.9.dylib
0x00000001985a8000 	/System/Library/PrivateFrameworks/Heimdal.framework/Versions/A/Heimdal
0x00000001a5a19000 	/System/Library/Frameworks/Kerberos.framework/Versions/A/Libraries/libHeimdalProxy.dylib
0x000000019b696000 	/System/Library/PrivateFrameworks/CommonAuth.framework/Versions/A/CommonAuth
0x00000001aed8a000 	/System/Library/PrivateFrameworks/AXCoreUtilities.framework/Versions/A/AXCoreUtilities
0x00000001e2845000 	/usr/lib/libedit.3.dylib
0x00000002a9fc1000 	/usr/lib/libAXSafeCategoryBundle.dylib
0x00000001aeee0000 	/usr/lib/libAccessibility.dylib
0x0000000226962000 	/System/Library/Frameworks/TabularData.framework/Versions/A/TabularData
0x000000022f07f000 	/System/Library/PrivateFrameworks/ArgumentParserInternal.framework/Versions/A/ArgumentParserInternal
0x000000019520f000 	/System/Library/Frameworks/Accelerate.framework/Versions/A/Frameworks/vecLib.framework/Versions/A/libvDSP.dylib
0x0000000196b57000 	/System/Library/Frameworks/Accelerate.framework/Versions/A/Frameworks/vecLib.framework/Versions/A/libLAPACK.dylib
0x0000000195b38000 	/System/Library/Frameworks/Accelerate.framework/Versions/A/Frameworks/vecLib.framework/Versions/A/libLinearAlgebra.dylib
0x0000000196a4a000 	/System/Library/Frameworks/Accelerate.framework/Versions/A/Frameworks/vecLib.framework/Versions/A/libSparseBLAS.dylib
0x0000000196b52000 	/System/Library/Frameworks/Accelerate.framework/Versions/A/Frameworks/vecLib.framework/Versions/A/libQuadrature.dylib
0x0000000193fe7000 	/System/Library/Frameworks/Accelerate.framework/Versions/A/Frameworks/vecLib.framework/Versions/A/libBNNS.dylib
0x000000018701a000 	/System/Library/Frameworks/Accelerate.framework/Versions/A/Frameworks/vecLib.framework/Versions/A/libSparse.dylib
0x0000000243cc0000 	/System/Library/PrivateFrameworks/Ecosystem.framework/Versions/A/Ecosystem
0x0000000258d9f000 	/System/Library/PrivateFrameworks/InstalledContentLibrary.framework/Versions/A/InstalledContentLibrary
0x000000018a10a000 	/System/Library/PrivateFrameworks/CoreServicesStore.framework/Versions/A/CoreServicesStore
0x00000001a7aec000 	/System/Library/PrivateFrameworks/Seeding.framework/Versions/A/Seeding
0x00000002ab051000 	/usr/lib/libSpatial.dylib
0x000000022d1f8000 	/System/Library/PrivateFrameworks/AppleMobileFileIntegrity.framework/Versions/A/AppleMobileFileIntegrity
0x00000001c9870000 	/System/Library/PrivateFrameworks/MobileSystemServices.framework/Versions/A/MobileSystemServices
0x000000020deb2000 	/System/Library/PrivateFrameworks/ConfigProfileHelper.framework/Versions/A/ConfigProfileHelper
0x0000000197fa8000 	/usr/lib/libxslt.1.dylib
0x000000019545d000 	/System/Library/PrivateFrameworks/BackgroundTaskManagement.framework/Versions/A/BackgroundTaskManagement
0x00000001a4d09000 	/usr/lib/libcurl.4.dylib
0x00000002aa16a000 	/usr/lib/libcrypto.46.dylib
0x00000002ab0ae000 	/usr/lib/libssl.48.dylib
0x00000001a49ff000 	/System/Library/Frameworks/LDAP.framework/Versions/A/LDAP
0x00000001a4a3a000 	/System/Library/PrivateFrameworks/TrustEvaluationAgent.framework/Versions/A/TrustEvaluationAgent
0x000000019b2ff000 	/usr/lib/libsasl2.2.dylib
0x0000000249af6000 	/System/Library/PrivateFrameworks/GenerativeModelsFoundation.framework/Versions/A/GenerativeModelsFoundation
0x000000029b5a7000 	/System/Library/PrivateFrameworks/TokenGeneration.framework/Versions/A/TokenGeneration
0x00000002498b1000 	/System/Library/PrivateFrameworks/GenerativeFunctions.framework/Versions/A/GenerativeFunctions
0x00000002494e2000 	/System/Library/PrivateFrameworks/GenerativeAgents.framework/Versions/A/GenerativeAgents
0x0000000249901000 	/System/Library/PrivateFrameworks/GenerativeFunctionsFoundation.framework/Versions/A/GenerativeFunctionsFoundation
0x0000000269821000 	/System/Library/PrivateFrameworks/ModelCatalog.framework/Versions/A/ModelCatalog
0x0000000289ed9000 	/System/Library/PrivateFrameworks/SensitiveContentAnalysisML.framework/Versions/A/SensitiveContentAnalysisML
0x000000024999a000 	/System/Library/PrivateFrameworks/GenerativeFunctionsInstrumentation.framework/Versions/A/GenerativeFunctionsInstrumentation
0x0000000286718000 	/System/Library/PrivateFrameworks/PromptKit.framework/Versions/A/PromptKit
0x000000028601a000 	/System/Library/PrivateFrameworks/ProactiveDaemonSupport.framework/Versions/A/ProactiveDaemonSupport
0x00000001b642f000 	/System/Library/Frameworks/NaturalLanguage.framework/Versions/A/NaturalLanguage
0x0000000195355000 	/System/Library/PrivateFrameworks/CoreEmoji.framework/Versions/A/CoreEmoji
0x000000029b71d000 	/System/Library/PrivateFrameworks/TokenGenerationCore.framework/Versions/A/TokenGenerationCore
0x00000002ab688000 	/usr/lib/swift/libswiftMLCompute.dylib
0x00000001e4600000 	/usr/lib/swift/libswiftNaturalLanguage.dylib
0x000000029de1b000 	/System/Library/PrivateFrameworks/UnifiedAssetFramework.framework/Versions/A/UnifiedAssetFramework
0x000000028b3b7000 	/System/Library/PrivateFrameworks/SiriAnalytics.framework/Versions/A/SiriAnalytics
0x00000001bbb27000 	/System/Library/PrivateFrameworks/SiriInstrumentation.framework/Versions/A/SiriInstrumentation
0x00000001b70fa000 	/System/Library/PrivateFrameworks/Trial.framework/Versions/A/Trial
0x00000001b708a000 	/System/Library/PrivateFrameworks/TrialProto.framework/Versions/A/TrialProto
0x00000001b94ea000 	/System/Library/PrivateFrameworks/FeedbackLogger.framework/Versions/A/FeedbackLogger
0x000000023d1ad000 	/System/Library/PrivateFrameworks/Dendrite.framework/Versions/A/Dendrite
0x000000022c74f000 	/System/Library/PrivateFrameworks/AppleFlatBuffers.framework/Versions/A/AppleFlatBuffers
0x000000028a23b000 	/System/Library/PrivateFrameworks/SentencePieceInternal.framework/Versions/A/SentencePieceInternal
0x000000023abda000 	/System/Library/PrivateFrameworks/CoreSceneUnderstanding.framework/Versions/A/CoreSceneUnderstanding
0x00000002a0ef3000 	/System/Library/PrivateFrameworks/VisionCore.framework/Versions/A/VisionCore
0x00000001886b1000 	/System/Library/PrivateFrameworks/LanguageModeling.framework/Versions/A/LanguageModeling
0x000000019113a000 	/System/Library/Frameworks/CoreML.framework/Versions/A/CoreML
0x0000000195df2000 	/System/Library/Frameworks/MLCompute.framework/Versions/A/MLCompute
0x0000000264bab000 	/System/Library/PrivateFrameworks/MLAssetIO.framework/Versions/A/MLAssetIO
0x000000018d925000 	/System/Library/PrivateFrameworks/Montreal.framework/Versions/A/Montreal
0x0000000196895000 	/usr/lib/libcmph.dylib
0x00000001b316b000 	/usr/lib/swift/libswiftCoreGraphics.dylib
0x00000001a16f2000 	/usr/lib/swift/libswiftFoundation.dylib
0x000000020d47a000 	/usr/lib/swift/libswiftSwiftOnoneSupport.dylib
0x00000002ab84f000 	/usr/lib/swift/libswiftsys_time.dylib
0x00000001d46da000 	/System/Library/PrivateFrameworks/CoreMaterial.framework/Versions/A/CoreMaterial
0x000000019d467000 	/System/Library/PrivateFrameworks/PrototypeTools.framework/Versions/A/PrototypeTools
0x0000000185931000 	/usr/lib/libsharedcache.dylib
0x00000001954dc000 	/usr/lib/objc/libobjcMsgSend1.dylib
0x000000019d4dc000 	/usr/lib/objc/libobjcMsgSend2.dylib
0x00000001a54dc000 	/usr/lib/objc/libobjcMsgSend3.dylib
0x00000001ad4dc000 	/usr/lib/objc/libobjcMsgSend4.dylib
0x00000001b54dc000 	/usr/lib/objc/libobjcMsgSend5.dylib
0x00000001bd4dc000 	/usr/lib/objc/libobjcMsgSend6.dylib
0x00000001c54dc000 	/usr/lib/objc/libobjcMsgSend7.dylib
0x00000001cd4dc000 	/usr/lib/objc/libobjcMsgSend8.dylib
0x00000001d54dc000 	/usr/lib/objc/libobjcMsgSend9.dylib
0x00000001dd4dc000 	/usr/lib/objc/libobjcMsgSend10.dylib
0x00000001e54dc000 	/usr/lib/objc/libobjcMsgSend11.dylib
0x000000020d4dc000 	/usr/lib/objc/libobjcMsgSend12.dylib
0x00000002154dc000 	/usr/lib/objc/libobjcMsgSend13.dylib
0x000000021d4dc000 	/usr/lib/objc/libobjcMsgSend14.dylib
0x00000002254dc000 	/usr/lib/objc/libobjcMsgSend15.dylib
0x000000022d4dc000 	/usr/lib/objc/libobjcMsgSend16.dylib
0x00000002354dc000 	/usr/lib/objc/libobjcMsgSend17.dylib
0x000000023d4dc000 	/usr/lib/objc/libobjcMsgSend18.dylib
0x00000002454dc000 	/usr/lib/objc/libobjcMsgSend19.dylib
0x000000024d4dc000 	/usr/lib/objc/libobjcMsgSend20.dylib
0x00000002554dc000 	/usr/lib/objc/libobjcMsgSend21.dylib
0x000000025d4dc000 	/usr/lib/objc/libobjcMsgSend22.dylib
0x00000002654dc000 	/usr/lib/objc/libobjcMsgSend23.dylib
0x000000026d4dc000 	/usr/lib/objc/libobjcMsgSend24.dylib
0x00000002754dc000 	/usr/lib/objc/libobjcMsgSend25.dylib
0x000000028d4dc000 	/usr/lib/objc/libobjcMsgSend26.dylib
0x00000002954dc000 	/usr/lib/objc/libobjcMsgSend27.dylib
0x000000029d4dc000 	/usr/lib/objc/libobjcMsgSend28.dylib
0x00000002a54dc000 	/usr/lib/objc/libobjcMsgSend29.dylib
0x00000002ad4dc000 	/usr/lib/objc/libobjcMsgSend30.dylib
0x00000002b54dc000 	/usr/lib/objc/libobjcMsgSend31.dylib
0x00000002bd4dc000 	/usr/lib/objc/libobjcMsgSend32.dylib
0x00000002c54dc000 	/usr/lib/objc/libobjcMsgSend33.dylib
0x000000010632c000 	/Library/Java/JavaVirtualMachines/jdk-17.jdk/Contents/Home/lib/server/libjvm.dylib
0x0000000104ff4000 	/Library/Java/JavaVirtualMachines/jdk-17.jdk/Contents/Home/lib/libjimage.dylib
0x000000010507c000 	/Library/Java/JavaVirtualMachines/jdk-17.jdk/Contents/Home/lib/libjava.dylib
0x0000000105310000 	/Library/Java/JavaVirtualMachines/jdk-17.jdk/Contents/Home/lib/libnio.dylib
0x0000000105354000 	/Library/Java/JavaVirtualMachines/jdk-17.jdk/Contents/Home/lib/libnet.dylib
0x0000000106014000 	/Library/Java/JavaVirtualMachines/jdk-17.jdk/Contents/Home/lib/libzip.dylib
0x000000012b820000 	/private/var/folders/qs/1z8n9dmd7zzb94z08tkj426h0000gn/T/opencv_openpnp3034583366340251889/nu/pattern/opencv/osx/ARMv8/libopencv_java490.dylib
0x000000021244b000 	/System/Library/Frameworks/OpenCL.framework/Versions/A/OpenCL
0x0000000198668000 	/System/Library/PrivateFrameworks/login.framework/Versions/A/login
0x00000001a2d49000 	/System/Library/Frameworks/LocalAuthentication.framework/Versions/A/LocalAuthentication
0x0000000261bec000 	/System/Library/PrivateFrameworks/LocalAuthenticationCore.framework/Versions/A/LocalAuthenticationCore
0x0000000261dee000 	/System/Library/PrivateFrameworks/LocalAuthenticationCredentialServices.framework/Versions/A/LocalAuthenticationCredentialServices
0x00000001a2da6000 	/System/Library/Frameworks/LocalAuthentication.framework/Support/SharedUtils.framework/Versions/A/SharedUtils
0x00000001060bc000 	/System/Library/Frameworks/CoreMediaIO.framework/Versions/A/Resources/BaseUnits/CMIOBaseUnits.bundle/Contents/MacOS/CMIOBaseUnits
0x00000001a0ef6000 	/System/Library/Frameworks/Vision.framework/Versions/A/Vision
0x00000001bf94f000 	/System/Library/Frameworks/Vision.framework/libfaceCore.dylib
0x00000001c0474000 	/System/Library/PrivateFrameworks/Futhark.framework/Versions/A/Futhark
0x00000001c3b4e000 	/System/Library/PrivateFrameworks/InertiaCam.framework/Versions/A/InertiaCam
0x00000001c01f6000 	/System/Library/PrivateFrameworks/TextRecognition.framework/Versions/A/TextRecognition
0x000000022b750000 	/System/Library/PrivateFrameworks/ANSTKit.framework/Versions/A/ANSTKit
0x000000019811a000 	/System/Library/PrivateFrameworks/CVNLP.framework/Versions/A/CVNLP
0x00000002747c9000 	/System/Library/PrivateFrameworks/Portrait.framework/Versions/A/Portrait
0x000000022c51e000 	/System/Library/PrivateFrameworks/AppleDepth.framework/Versions/A/AppleDepth
0x0000000246a53000 	/System/Library/PrivateFrameworks/FusionTracker.framework/Versions/A/FusionTracker
0x0000000232bcb000 	/System/Library/PrivateFrameworks/CinematicUtil.framework/Versions/A/CinematicUtil
0x0000000232b79000 	/System/Library/PrivateFrameworks/CinematicCommunication.framework/Versions/A/CinematicCommunication
0x000000022c677000 	/System/Library/PrivateFrameworks/AppleDepthCore.framework/Versions/A/AppleDepthCore
0x00000001d40bd000 	/System/Library/PrivateFrameworks/DiagnosticRequest.framework/Versions/A/DiagnosticRequest
0x0000000106214000 	/System/Library/Frameworks/CoreMediaIO.framework/Versions/A/Resources/CMIOUnits.bundle/Contents/MacOS/CMIOUnits
0x00000001c941a000 	/System/Library/PrivateFrameworks/FWAVC.framework/Versions/A/FWAVC
0x00000001b4d91000 	/System/Library/Frameworks/Carbon.framework/Versions/A/Carbon
0x00000001aa283000 	/System/Library/Frameworks/Carbon.framework/Versions/A/Frameworks/CommonPanels.framework/Versions/A/CommonPanels
0x00000001a4cf6000 	/System/Library/Frameworks/Carbon.framework/Versions/A/Frameworks/Help.framework/Versions/A/Help
0x00000001aa287000 	/System/Library/Frameworks/Carbon.framework/Versions/A/Frameworks/ImageCapture.framework/Versions/A/ImageCapture
0x00000001aa263000 	/System/Library/Frameworks/Carbon.framework/Versions/A/Frameworks/OpenScripting.framework/Versions/A/OpenScripting
0x00000001aa282000 	/System/Library/Frameworks/Carbon.framework/Versions/A/Frameworks/Ink.framework/Versions/A/Ink
0x00000001aa27f000 	/System/Library/Frameworks/Carbon.framework/Versions/A/Frameworks/SecurityHI.framework/Versions/A/SecurityHI
0x00000002aa9bb000 	/usr/lib/libInterpreterSecurity.dylib
0x00000001cb37f000 	/System/Library/PrivateFrameworks/XprotectFramework.framework/Versions/A/XprotectFramework
0x00000001ae27a000 	/System/Library/PrivateFrameworks/yara.framework/Versions/A/yara
0x00000002aa4d8000 	/usr/lib/libEndpointSecuritySystem.dylib
0x000000012a268000 	/System/Library/Components/AudioCodecs.component/Contents/MacOS/AudioCodecs
0x000000012fbd8000 	/Users/dimasadipratama/.skiko/b575009fb1c6be00b2247acc8cb2294d1ffef4caeaa19a53956270917362bdd4/libskiko-macos-arm64.dylib
0x000000012ae48000 	/Library/Java/JavaVirtualMachines/jdk-17.jdk/Contents/Home/lib/libawt.dylib
0x000000012aef8000 	/Library/Java/JavaVirtualMachines/jdk-17.jdk/Contents/Home/lib/libmlib_image.dylib
0x000000021faf3000 	/System/Library/Frameworks/JavaRuntimeSupport.framework/Versions/A/JavaRuntimeSupport
0x000000012e800000 	/Library/Java/JavaVirtualMachines/jdk-17.jdk/Contents/Home/lib/libawt_lwawt.dylib
0x0000000106300000 	/Library/Java/JavaVirtualMachines/jdk-17.jdk/Contents/Home/lib/libosxapp.dylib
0x00000001b31b9000 	/System/Library/Frameworks/ExceptionHandling.framework/Versions/A/ExceptionHandling
0x000000012eb4c000 	/Library/Java/JavaVirtualMachines/jdk-17.jdk/Contents/Home/lib/libfontmanager.dylib
0x000000012e924000 	/Library/Java/JavaVirtualMachines/jdk-17.jdk/Contents/Home/lib/libfreetype.dylib
0x000000021bfda000 	/System/Library/Frameworks/AppIntents.framework/Versions/A/AppIntents
0x000000022487a000 	/System/Library/Frameworks/RelevanceKit.framework/Versions/A/RelevanceKit
0x00000001965bb000 	/System/Library/Frameworks/CoreSpotlight.framework/Versions/A/CoreSpotlight
0x00000002619af000 	/System/Library/PrivateFrameworks/LinkServices.framework/Versions/A/LinkServices
0x000000021c57a000 	/System/Library/Frameworks/AppIntentsTypeSupport.framework/Versions/A/AppIntentsTypeSupport
0x00000001a1926000 	/System/Library/Frameworks/Contacts.framework/Versions/A/Contacts
0x0000000243923000 	/System/Library/PrivateFrameworks/DoNotDisturb.framework/Versions/A/DoNotDisturb
0x00000002617f0000 	/System/Library/PrivateFrameworks/LinkMetadata.framework/Versions/A/LinkMetadata
0x00000001b680b000 	/usr/lib/swift/libswiftIntents.dylib
0x000000029626c000 	/System/Library/PrivateFrameworks/SpotlightEmbeddingCore.framework/Versions/A/SpotlightEmbeddingCore
0x00000001a17a9000 	/System/Library/PrivateFrameworks/ContactsPersistence.framework/Versions/A/ContactsPersistence
0x000000019d2cf000 	/System/Library/PrivateFrameworks/AppleLDAP.framework/Versions/A/AppleLDAP
0x00000001a5026000 	/System/Library/Frameworks/ClassKit.framework/Versions/A/ClassKit
0x00000001a761b000 	/System/Library/PrivateFrameworks/CoreSuggestions.framework/Versions/A/CoreSuggestions
0x00000001a16f3000 	/System/Library/PrivateFrameworks/ContactsFoundation.framework/Versions/A/ContactsFoundation
0x00000001a2c7f000 	/System/Library/PrivateFrameworks/vCard.framework/Versions/A/vCard
0x000000023465c000 	/System/Library/PrivateFrameworks/ContactsMetrics.framework/Versions/A/ContactsMetrics
0x00000002625a7000 	/System/Library/PrivateFrameworks/ManagedOrganizationContacts.framework/Versions/A/ManagedOrganizationContacts
0x0000000191090000 	/System/Library/PrivateFrameworks/CloudDocs.framework/Versions/A/CloudDocs
0x00000001ae7e4000 	/System/Library/PrivateFrameworks/ProactiveEventTracker.framework/Versions/A/ProactiveEventTracker
0x00000001bb496000 	/System/Library/PrivateFrameworks/IntentsCore.framework/Versions/A/IntentsCore
0x00000002301ab000 	/System/Library/PrivateFrameworks/AvailabilityKit.framework/Versions/A/AvailabilityKit
0x000000022beca000 	/System/Library/PrivateFrameworks/AppIntentSchemas.framework/Versions/A/AppIntentSchemas
0x000000021ef68000 	/System/Library/Frameworks/GeoToolbox.framework/Versions/A/GeoToolbox
0x0000000220876000 	/System/Library/Frameworks/MediaIntents.framework/Versions/A/MediaIntents
0x000000024cc9c000 	/System/Library/PrivateFrameworks/GRDBInternal.framework/Versions/A/GRDBInternal
0x000000026269c000 	/System/Library/PrivateFrameworks/MarketplaceIntents.framework/Versions/A/MarketplaceIntents
0x0000000296b03000 	/System/Library/PrivateFrameworks/StatusKit.framework/Versions/A/StatusKit
0x000000019251d000 	/System/Library/Frameworks/CoreLocation.framework/Versions/A/CoreLocation
0x00000001a3f30000 	/System/Library/Frameworks/Intents.framework/Versions/A/Intents
0x0000000190c00000 	/System/Library/PrivateFrameworks/ApplePushService.framework/Versions/A/ApplePushService
0x0000000190c5b000 	/System/Library/Frameworks/CloudKit.framework/Versions/A/CloudKit
0x000000018d491000 	/System/Library/PrivateFrameworks/CommonUtilities.framework/Versions/A/CommonUtilities
0x00000001988c2000 	/System/Library/PrivateFrameworks/Bom.framework/Versions/A/Bom
0x000000019b31d000 	/usr/lib/libParallelCompression.dylib
0x0000000224ab7000 	/System/Library/Frameworks/SharedWithYouCore.framework/Versions/A/SharedWithYouCore
0x0000000233668000 	/System/Library/PrivateFrameworks/CloudTelemetry.framework/Versions/A/CloudTelemetry
0x00000001a50cc000 	/System/Library/PrivateFrameworks/AppleAccount.framework/Versions/A/AppleAccount
0x000000019b768000 	/System/Library/PrivateFrameworks/CacheDelete.framework/Versions/A/CacheDelete
0x0000000233273000 	/System/Library/PrivateFrameworks/CloudCoreInternal.framework/Versions/A/CloudCoreInternal
0x0000000232fee000 	/System/Library/PrivateFrameworks/CloudAsset.framework/Versions/A/CloudAsset
0x00000001a5ad3000 	/System/Library/Frameworks/PushKit.framework/Versions/A/PushKit
0x00000001a5ada000 	/System/Library/PrivateFrameworks/C2.framework/Versions/A/C2
0x00000001bcab9000 	/usr/lib/swift/libswiftCoreLocation.dylib
0x00000001a1fab000 	/System/Library/Frameworks/FileProvider.framework/Versions/A/FileProvider
0x00000001a212d000 	/System/Library/PrivateFrameworks/GenerationalStorage.framework/Versions/A/GenerationalStorage
0x000000018ba15000 	/System/Library/PrivateFrameworks/DesktopServicesPriv.framework/Versions/A/DesktopServicesPriv
0x000000019cb77000 	/System/Library/PrivateFrameworks/Sharing.framework/Versions/A/Sharing
0x000000022ff9c000 	/System/Library/PrivateFrameworks/AutoUnlock.framework/Versions/A/AutoUnlock
0x000000019c573000 	/System/Library/PrivateFrameworks/IDSFoundation.framework/Versions/A/IDSFoundation
0x00000001a44bf000 	/System/Library/PrivateFrameworks/Apple80211.framework/Versions/A/Apple80211
0x00000001953d0000 	/System/Library/Frameworks/CoreWLAN.framework/Versions/A/CoreWLAN
0x000000028ad23000 	/System/Library/PrivateFrameworks/SharingCore.framework/Versions/A/SharingCore
0x00000001b65a4000 	/System/Library/PrivateFrameworks/BiometricKit.framework/Versions/A/BiometricKit
0x000000019af92000 	/System/Library/PrivateFrameworks/IMFoundation.framework/Versions/A/IMFoundation
0x00000001ae279000 	/System/Library/PrivateFrameworks/Marco.framework/Versions/A/Marco
0x00000001aa250000 	/System/Library/PrivateFrameworks/Engram.framework/Versions/A/Engram
0x00000002a538a000 	/System/Library/PrivateFrameworks/XPCDistributed.framework/Versions/A/XPCDistributed
0x00000001aa1fd000 	/usr/lib/libtidy.A.dylib
0x000000023368c000 	/System/Library/PrivateFrameworks/CloudTelemetryShared.framework/Versions/A/CloudTelemetryShared
0x00000001a78ca000 	/System/Library/PrivateFrameworks/RTCReporting.framework/Versions/A/RTCReporting
0x000000019c373000 	/System/Library/PrivateFrameworks/IDS.framework/Versions/A/IDS
0x0000000228979000 	/System/Library/PrivateFrameworks/AAAFoundationSwift.framework/Versions/A/AAAFoundationSwift
0x00000001ad252000 	/System/Library/PrivateFrameworks/AccountsDaemon.framework/Versions/A/AccountsDaemon
0x00000001a541e000 	/System/Library/PrivateFrameworks/CoreUtilsSwift.framework/Versions/A/CoreUtilsSwift
0x00000001b633a000 	/System/Library/PrivateFrameworks/FTServices.framework/Versions/A/FTServices
0x000000022f964000 	/System/Library/PrivateFrameworks/AsyncAlgorithmsInternal.framework/Versions/A/AsyncAlgorithmsInternal
0x00000001c469f000 	/System/Library/PrivateFrameworks/FTAWD.framework/Versions/A/FTAWD
0x00000001ad2f9000 	/System/Library/PrivateFrameworks/OAuth.framework/Versions/A/OAuth
0x00000001a5ac6000 	/System/Library/PrivateFrameworks/IntentsFoundation.framework/Versions/A/IntentsFoundation
0x000000012afd8000 	/usr/lib/libobjc-trampolines.dylib
0x00000001c0532000 	/System/Library/CoreServices/RawCamera.bundle/Contents/MacOS/RawCamera
0x00000001dc609000 	/usr/lib/libAppleEXR.dylib
0x00000001bca9e000 	/System/Library/Frameworks/Accelerate.framework/Versions/A/Frameworks/vImage.framework/Versions/A/Libraries/libCGInterfaces.dylib
0x0000000215324000 	/System/Library/Frameworks/_AppIntents_AppKit.framework/Versions/A/_AppIntents_AppKit
0x00000002a9855000 	/usr/lib/libAccessibilityBaseImplementations.dylib
0x00000002a5300000 	/System/Library/PrivateFrameworks/WritingToolsUI.framework/Versions/A/WritingToolsUI
0x0000000258cbc000 	/System/Library/PrivateFrameworks/InputTestFoundation.framework/Versions/A/InputTestFoundation
0x0000000249731000 	/System/Library/PrivateFrameworks/GenerativeAssistantSettings.framework/Versions/A/GenerativeAssistantSettings
0x0000000298d7c000 	/System/Library/PrivateFrameworks/TextComposer.framework/Versions/A/TextComposer
0x000000019088c000 	/System/Library/PrivateFrameworks/ViewBridge.framework/Versions/A/ViewBridge
0x00000001bdfa8000 	/System/Library/Frameworks/SwiftUI.framework/Versions/A/SwiftUI
0x0000000249706000 	/System/Library/PrivateFrameworks/GenerativeAssistantCommon.framework/Versions/A/GenerativeAssistantCommon
0x000000022b997000 	/System/Library/PrivateFrameworks/Anvil.framework/Versions/A/Anvil
0x0000000249b6e000 	/System/Library/PrivateFrameworks/GenerativePartnerService.framework/Versions/A/GenerativePartnerService
0x0000000249c05000 	/System/Library/PrivateFrameworks/GenerativePartnerServiceUI.framework/Versions/A/GenerativePartnerServiceUI
0x00000001a8cc4000 	/System/Library/PrivateFrameworks/AssistantServices.framework/Versions/A/AssistantServices
0x00000001a2f28000 	/System/Library/PrivateFrameworks/SAObjects.framework/Versions/A/SAObjects
0x00000001a892e000 	/System/Library/PrivateFrameworks/MediaRemote.framework/Versions/A/MediaRemote
0x00000002939da000 	/System/Library/PrivateFrameworks/SiriTTSService.framework/Versions/A/SiriTTSService
0x00000002447c2000 	/System/Library/PrivateFrameworks/FaceTimeNameUtility.framework/Versions/A/FaceTimeNameUtility
0x000000028d923000 	/System/Library/PrivateFrameworks/SiriCrossDeviceArbitrationFeedback.framework/Versions/A/SiriCrossDeviceArbitrationFeedback
0x000000028d8e0000 	/System/Library/PrivateFrameworks/SiriCrossDeviceArbitration.framework/Versions/A/SiriCrossDeviceArbitration
0x00000001d1f2f000 	/usr/lib/swift/libswiftCoreMedia.dylib
0x00000001ca0c0000 	/System/Library/PrivateFrameworks/UIKitServices.framework/Versions/A/UIKitServices
0x00000001ae141000 	/System/Library/PrivateFrameworks/MediaServices.framework/Versions/A/MediaServices
0x0000000198523000 	/System/Library/PrivateFrameworks/PersistentConnection.framework/Versions/A/PersistentConnection
0x00000002959d9000 	/System/Library/PrivateFrameworks/SonicFoundation.framework/Versions/A/SonicFoundation
0x00000001bdf75000 	/usr/lib/libtailspin.dylib
0x0000000295fcb000 	/System/Library/PrivateFrameworks/SpeechEngine.framework/Versions/A/SpeechEngine
0x00000001d16f1000 	/System/Library/PrivateFrameworks/Osprey.framework/Versions/A/Osprey
0x0000000293045000 	/System/Library/PrivateFrameworks/SiriTTS.framework/Versions/A/SiriTTS
0x00000001bf817000 	/System/Library/PrivateFrameworks/EmojiFoundation.framework/Versions/A/EmojiFoundation
0x00000002919e0000 	/System/Library/PrivateFrameworks/SiriPowerInstrumentation.framework/Versions/A/SiriPowerInstrumentation
0x00000002987b6000 	/System/Library/PrivateFrameworks/TailspinSymbolication.framework/Versions/A/TailspinSymbolication
0x000000023ce5c000 	/System/Library/PrivateFrameworks/Darwinup.framework/Versions/A/Darwinup
0x00000001c9ea5000 	/System/Library/PrivateFrameworks/SignpostSupport.framework/Versions/A/SignpostSupport
0x00000001b6325000 	/System/Library/PrivateFrameworks/FeatureFlagsSupport.framework/Versions/A/FeatureFlagsSupport
0x00000001c976a000 	/System/Library/PrivateFrameworks/ktrace.framework/Versions/A/ktrace
0x00000001ca0eb000 	/System/Library/PrivateFrameworks/SampleAnalysis.framework/Versions/A/SampleAnalysis
0x00000001d30f3000 	/System/Library/PrivateFrameworks/kperfdata.framework/Versions/A/kperfdata
0x000000019d1a8000 	/usr/lib/libdscsym.dylib
0x00000001d3548000 	/System/Library/PrivateFrameworks/BulkSymbolication.framework/Versions/A/BulkSymbolication
0x00000001a3215000 	/System/Library/PrivateFrameworks/EmbeddedAcousticRecognition.framework/Versions/A/EmbeddedAcousticRecognition
0x000000029eed2000 	/System/Library/PrivateFrameworks/VectorSearch.framework/Versions/A/VectorSearch
0x00000001c845b000 	/System/Library/PrivateFrameworks/SDAPI.framework/Versions/A/SDAPI
0x000000025d48a000 	/System/Library/PrivateFrameworks/IsolatedContextLogging.framework/Versions/A/IsolatedContextLogging
0x00000001c048a000 	/System/Library/PrivateFrameworks/DifferentialPrivacy.framework/Versions/A/DifferentialPrivacy
0x000000029edc4000 	/System/Library/PrivateFrameworks/VDAF.framework/Versions/A/VDAF
0x00000001c8152000 	/System/Library/PrivateFrameworks/NetworkServiceProxy.framework/Versions/A/NetworkServiceProxy
0x000000019c0e4000 	/System/Library/Frameworks/NetworkExtension.framework/Versions/A/NetworkExtension
0x00000001baf92000 	/System/Library/PrivateFrameworks/CaptiveNetwork.framework/Versions/A/CaptiveNetwork
0x000000019d344000 	/usr/lib/libnetworkextension.dylib
0x00000001a4c1e000 	/System/Library/PrivateFrameworks/EAP8021X.framework/Versions/A/EAP8021X
0x00000001a7e98000 	/System/Library/PrivateFrameworks/AppleMediaServices.framework/Versions/A/AppleMediaServices
0x000000029bd1e000 	/System/Library/PrivateFrameworks/ToolKit.framework/Versions/A/ToolKit
0x000000022895b000 	/System/Library/PrivateFrameworks/_ToolKit_AppIntents.framework/Versions/A/_ToolKit_AppIntents
0x0000000298527000 	/System/Library/PrivateFrameworks/Symptoms.framework/Versions/A/Frameworks/SymptomPresentationFeed.framework/Versions/A/SymptomPresentationFeed
0x000000019b3aa000 	/System/Library/PrivateFrameworks/CoreFollowUp.framework/Versions/A/CoreFollowUp
0x00000001cc593000 	/System/Library/PrivateFrameworks/DeviceIdentity.framework/Versions/A/DeviceIdentity
0x00000001a0ec5000 	/System/Library/PrivateFrameworks/SystemAdministration.framework/Versions/A/SystemAdministration
0x000000022d8e0000 	/System/Library/PrivateFrameworks/AppleMediaServicesKitInternal.framework/Versions/A/AppleMediaServicesKitInternal
0x000000028a5b6000 	/System/Library/PrivateFrameworks/ServicesAnalyticsKit.framework/Versions/A/ServicesAnalyticsKit
0x0000000298549000 	/System/Library/PrivateFrameworks/SymptomShared.framework/Versions/A/SymptomShared
0x00000002982bb000 	/System/Library/PrivateFrameworks/Symptoms.framework/Versions/A/Frameworks/SymptomAnalytics.framework/Versions/A/SymptomAnalytics
0x000000019d29c000 	/System/Library/Frameworks/DirectoryService.framework/Versions/A/DirectoryService
0x0000000195485000 	/System/Library/Frameworks/ServiceManagement.framework/Versions/A/ServiceManagement
0x00000001a4d89000 	/System/Library/PrivateFrameworks/LoginUIKit.framework/Versions/A/Frameworks/LoginUICore.framework/Versions/A/LoginUICore
0x00000001988c0000 	/usr/lib/libodfde.dylib
0x00000002607ab000 	/System/Library/PrivateFrameworks/JetAsset.framework/Versions/A/JetAsset
0x0000000260ae4000 	/System/Library/PrivateFrameworks/JetFoundation.framework/Versions/A/JetFoundation
0x0000000260af2000 	/System/Library/PrivateFrameworks/JetPack.framework/Versions/A/JetPack
0x000000028a44d000 	/System/Library/PrivateFrameworks/ServicesAnalyticsCore.framework/Versions/A/ServicesAnalyticsCore
0x000000020dba0000 	/System/Library/PrivateFrameworks/VoiceShortcutClient.framework/Versions/A/VoiceShortcutClient
0x00000001bdc96000 	/System/Library/PrivateFrameworks/ChronoServices.framework/Versions/A/ChronoServices
0x00000002879e0000 	/System/Library/PrivateFrameworks/ReplicatorEngine.framework/Versions/A/ReplicatorEngine
0x00000001c51a3000 	/System/Library/PrivateFrameworks/Categories.framework/Versions/A/Categories
0x0000000287ba3000 	/System/Library/PrivateFrameworks/ReplicatorServices.framework/Versions/A/ReplicatorServices
0x00000002879ad000 	/System/Library/PrivateFrameworks/ReplicatorDependencies.framework/Versions/A/ReplicatorDependencies
0x0000000261e9c000 	/System/Library/PrivateFrameworks/LocalStatusKit.framework/Versions/A/LocalStatusKit
0x00000002987a4000 	/System/Library/PrivateFrameworks/SystemWake.framework/Versions/A/SystemWake
0x00000001b7cc9000 	/System/Library/PrivateFrameworks/ContextKit.framework/Versions/A/ContextKit
0x0000000234787000 	/System/Library/PrivateFrameworks/ContextKitCore.framework/Versions/A/ContextKitCore
0x00000001b6496000 	/System/Library/Frameworks/SafariServices.framework/Versions/A/SafariServices
0x00000001b3257000 	/System/Library/Frameworks/WebKit.framework/Versions/A/WebKit
0x0000000215381000 	/System/Library/Frameworks/_AuthenticationServices_SwiftUI.framework/Versions/A/_AuthenticationServices_SwiftUI
0x00000001bd109000 	/System/Library/PrivateFrameworks/AppStoreDaemon.framework/Versions/A/AppStoreDaemon
0x00000001b950f000 	/System/Library/PrivateFrameworks/AppleMediaServicesUI.framework/Versions/A/AppleMediaServicesUI
0x000000020ca26000 	/System/Library/PrivateFrameworks/JetEngine.framework/Versions/A/JetEngine
0x00000001b6fc0000 	/System/Library/PrivateFrameworks/OnBoardingKit.framework/Versions/A/OnBoardingKit
0x000000028a9e4000 	/System/Library/PrivateFrameworks/Settings.framework/Versions/A/Settings
0x000000021de5c000 	/System/Library/Frameworks/ExtensionKit.framework/Versions/A/ExtensionKit
0x000000021ee00000 	/System/Library/Frameworks/FSKit.framework/Versions/A/FSKit
0x0000000298c6c000 	/System/Library/PrivateFrameworks/TextAnimationSupport.framework/Versions/A/TextAnimationSupport
0x0000000286fb1000 	/System/Library/PrivateFrameworks/RecapPerformanceTesting.framework/Versions/A/RecapPerformanceTesting
0x00000001b6fb4000 	/System/Library/PrivateFrameworks/SignpostCollection.framework/Versions/A/SignpostCollection
0x00000001a78f7000 	/System/Library/Frameworks/WebKit.framework/Versions/A/Frameworks/WebKitLegacy.framework/Versions/A/WebKitLegacy
0x00000001a53ca000 	/System/Library/PrivateFrameworks/CorePrediction.framework/Versions/A/CorePrediction
0x0000000191951000 	/System/Library/Frameworks/WebKit.framework/Versions/A/Frameworks/WebCore.framework/Versions/A/Frameworks/libwebrtc.dylib
0x000000019b385000 	/System/Library/Frameworks/SecurityInterface.framework/Versions/A/SecurityInterface
0x00000001b6fbf000 	/System/Library/PrivateFrameworks/WebInspectorUI.framework/Versions/A/WebInspectorUI
0x00000001aef1a000 	/System/Library/Frameworks/WebKit.framework/Versions/A/Frameworks/WebCore.framework/Versions/A/WebCore
0x0000000286f88000 	/System/Library/PrivateFrameworks/Recap.framework/Versions/A/Recap
0x0000000227800000 	/System/Library/Frameworks/WebKit.framework/Versions/A/Frameworks/WebCore.framework/Versions/A/Frameworks/libANGLE-shared.dylib
0x00000002a39d1000 	/System/Library/PrivateFrameworks/WebGPU.framework/Versions/A/WebGPU
0x00000001b6320000 	/System/Library/PrivateFrameworks/CoreOptimization.framework/Versions/A/CoreOptimization
0x000000022fe71000 	/System/Library/PrivateFrameworks/AuthenticationServicesCore.framework/Versions/A/AuthenticationServicesCore
0x00000001c0995000 	/System/Library/Frameworks/AuthenticationServices.framework/Versions/A/AuthenticationServices
0x0000000198208000 	/System/Library/PrivateFrameworks/SharedWebCredentials.framework/Versions/A/SharedWebCredentials
0x00000001b7cdd000 	/System/Library/PrivateFrameworks/SafariCore.framework/Versions/A/SafariCore
0x00000001a6b2e000 	/System/Library/PrivateFrameworks/ConfigurationProfiles.framework/Versions/A/ConfigurationProfiles
0x00000001c04e2000 	/System/Library/PrivateFrameworks/SafariFoundation.framework/Versions/A/SafariFoundation
0x00000002322f7000 	/System/Library/PrivateFrameworks/CBORLibrary.framework/Versions/A/CBORLibrary
0x00000002326a2000 	/System/Library/PrivateFrameworks/Chirp.framework/Versions/A/Chirp
0x000000023351d000 	/System/Library/PrivateFrameworks/CloudSubscriptionFeatures.framework/Versions/A/CloudSubscriptionFeatures
0x000000020e158000 	/System/Library/PrivateFrameworks/RemoteManagement.framework/Versions/A/RemoteManagement
0x0000000287536000 	/System/Library/PrivateFrameworks/RemoteManagementModel.framework/Versions/A/RemoteManagementModel
0x00000002875aa000 	/System/Library/PrivateFrameworks/RemoteManagementStore.framework/Versions/A/RemoteManagementStore
0x000000019d0ec000 	/usr/lib/libxcselect.dylib
0x00000002625ac000 	/System/Library/PrivateFrameworks/ManagedSettingsObjC.framework/Versions/A/ManagedSettingsObjC
0x0000000261f43000 	/System/Library/PrivateFrameworks/LockdownMode.framework/Versions/A/LockdownMode
0x000000021eb78000 	/System/Library/Frameworks/FoundationModels.framework/Versions/A/FoundationModels
0x0000000297214000 	/System/Library/PrivateFrameworks/StorageContainersPrivate.framework/Versions/A/StorageContainersPrivate
0x00000001ac377000 	/System/Library/PrivateFrameworks/PowerlogControl.framework/Versions/A/PowerlogControl
0x00000001ac379000 	/usr/lib/libUniversalAccess.dylib
0x00000001a8907000 	/System/Library/PrivateFrameworks/FamilyControls.framework/Versions/A/FamilyControls
0x00000001a8902000 	/System/Library/PrivateFrameworks/UniversalAccess.framework/Versions/A/Libraries/libUAPreferences.dylib
0x00000001a8924000 	/System/Library/PrivateFrameworks/CommerceKit.framework/Versions/A/Frameworks/CommerceCore.framework/Versions/A/CommerceCore
0x00000002436e7000 	/System/Library/PrivateFrameworks/DMCUtilities.framework/Versions/A/DMCUtilities
0x000000026291a000 	/System/Library/PrivateFrameworks/MDMClientLibrary.framework/Versions/A/MDMClientLibrary
0x00000002875a1000 	/System/Library/PrivateFrameworks/RemoteManagementProtocol.framework/Versions/A/RemoteManagementProtocol
0x000000023d22d000 	/System/Library/PrivateFrameworks/DEPClientLibrary.framework/Versions/A/DEPClientLibrary
0x000000024368b000 	/System/Library/PrivateFrameworks/DMCEnrollmentLibrary.framework/Versions/A/DMCEnrollmentLibrary
0x00000001ac433000 	/System/Library/PrivateFrameworks/SetupAssistantFramework.framework/Versions/A/SetupAssistantFramework
0x00000001a58e0000 	/System/Library/PrivateFrameworks/AuthKitUI.framework/Versions/A/AuthKitUI
0x00000001a4dca000 	/System/Library/PrivateFrameworks/AppSSO.framework/Versions/A/AppSSO
0x00000001bcf02000 	/System/Library/PrivateFrameworks/LocalAuthenticationUI.framework/Versions/A/LocalAuthenticationUI
0x0000000273d44000 	/System/Library/PrivateFrameworks/PlatformSSO.framework/Versions/A/PlatformSSO
0x0000000273e7a000 	/System/Library/PrivateFrameworks/PlatformSSOCore.framework/Versions/A/PlatformSSOCore
0x000000021fb7b000 	/System/Library/Frameworks/LocalAuthenticationEmbeddedUI.framework/Versions/A/LocalAuthenticationEmbeddedUI
0x00000001bdde1000 	/System/Library/PrivateFrameworks/AOSUI.framework/Versions/A/AOSUI
0x00000001ae619000 	/System/Library/Frameworks/ContactsUI.framework/Versions/A/ContactsUI
0x00000001a1b80000 	/System/Library/PrivateFrameworks/FamilyCircle.framework/Versions/A/FamilyCircle
0x00000001cb714000 	/System/Library/Frameworks/LinkPresentation.framework/Versions/A/LinkPresentation
0x00000001ad467000 	/System/Library/PrivateFrameworks/IASUtilities.framework/Versions/A/IASUtilities
0x0000000255422000 	/System/Library/PrivateFrameworks/IASUtilitiesCore.framework/Versions/A/IASUtilitiesCore
0x0000000287602000 	/System/Library/PrivateFrameworks/RemoteUI.framework/Versions/A/RemoteUI
0x0000000226ced000 	/System/Library/Frameworks/TipKit.framework/Versions/A/TipKit
0x00000002289f0000 	/System/Library/PrivateFrameworks/AAAFoundationUI.framework/Versions/A/AAAFoundationUI
0x0000000261161000 	/System/Library/PrivateFrameworks/LiftUI.framework/Versions/A/LiftUI
0x00000002281ca000 	/System/Library/PrivateFrameworks/_IconServices_SwiftUI.framework/Versions/A/_IconServices_SwiftUI
0x0000000233458000 	/System/Library/PrivateFrameworks/CloudSettings.framework/Versions/A/CloudSettings
0x00000001a76c9000 	/System/Library/Frameworks/EventKit.framework/Versions/A/EventKit
0x00000001b7185000 	/System/Library/PrivateFrameworks/SearchFoundation.framework/Versions/A/SearchFoundation
0x00000001cd8e0000 	/System/Library/PrivateFrameworks/Email.framework/Versions/A/Email
0x00000001b541c000 	/System/Library/PrivateFrameworks/CoreRoutine.framework/Versions/A/CoreRoutine
0x000000023170d000 	/System/Library/PrivateFrameworks/CalendarDatabase.framework/Versions/A/CalendarDatabase
0x0000000231676000 	/System/Library/PrivateFrameworks/CalendarDaemon.framework/Versions/A/CalendarDaemon
0x00000001a6aa0000 	/System/Library/PrivateFrameworks/CalendarFoundation.framework/Versions/A/CalendarFoundation
0x00000001a6a6a000 	/System/Library/PrivateFrameworks/iCalendar.framework/Versions/A/iCalendar
0x000000023cf52000 	/System/Library/PrivateFrameworks/DataAccessExpress.framework/Versions/A/DataAccessExpress
0x00000001ae72c000 	/System/Library/PrivateFrameworks/ContactsAutocomplete.framework/Versions/A/ContactsAutocomplete
0x0000000233411000 	/System/Library/PrivateFrameworks/CloudKitSharingManagement.framework/Versions/A/CloudKitSharingManagement
0x00000001bdbac000 	/System/Library/PrivateFrameworks/FTClientServices.framework/Versions/A/FTClientServices
0x00000002ab668000 	/usr/lib/swift/libswiftCoreMediaIO.dylib
0x00000001ad3ae000 	/System/Library/PrivateFrameworks/CoreDAV.framework/Versions/A/CoreDAV
0x00000001a75d5000 	/System/Library/PrivateFrameworks/CalDAV.framework/Versions/A/CalDAV
0x00000001b2f25000 	/System/Library/PrivateFrameworks/TelephonyUtilities.framework/Versions/A/TelephonyUtilities
0x000000021fb3b000 	/System/Library/Frameworks/LiveCommunicationKit.framework/Versions/A/LiveCommunicationKit
0x0000000234257000 	/System/Library/PrivateFrameworks/CommunicationTrust.framework/Versions/A/CommunicationTrust
0x00000001b7b1c000 	/System/Library/Frameworks/CallKit.framework/Versions/A/CallKit
0x00000001a1b7a000 	/System/Library/PrivateFrameworks/CommunicationsFilter.framework/Versions/A/CommunicationsFilter
0x00000001e2960000 	/System/Library/PrivateFrameworks/IMTransferServices.framework/Versions/A/IMTransferServices
0x00000001b6334000 	/System/Library/PrivateFrameworks/IncomingCallFilter.framework/Versions/A/IncomingCallFilter
0x000000026ce51000 	/System/Library/PrivateFrameworks/NeighborhoodActivityConduit.framework/Versions/A/NeighborhoodActivityConduit
0x00000001b9efc000 	/System/Library/PrivateFrameworks/CallHistory.framework/Versions/A/CallHistory
0x00000002a9fc5000 	/usr/lib/libBASupport.dylib
0x0000000231bb3000 	/System/Library/PrivateFrameworks/CallsUtilities.framework/Versions/A/CallsUtilities
0x0000000231bbe000 	/System/Library/PrivateFrameworks/CallsXPC.framework/Versions/A/CallsXPC
0x000000020e29d000 	/usr/lib/swift/libswiftCallKit.dylib
0x0000000231b96000 	/System/Library/PrivateFrameworks/CallsPersistence.framework/Versions/A/CallsPersistence
0x0000000224913000 	/System/Library/Frameworks/SensitiveContentAnalysis.framework/Versions/A/SensitiveContentAnalysis
0x00000001bae11000 	/System/Library/PrivateFrameworks/PeopleSuggester.framework/Versions/A/PeopleSuggester
0x00000001c40ee000 	/System/Library/PrivateFrameworks/SpotlightReceiver.framework/Versions/A/SpotlightReceiver
0x0000000225493000 	/System/Library/PrivateFrameworks/_AppIntentsServices_AppIntents.framework/Versions/A/_AppIntentsServices_AppIntents
0x000000022c0e4000 	/System/Library/PrivateFrameworks/AppIntentsServices.framework/Versions/A/AppIntentsServices
0x00000001a6a59000 	/System/Library/PrivateFrameworks/CoreRecents.framework/Versions/A/CoreRecents
0x00000002153e4000 	/System/Library/Frameworks/_Contacts_AppIntents.framework/Versions/A/_Contacts_AppIntents
0x0000000215425000 	/System/Library/Frameworks/_GeoToolbox_AppIntents.framework/Versions/A/_GeoToolbox_AppIntents
0x000000028706e000 	/System/Library/PrivateFrameworks/RegulatoryDomain.framework/Versions/A/RegulatoryDomain
0x000000019d3de000 	/usr/lib/libCTGreenTeaLogger.dylib
0x00000001b2e39000 	/System/Library/PrivateFrameworks/CoreParsec.framework/Versions/A/CoreParsec
0x00000001cd446000 	/System/Library/PrivateFrameworks/EmailAddressing.framework/Versions/A/EmailAddressing
0x00000001c9909000 	/System/Library/PrivateFrameworks/EmailCore.framework/Versions/A/EmailCore
0x00000001ca877000 	/System/Library/PrivateFrameworks/EmailFoundation.framework/Versions/A/EmailFoundation
0x000000027139d000 	/System/Library/PrivateFrameworks/PegasusAPI.framework/Versions/A/PegasusAPI
0x0000000272231000 	/System/Library/PrivateFrameworks/PegasusConfiguration.framework/Versions/A/PegasusConfiguration
0x000000023ab9f000 	/System/Library/PrivateFrameworks/CoreRoutineDiagnostics.framework/Versions/A/CoreRoutineDiagnostics
0x00000001b656b000 	/System/Library/Frameworks/LocalAuthentication.framework/Support/DaemonUtils.framework/Versions/A/DaemonUtils
0x0000000261d7a000 	/System/Library/PrivateFrameworks/LocalAuthenticationCoreUI.framework/Versions/A/LocalAuthenticationCoreUI
0x00000001b94e1000 	/System/Library/PrivateFrameworks/BridgeXPC.framework/Versions/A/BridgeXPC
0x0000000198688000 	/System/Library/PrivateFrameworks/CoreBrightness.framework/Versions/A/CoreBrightness
0x00000001b707d000 	/System/Library/PrivateFrameworks/CoreKDL.framework/Versions/A/CoreKDL
0x00000001b5383000 	/System/Library/PrivateFrameworks/EmbeddedOSSupportHost.framework/Versions/A/EmbeddedOSSupportHost
0x00000001d08fe000 	/System/Library/PrivateFrameworks/CPMS.framework/Versions/A/CPMS
0x000000029873f000 	/System/Library/PrivateFrameworks/SystemStatus.framework/Versions/A/SystemStatus
0x00000001bafa0000 	/System/Library/PrivateFrameworks/UniversalAccess.framework/Versions/A/UniversalAccess
0x00000001d46b4000 	/System/Library/PrivateFrameworks/PreferencePanesSupport.framework/Versions/A/PreferencePanesSupport
0x00000001c975c000 	/System/Library/PrivateFrameworks/AccessibilitySupport.framework/Versions/A/AccessibilitySupport
0x00000001c98c7000 	/System/Library/Frameworks/PreferencePanes.framework/Versions/A/PreferencePanes
0x00000001cb1bc000 	/System/Library/PrivateFrameworks/UniversalAccess.framework/Versions/A/Frameworks/UniversalAccessCore.framework/Versions/A/UniversalAccessCore
0x00000001d4814000 	/System/Library/PrivateFrameworks/MachineSettings.framework/Versions/A/MachineSettings
0x00000001c9855000 	/System/Library/PrivateFrameworks/BezelServices.framework/Versions/A/BezelServices
0x00000001b79ee000 	/System/Library/PrivateFrameworks/IntlPreferences.framework/Versions/A/IntlPreferences
0x00000001d352c000 	/System/Library/PrivateFrameworks/AccessibilitySupport.framework/Versions/A/Frameworks/AccessibilityEvents.framework/Versions/A/AccessibilityEvents
0x00000001ca266000 	/System/Library/PrivateFrameworks/AccessibilitySupport.framework/Versions/A/Frameworks/AccessibilityFoundation.framework/Versions/A/AccessibilityFoundation
0x00000001d3495000 	/System/Library/PrivateFrameworks/AccessibilitySupport.framework/Versions/A/Frameworks/AccessibilityKit.framework/Versions/A/AccessibilityKit
0x00000001d34e7000 	/System/Library/PrivateFrameworks/AccessibilitySupport.framework/Versions/A/Frameworks/AccessibilityVisuals.framework/Versions/A/AccessibilityVisuals
0x00000001a2efc000 	/System/Library/PrivateFrameworks/BatteryUIKit.framework/Versions/A/BatteryUIKit
0x000000029e4b9000 	/System/Library/PrivateFrameworks/UniversalControl.framework/Versions/A/UniversalControl
0x00000001a5a1b000 	/usr/lib/libScreenReader.dylib
0x00000001b5b9a000 	/System/Library/PrivateFrameworks/AccessibilitySharedSupport.framework/Versions/A/AccessibilitySharedSupport
0x000000020df27000 	/System/Library/PrivateFrameworks/AXMediaUtilities.framework/Versions/A/AXMediaUtilities
0x00000001cad10000 	/System/Library/Frameworks/Speech.framework/Versions/A/Speech
0x00000001ca6b2000 	/System/Library/PrivateFrameworks/AXAssetLoader.framework/Versions/A/AXAssetLoader
0x00000001c58e0000 	/System/Library/PrivateFrameworks/TextToSpeech.framework/Versions/A/TextToSpeech
0x000000022a7da000 	/System/Library/PrivateFrameworks/AIMLExperimentationAnalytics.framework/Versions/A/AIMLExperimentationAnalytics
0x000000022ae85000 	/System/Library/PrivateFrameworks/AlgorithmsInternal.framework/Versions/A/AlgorithmsInternal
0x0000000297c59000 	/System/Library/PrivateFrameworks/SwiftSQLite.framework/Versions/A/SwiftSQLite
0x000000029b247000 	/System/Library/PrivateFrameworks/TipKitCore.framework/Versions/A/TipKitCore
0x0000000273fa2000 	/System/Library/PrivateFrameworks/PlatformSSOCoreUI.framework/Versions/A/PlatformSSOCoreUI
0x00000001a933d000 	/System/Library/PrivateFrameworks/LoginUIKit.framework/Versions/A/LoginUIKit
0x00000001c53a7000 	/System/Library/PrivateFrameworks/StorageKit.framework/Versions/A/StorageKit
0x0000000198100000 	/System/Library/PrivateFrameworks/AppSSOCore.framework/Versions/A/AppSSOCore
0x000000021033e000 	/System/Library/Frameworks/DeviceCheck.framework/Versions/A/DeviceCheck
0x0000000243316000 	/System/Library/PrivateFrameworks/DiskImages2.framework/Versions/A/DiskImages2
0x00000001c5405000 	/System/Library/PrivateFrameworks/CoreWLANKit.framework/Versions/A/CoreWLANKit
0x00000002a2d64000 	/System/Library/PrivateFrameworks/Wallpaper.framework/Versions/A/Wallpaper
0x00000002a2f0b000 	/System/Library/PrivateFrameworks/WallpaperFoundation.framework/Versions/A/WallpaperFoundation
0x00000002a2f82000 	/System/Library/PrivateFrameworks/WallpaperTypes.framework/Versions/A/WallpaperTypes
0x00000001e4459000 	/System/Library/PrivateFrameworks/SystemDesktopAppearance.framework/Versions/A/SystemDesktopAppearance
0x0000000257a81000 	/System/Library/PrivateFrameworks/icloudMCCKit.framework/Versions/A/icloudMCCKit
0x000000022c41d000 	/System/Library/PrivateFrameworks/AppleAccountUI.framework/Versions/A/AppleAccountUI
0x00000001bdf2f000 	/System/Library/PrivateFrameworks/FindMyDeviceUI.framework/Versions/A/FindMyDeviceUI
0x0000000257b50000 	/System/Library/PrivateFrameworks/iCloudQuotaUI.framework/Versions/A/iCloudQuotaUI
0x00000001d4817000 	/System/Library/PrivateFrameworks/CoreCDPUI.framework/Versions/A/CoreCDPUI
0x00000001b7a52000 	/System/Library/PrivateFrameworks/CoreFollowUpUI.framework/Versions/A/CoreFollowUpUI
0x00000001c42fc000 	/System/Library/PrivateFrameworks/IMCore.framework/Versions/A/IMCore
0x00000001ac3c7000 	/System/Library/PrivateFrameworks/CoreCDP.framework/Versions/A/CoreCDP
0x00000001a7e89000 	/System/Library/PrivateFrameworks/AskPermission.framework/Versions/A/AskPermission
0x00000001bb411000 	/System/Library/Frameworks/Quartz.framework/Versions/A/Quartz
0x00000001b53a9000 	/System/Library/PrivateFrameworks/FindMyDevice.framework/Versions/A/FindMyDevice
0x00000001c81e1000 	/System/Library/PrivateFrameworks/CloudPhotoServicesConfiguration.framework/Versions/A/CloudPhotoServicesConfiguration
0x00000001b9d21000 	/System/Library/PrivateFrameworks/CommerceKit.framework/Versions/A/CommerceKit
0x00000001c99c9000 	/System/Library/PrivateFrameworks/FindMyMac.framework/Versions/A/FindMyMac
0x00000001bcfc4000 	/System/Library/Frameworks/AddressBook.framework/Versions/A/AddressBook
0x00000001bb598000 	/System/Library/PrivateFrameworks/AOSKit.framework/Versions/A/AOSKit
0x00000001a6e21000 	/System/Library/PrivateFrameworks/AOSAccounts.framework/Versions/A/AOSAccounts
0x00000001a0ebf000 	/System/Library/PrivateFrameworks/AppleSRP.framework/Versions/A/AppleSRP
0x00000001a5a28000 	/System/Library/PrivateFrameworks/NetFSServer.framework/Versions/A/NetFSServer
0x00000001b8b37000 	/System/Library/Frameworks/PDFKit.framework/Versions/A/PDFKit
0x00000002ab6ae000 	/usr/lib/swift/libswiftPassKit.dylib
0x00000001dc608000 	/System/Library/Frameworks/PassKit.framework/Versions/A/PassKit
0x00000001a9421000 	/System/Library/PrivateFrameworks/PassKitCore.framework/Versions/A/PassKitCore
0x000000027088c000 	/System/Library/PrivateFrameworks/PassKitMacHelperTemp.framework/Versions/A/PassKitMacHelperTemp
0x00000002a992a000 	/usr/lib/libAppleSSE.dylib
0x000000028a5cc000 	/System/Library/PrivateFrameworks/SEService.framework/Versions/A/SEService
0x000000021deeb000 	/System/Library/Frameworks/FinanceKit.framework/Versions/A/FinanceKit
0x000000022d319000 	/System/Library/PrivateFrameworks/AppletTranslationFramework.framework/Versions/A/AppletTranslationFramework
0x00000001bb4ad000 	/System/Library/PrivateFrameworks/NearField.framework/Versions/A/NearField
0x000000028a6ea000 	/System/Library/PrivateFrameworks/SESShared.framework/Versions/A/SESShared
0x0000000297291000 	/System/Library/PrivateFrameworks/STSXPCHelperClient.framework/Versions/A/STSXPCHelperClient
0x00000001bd37f000 	/usr/lib/libnfshared.dylib
0x00000001dfa1d000 	/System/Library/PrivateFrameworks/PassKitUIFoundation.framework/Versions/A/PassKitUIFoundation
0x00000001a0aa0000 	/System/Library/Frameworks/MapKit.framework/Versions/A/MapKit
0x000000024a458000 	/System/Library/PrivateFrameworks/GeoAnalytics.framework/Versions/A/GeoAnalytics
0x00000001bd8e0000 	/System/Library/PrivateFrameworks/Navigation.framework/Versions/A/Navigation
0x00000001c71e2000 	/System/Library/PrivateFrameworks/VectorKit.framework/Versions/A/VectorKit
0x00000002281c4000 	/System/Library/PrivateFrameworks/_GeoServices_GeoToolbox.framework/Versions/A/_GeoServices_GeoToolbox
0x00000001ae22b000 	/System/Library/PrivateFrameworks/VirtualGarage.framework/Versions/A/VirtualGarage
0x00000001bd3aa000 	/System/Library/Frameworks/ExternalAccessory.framework/ExternalAccessory
0x00000001bd3c0000 	/System/Library/PrivateFrameworks/IAP.framework/Versions/A/IAP
0x00000001ae340000 	/System/Library/PrivateFrameworks/ContactsUICore.framework/Versions/A/ContactsUICore
0x00000001a8f32000 	/System/Library/PrivateFrameworks/IMSharedUtilities.framework/Versions/A/IMSharedUtilities
0x00000002ab60d000 	/usr/lib/swift/libswiftAppleArchive.dylib
0x00000001b6419000 	/System/Library/PrivateFrameworks/ContactsDonation.framework/Versions/A/ContactsDonation
0x00000001b53ee000 	/System/Library/PrivateFrameworks/DataDetectors.framework/Versions/A/DataDetectors
0x00000001a75c5000 	/System/Library/Frameworks/MediaLibrary.framework/Versions/A/MediaLibrary
0x00000001a1b6d000 	/System/Library/PrivateFrameworks/PersonaKit.framework/Versions/A/PersonaKit
0x00000001ae333000 	/System/Library/PrivateFrameworks/PersonaUI.framework/Versions/A/PersonaUI
0x00000001c93ba000 	/System/Library/PrivateFrameworks/Transparency.framework/Versions/A/Transparency
0x0000000245b04000 	/System/Library/PrivateFrameworks/FindMyLocate.framework/Versions/A/FindMyLocate
0x000000028a02c000 	/System/Library/PrivateFrameworks/SensitiveContentAnalysisUI.framework/Versions/A/SensitiveContentAnalysisUI
0x000000023b3cd000 	/System/Library/PrivateFrameworks/CoreTransparency.framework/Versions/A/CoreTransparency
0x0000000245477000 	/System/Library/PrivateFrameworks/FindMyCommon.framework/Versions/A/FindMyCommon
0x00000002452a7000 	/System/Library/PrivateFrameworks/FindMyBase.framework/Versions/A/FindMyBase
0x0000000223680000 	/System/Library/Frameworks/NearbyInteraction.framework/Versions/A/NearbyInteraction
0x0000000245491000 	/System/Library/PrivateFrameworks/FindMyFeatureFlags.framework/Versions/A/FindMyFeatureFlags
0x0000000215398000 	/System/Library/Frameworks/_AVKit_SwiftUI.framework/Versions/A/_AVKit_SwiftUI
0x000000029c78a000 	/System/Library/PrivateFrameworks/TrustKit.framework/Versions/A/TrustKit
0x00000001a180d000 	/System/Library/PrivateFrameworks/AddressBookCore.framework/Versions/A/AddressBookCore
0x00000001bd0f3000 	/System/Library/PrivateFrameworks/ToneKit.framework/Versions/A/ToneKit
0x00000001b7a23000 	/System/Library/PrivateFrameworks/ToneLibrary.framework/Versions/A/ToneLibrary
0x000000023462a000 	/System/Library/PrivateFrameworks/ContactsAccounts.framework/Versions/A/ContactsAccounts
0x00000001bb34c000 	/System/Library/PrivateFrameworks/Lookup.framework/Versions/A/Lookup
0x0000000224016000 	/System/Library/Frameworks/QuickLookUI.framework/Versions/A/QuickLookUI
0x00000001b311d000 	/System/Library/PrivateFrameworks/DeviceManagement.framework/Versions/A/DeviceManagement
0x00000001d3fe3000 	/System/Library/PrivateFrameworks/ScreenTimeUI.framework/Versions/A/ScreenTimeUI
0x000000022489c000 	/System/Library/Frameworks/ScreenCaptureKit.framework/Versions/A/ScreenCaptureKit
0x00000001a5b19000 	/System/Library/Frameworks/QuickLookThumbnailing.framework/Versions/A/QuickLookThumbnailing
0x00000001b2e13000 	/System/Library/PrivateFrameworks/QuickLookSupport.framework/Versions/A/QuickLookSupport
0x00000001b53ea000 	/System/Library/PrivateFrameworks/QuickLookNonBaseSystem.framework/Versions/A/QuickLookNonBaseSystem
0x000000019d07e000 	/System/Library/Frameworks/QuickLook.framework/Versions/A/QuickLook
0x00000001b64ca000 	/System/Library/PrivateFrameworks/Catalyst.framework/Versions/A/Catalyst
0x00000001b7b9f000 	/System/Library/PrivateFrameworks/ScreenTimeCore.framework/Versions/A/ScreenTimeCore
0x00000001cb05f000 	/System/Library/PrivateFrameworks/ScreenTimeServiceUI.framework/Versions/A/ScreenTimeServiceUI
0x0000000288dc9000 	/System/Library/PrivateFrameworks/ScreenTimeSettingsServices.framework/Versions/A/ScreenTimeSettingsServices
0x0000000289614000 	/System/Library/PrivateFrameworks/ScreenTimeSwift.framework/Versions/A/ScreenTimeSwift
0x00000001c3c10000 	/System/Library/PrivateFrameworks/ConfigurationEngineModel.framework/Versions/A/ConfigurationEngineModel
0x00000001c71a9000 	/System/Library/PrivateFrameworks/UsageTracking.framework/Versions/A/UsageTracking
0x000000021d3e2000 	/System/Library/Frameworks/DeviceActivity.framework/Versions/A/DeviceActivity
0x00000001c7185000 	/System/Library/PrivateFrameworks/KnowledgeMonitor.framework/Versions/A/KnowledgeMonitor
0x00000001df9db000 	/System/Library/PrivateFrameworks/BluetoothManager.framework/Versions/A/BluetoothManager
0x000000022f13a000 	/System/Library/PrivateFrameworks/AskToCore.framework/Versions/A/AskToCore
0x000000021fc7b000 	/System/Library/Frameworks/ManagedSettings.framework/Versions/A/ManagedSettings
0x00000002625ec000 	/System/Library/PrivateFrameworks/ManagedSettingsSupport.framework/Versions/A/ManagedSettingsSupport
0x00000001dc6d9000 	/System/Library/Frameworks/ReplayKit.framework/Versions/A/ReplayKit
0x00000001cba64000 	/System/Library/PrivateFrameworks/PhotosFormats.framework/Versions/A/PhotosFormats
0x00000001a2db0000 	/System/Library/PrivateFrameworks/AVFoundationCF.framework/Versions/A/AVFoundationCF
0x00000001c3aae000 	/System/Library/PrivateFrameworks/MMCS.framework/Versions/A/MMCS
0x00000001a8f0a000 	/System/Library/PrivateFrameworks/PhotoFoundation.framework/Versions/A/PhotoFoundation
0x00000001a745f000 	/System/Library/PrivateFrameworks/ChunkingLibrary.framework/Versions/A/ChunkingLibrary
0x000000019d48b000 	/System/Library/PrivateFrameworks/AssetCacheServices.framework/Versions/A/AssetCacheServices
0x00000001aa231000 	/System/Library/PrivateFrameworks/MarkupUI.framework/Versions/A/MarkupUI
0x00000001b53ca000 	/System/Library/PrivateFrameworks/SidecarCore.framework/Versions/A/SidecarCore
0x00000001b85a0000 	/System/Library/PrivateFrameworks/AnnotationKit.framework/Versions/A/AnnotationKit
0x00000001b4d90000 	/System/Library/PrivateFrameworks/CorePDF.framework/Versions/A/CorePDF
0x00000001b86a4000 	/System/Library/Frameworks/Quartz.framework/Versions/A/Frameworks/QuartzComposer.framework/Versions/A/QuartzComposer
0x00000001b79d0000 	/System/Library/Frameworks/Quartz.framework/Versions/A/Frameworks/QuartzFilters.framework/Versions/A/QuartzFilters
0x00000001b6c57000 	/System/Library/Frameworks/Quartz.framework/Versions/A/Frameworks/ImageKit.framework/Versions/A/ImageKit
0x00000001a9338000 	/System/Library/PrivateFrameworks/DisplayServices.framework/Versions/A/DisplayServices
0x00000001b796e000 	/System/Library/Frameworks/ImageCaptureCore.framework/Versions/A/ImageCaptureCore
0x00000002a0f48000 	/System/Library/PrivateFrameworks/VisionKitCore.framework/Versions/A/VisionKitCore
0x0000000243f10000 	/System/Library/PrivateFrameworks/EmbeddingCore.framework/Versions/A/EmbeddingCore
0x0000000262fb8000 	/System/Library/PrivateFrameworks/MediaAnalysisServices.framework/Versions/A/MediaAnalysisServices
0x00000001ba4e2000 	/System/Library/PrivateFrameworks/PhotoLibraryServices.framework/Versions/A/PhotoLibraryServices
0x00000001b75f0000 	/System/Library/Frameworks/Photos.framework/Versions/A/Photos
0x00000001c8202000 	/System/Library/PrivateFrameworks/CloudPhotoLibrary.framework/Versions/A/CloudPhotoLibrary
0x00000001d1606000 	/System/Library/PrivateFrameworks/CloudPhotoServices.framework/Versions/A/CloudPhotoServices
0x00000001cda14000 	/System/Library/PrivateFrameworks/CoreMediaStream.framework/Versions/A/CoreMediaStream
0x00000001a217c000 	/System/Library/PrivateFrameworks/CPAnalytics.framework/Versions/A/CPAnalytics
0x0000000260fe3000 	/System/Library/PrivateFrameworks/Leo.framework/Versions/A/Leo
0x00000001c9e77000 	/System/Library/PrivateFrameworks/MediaConversionService.framework/Versions/A/MediaConversionService
0x0000000272892000 	/System/Library/PrivateFrameworks/PhotoLibraryServicesCore.framework/Versions/A/PhotoLibraryServicesCore
0x00000001e2874000 	/usr/lib/swift/libswiftDemangle.dylib
0x0000000257e12000 	/System/Library/PrivateFrameworks/ImageCaptureDevices.framework/Versions/A/ImageCaptureDevices
0x00000002a99f6000 	/usr/lib/libaxis.dylib
0x00000001b5f08000 	/System/Library/PrivateFrameworks/MediaStream.framework/Versions/A/MediaStream
0x00000001ca309000 	/System/Library/PrivateFrameworks/NeutrinoCore.framework/Versions/A/NeutrinoCore
0x000000018db0f000 	/System/Library/PrivateFrameworks/NLP.framework/Versions/A/NLP
0x00000001d0457000 	/System/Library/PrivateFrameworks/PhotoImaging.framework/Versions/A/PhotoImaging
0x00000001d15d1000 	/System/Library/PrivateFrameworks/PhotosImagingFoundation.framework/Versions/A/PhotosImagingFoundation
0x000000027355b000 	/System/Library/PrivateFrameworks/PhotosIntelligenceCore.framework/Versions/A/PhotosIntelligenceCore
0x00000001d1612000 	/System/Library/PrivateFrameworks/AutoLoop.framework/Versions/A/AutoLoop
0x0000000272d06000 	/System/Library/PrivateFrameworks/PhotosGenerativeServices.framework/Versions/A/PhotosGenerativeServices
0x00000002a12b4000 	/System/Library/PrivateFrameworks/VisualGeneration.framework/Versions/A/VisualGeneration
0x000000022b0e2000 	/System/Library/PrivateFrameworks/ANEClientSignals.framework/Versions/A/ANEClientSignals
0x0000000232be3000 	/System/Library/PrivateFrameworks/CipherML.framework/Versions/A/CipherML
0x0000000269dcb000 	/System/Library/PrivateFrameworks/ModelInterfaces.framework/Versions/A/ModelInterfaces
0x0000000187252000 	/usr/lib/libmecabra.dylib
0x000000024d093000 	/System/Library/PrivateFrameworks/GRPCCoreInternal.framework/Versions/A/GRPCCoreInternal
0x000000024d13d000 	/System/Library/PrivateFrameworks/GRPCProtobufInternal.framework/Versions/A/GRPCProtobufInternal
0x000000027228f000 	/System/Library/PrivateFrameworks/PegasusKit.framework/Versions/A/PegasusKit
0x000000024d164000 	/System/Library/PrivateFrameworks/GRPCURLSessionTransportInternal.framework/Versions/A/GRPCURLSessionTransportInternal
0x0000000197fd3000 	/usr/lib/libChineseTokenizer.dylib
0x00000001b81b7000 	/System/Library/PrivateFrameworks/iTunesCloud.framework/Versions/A/iTunesCloud
0x00000001c1515000 	/System/Library/PrivateFrameworks/DAAPKit.framework/Versions/A/DAAPKit
0x0000000226e4a000 	/System/Library/Frameworks/Translation.framework/Versions/A/Translation
0x00000001d311c000 	/System/Library/PrivateFrameworks/RevealCore.framework/Versions/A/RevealCore
0x00000001d3114000 	/System/Library/PrivateFrameworks/Reveal.framework/Versions/A/Reveal
0x000000022a559000 	/System/Library/PrivateFrameworks/AgentSessionKit.framework/Versions/A/AgentSessionKit
0x0000000258cda000 	/System/Library/PrivateFrameworks/InputToolKit.framework/Versions/A/InputToolKit
0x000000029c706000 	/System/Library/PrivateFrameworks/TranslationUIServices.framework/Versions/A/TranslationUIServices
0x00000001b6e09000 	/System/Library/Frameworks/PencilKit.framework/Versions/A/PencilKit
0x00000001b6fa5000 	/System/Library/PrivateFrameworks/SidecarUI.framework/Versions/A/SidecarUI
0x00000001b6860000 	/System/Library/PrivateFrameworks/CoreHandwriting.framework/Versions/A/CoreHandwriting
0x00000001ae8d8000 	/System/Library/PrivateFrameworks/Calculate.framework/Versions/A/Calculate
0x000000020e0aa000 	/System/Library/PrivateFrameworks/ScreenReaderCore.framework/Versions/A/ScreenReaderCore
0x000000029719c000 	/System/Library/PrivateFrameworks/StocksKit.framework/Versions/A/StocksKit
0x0000000296eca000 	/System/Library/PrivateFrameworks/StocksCore.framework/Versions/A/StocksCore
0x0000000298840000 	/System/Library/PrivateFrameworks/TeaFoundation.framework/Versions/A/TeaFoundation
0x0000000298a1f000 	/System/Library/PrivateFrameworks/TeaSettings.framework/Versions/A/TeaSettings
0x00000001e3dcc000 	/System/Library/PrivateFrameworks/NewsCore.framework/Versions/A/NewsCore
0x00000002987d7000 	/System/Library/PrivateFrameworks/TeaDB.framework/Versions/A/TeaDB
0x00000001e091e000 	/System/Library/PrivateFrameworks/RemoteConfiguration.framework/Versions/A/RemoteConfiguration
0x00000001e3a39000 	/System/Library/PrivateFrameworks/NewsTransport.framework/Versions/A/NewsTransport
0x00000001e3dc0000 	/System/Library/PrivateFrameworks/NewsFoundation.framework/Versions/A/NewsFoundation
0x000000026d3c1000 	/System/Library/PrivateFrameworks/NewsURLBucket.framework/Versions/A/NewsURLBucket
0x00000001ba11c000 	/System/Library/PrivateFrameworks/MobileInstallation.framework/Versions/A/MobileInstallation
0x00000001bf88e000 	/System/Library/PrivateFrameworks/CoreCDPInternal.framework/Versions/A/CoreCDPInternal
0x0000000258c03000 	/System/Library/PrivateFrameworks/InputAnalytics.framework/Versions/A/InputAnalytics
0x00000001c4b1e000 	/System/Library/Frameworks/InstantMessage.framework/Versions/A/InstantMessage
0x00000001bcefc000 	/System/Library/PrivateFrameworks/IDSKVStore.framework/Versions/A/IDSKVStore
0x00000001bcb0e000 	/System/Library/PrivateFrameworks/IMDPersistence.framework/Versions/A/IMDPersistence
0x000000022f536000 	/System/Library/PrivateFrameworks/AssistantActionSuggestion.framework/Versions/A/AssistantActionSuggestion
0x000000022f7e6000 	/System/Library/PrivateFrameworks/AssistantActionSuggestionSupport.framework/Versions/A/AssistantActionSuggestionSupport
0x000000029ed3d000 	/System/Library/PrivateFrameworks/UserSafety.framework/Versions/A/UserSafety
0x00000001cb38f000 	/System/Library/Frameworks/IdentityLookup.framework/Versions/A/IdentityLookup
0x00000001dea80000 	/System/Library/PrivateFrameworks/BlastDoor.framework/Versions/A/BlastDoor
0x000000029dcf1000 	/System/Library/PrivateFrameworks/UIIntelligenceSupportAgent.framework/Versions/A/UIIntelligenceSupportAgent
0x0000000261981000 	/System/Library/PrivateFrameworks/LinkPresentationStyleSheetParsing.framework/Versions/A/LinkPresentationStyleSheetParsing
0x0000000274889000 	/System/Library/PrivateFrameworks/PosterFoundation.framework/Versions/A/PosterFoundation
0x0000000274900000 	/System/Library/PrivateFrameworks/PosterModel.framework/Versions/A/PosterModel
0x00000002748e2000 	/System/Library/PrivateFrameworks/PosterFuturesKit.framework/Versions/A/PosterFuturesKit
0x0000000244c8b000 	/System/Library/PrivateFrameworks/FeedbackService.framework/Versions/A/FeedbackService
0x00000001b638e000 	/System/Library/PrivateFrameworks/CoreSDB.framework/Versions/A/CoreSDB
0x00000001c158a000 	/System/Library/PrivateFrameworks/SPOwner.framework/Versions/A/SPOwner
0x00000001b9d71000 	/System/Library/PrivateFrameworks/FMCore.framework/Versions/A/FMCore
0x00000001a9409000 	/System/Library/PrivateFrameworks/FMCoreLite.framework/Versions/A/FMCoreLite
0x0000000257ac4000 	/System/Library/PrivateFrameworks/iCloudQuota.framework/Versions/A/iCloudQuota
0x00000001ae2c2000 	/System/Library/PrivateFrameworks/CoreRecognition.framework/Versions/A/CoreRecognition
0x00000001c98f0000 	/System/Library/PrivateFrameworks/InAppMessages.framework/Versions/A/InAppMessages
0x000000020c94c000 	/System/Library/PrivateFrameworks/JetUI.framework/Versions/A/JetUI
0x00000001c98ea000 	/System/Library/PrivateFrameworks/InAppMessagesCore.framework/Versions/A/InAppMessagesCore
0x00000002281db000 	/System/Library/PrivateFrameworks/_JetEngine_SwiftUI.framework/Versions/A/_JetEngine_SwiftUI
0x0000000298553000 	/System/Library/PrivateFrameworks/Synapse.framework/Versions/A/Synapse
0x000000023ccf8000 	/System/Library/PrivateFrameworks/CSExattrCrypto.framework/Versions/A/CSExattrCrypto
0x00000001bb0df000 	/System/Library/PrivateFrameworks/StoreFoundation.framework/Versions/A/StoreFoundation
0x00000001b9d6c000 	/System/Library/PrivateFrameworks/ServerInformation.framework/Versions/A/ServerInformation
0x00000001b9743000 	/System/Library/PrivateFrameworks/Install.framework/Frameworks/DistributionKit.framework/Versions/A/DistributionKit
0x00000001b2bfd000 	/System/Library/PrivateFrameworks/PackageKit.framework/Versions/A/PackageKit
0x00000001b6771000 	/System/Library/PrivateFrameworks/StorageManagement.framework/Versions/A/StorageManagement
0x00000001c99cf000 	/System/Library/PrivateFrameworks/MobileActivationMacOS.framework/Versions/A/MobileActivationMacOS
0x000000022ef08000 	/System/Library/PrivateFrameworks/Archetype.framework/Versions/A/Archetype
0x000000023046f000 	/System/Library/PrivateFrameworks/BackgroundSystemTasks.framework/Versions/A/BackgroundSystemTasks
0x00000001a5a58000 	/System/Library/PrivateFrameworks/DuetActivityScheduler.framework/Versions/A/DuetActivityScheduler
0x00000001a3eed000 	/System/Library/PrivateFrameworks/CoreDuetContext.framework/Versions/A/CoreDuetContext
0x000000018bcdc000 	/System/Library/PrivateFrameworks/CoreDuet.framework/Versions/A/CoreDuet
0x00000001a6b1c000 	/System/Library/PrivateFrameworks/CoreDuetDaemonProtocol.framework/Versions/A/CoreDuetDaemonProtocol
0x00000001b8c33000 	/System/Library/Frameworks/SceneKit.framework/Versions/A/SceneKit
0x00000001aa289000 	/System/Library/Frameworks/JavaScriptCore.framework/Versions/A/JavaScriptCore
0x00000001c9f50000 	/System/Library/Frameworks/ModelIO.framework/Versions/A/ModelIO
0x000000019d0d5000 	/System/Library/Frameworks/MetalKit.framework/Versions/A/MetalKit
0x00000002ab684000 	/usr/lib/swift/libswiftGLKit.dylib
0x00000002ab686000 	/usr/lib/swift/libswiftMetalKit.dylib
0x00000002ab68f000 	/usr/lib/swift/libswiftModelIO.dylib
0x00000002ab7bd000 	/usr/lib/swift/libswiftSceneKit.dylib
0x000000019d317000 	/System/Library/Frameworks/GLKit.framework/Versions/A/GLKit
0x00000002ad8e0000 	/usr/lib/usd/libusd_ms.dylib
0x000000029e6ea000 	/System/Library/PrivateFrameworks/USDLib_FormatLoaderProxy.framework/Versions/A/USDLib_FormatLoaderProxy
0x00000002ab4e0000 	/usr/lib/swift/libswift_errno.dylib
0x000000021cc20000 	/System/Library/Frameworks/BrowserEngineCore.framework/Versions/A/BrowserEngineCore
0x0000000263b25000 	/System/Library/PrivateFrameworks/MenuBarClientCore.framework/Versions/A/MenuBarClientCore
0x0000000212cc2000 	/System/Library/Extensions/AGXMetalG14G.bundle/Contents/MacOS/AGXMetalG14G
0x00000001ad359000 	/System/Library/PrivateFrameworks/IOGPU.framework/Versions/A/IOGPU
0x0000000133f98000 	/Library/Java/JavaVirtualMachines/jdk-17.jdk/Contents/Home/lib/libosxui.dylib
0x00000002122c6000 	/System/Library/Frameworks/OpenGL.framework/Versions/A/Resources/GLEngine.bundle/GLEngine
0x0000000212166000 	/System/Library/Frameworks/OpenGL.framework/Versions/A/Libraries/libGLProgrammability.dylib
0x0000000135b28000 	/System/Library/Extensions/AppleMetalOpenGLRenderer.bundle/Contents/MacOS/AppleMetalOpenGLRenderer
0x0000000212426000 	/System/Library/Frameworks/OpenGL.framework/Versions/A/Resources/GLRendererFloat.bundle/GLRendererFloat
0x0000000135ad8000 	/Library/Java/JavaVirtualMachines/jdk-17.jdk/Contents/Home/lib/libjawt.dylib
0x0000000135afc000 	/Library/Java/JavaVirtualMachines/jdk-17.jdk/Contents/Home/lib/libprefs.dylib
0x0000000140d80000 	/private/var/folders/qs/1z8n9dmd7zzb94z08tkj426h0000gn/T/libio_grpc_netty_shaded_netty_tcnative_osx_aarch_6417010381559798056166.dylib
0x0000000135fb8000 	/Library/Java/JavaVirtualMachines/jdk-17.jdk/Contents/Home/lib/libextnet.dylib
0x0000000137f00000 	/System/Volumes/Preboot/Cryptexes/OS/usr/lib/libMetalMetricsInterpose.dylib
0x00000002250ea000 	/System/Library/Frameworks/StateReporting.framework/Versions/A/StateReporting
0x0000000299139000 	/System/Library/PrivateFrameworks/TextInputUI.framework/Versions/A/TextInputUI
0x0000000299177000 	/System/Library/PrivateFrameworks/TextInputUIMacHelper.framework/Versions/A/TextInputUIMacHelper
0x00000001c0527000 	/System/Library/PrivateFrameworks/SafariPlatformSupport.framework/Versions/A/SafariPlatformSupport
0x0000000296279000 	/System/Library/PrivateFrameworks/SpotlightKnowledge.framework/Versions/A/SpotlightKnowledge
0x0000000296263000 	/System/Library/PrivateFrameworks/SpotlightEmbedding.framework/Versions/A/SpotlightEmbedding
0x000000018bc88000 	/System/Library/PrivateFrameworks/SpotlightLinguistics.framework/Versions/A/SpotlightLinguistics
0x000000029678f000 	/System/Library/PrivateFrameworks/SpotlightResources.framework/Versions/A/SpotlightResources
0x00000001baf5a000 	/System/Library/PrivateFrameworks/DataDeliveryServices.framework/Versions/A/DataDeliveryServices


VM Arguments:
jvm_args: -Dcompose.application.configure.swing.globals=true -Dcompose.application.resources.dir=/Users/dimasadipratama/StudioProjects/ScannerKKP_MAC/composeApp/build/compose/tmp/prepareAppResources -Dfile.encoding=UTF-8 -Duser.country=US -Duser.language=en -Duser.variant 
java_command: org.bkkipmsemarang.kkp_scanner.MainKt
java_class_path (initial): /Users/dimasadipratama/StudioProjects/ScannerKKP_MAC/composeApp/build/libs/composeApp-jvm.jar:/Users/dimasadipratama/.gradle/caches/modules-2/files-2.1/org.jetbrains.compose.desktop/desktop-jvm/1.7.3/128a1262fd72c68277ebadf308a07ff086206f8e/desktop-jvm-1.7.3.jar:/Users/dimasadipratama/.gradle/caches/modules-2/files-2.1/org.jetbrains.compose.material/material-desktop/1.7.3/e87876e0c6f36990f13cedb09d820469fd6cc371/material-desktop-1.7.3.jar:/Users/dimasadipratama/.gradle/caches/modules-2/files-2.1/org.jetbrains.compose.material3/material3-desktop/1.7.3/46677287ea3e5da18b2ad62cac38b6c3df70c8cd/material3-desktop-1.7.3.jar:/Users/dimasadipratama/.gradle/caches/modules-2/files-2.1/org.jetbrains.compose.components/components-resources-desktop/1.7.3/aeb1cd8677ec680fcf716aecbaf1a2aafc217622/library-desktop-1.7.3.jar:/Users/dimasadipratama/.gradle/caches/modules-2/files-2.1/org.jetbrains.compose.material/material-ripple-desktop/1.7.3/42b03965266ad123672e8a87f98d914dc8c072bf/material-ripple-desktop-1.7.3.jar:/Users/dimasadipratama/.gradle/caches/modules-2/files-2.1/org.jetbrains.compose.foundation/foundation-desktop/1.7.3/77da4f0c26d63177315b3dce06c48177c5d49704/foundation-desktop-1.7.3.jar:/Users/dimasadipratama/.gradle/caches/modules-2/files-2.1/org.jetbrains.compose.material/material-icons-extended-desktop/1.7.3/c7c5465dd754043076875b32bce0dd7f5a354fe8/material-icons-extended-desktop-1.7.3.jar:/Users/dimasadipratama/.gradle/caches/modules-2/files-2.1/org.jetbrains.androidx.lifecycle/lifecycle-viewmodel-compose-desktop/2.8.4/ec231eb8e04e4e6b06cc18265468a5589c191c6d/lifecycle-viewmodel-compose-desktop-2.8.4.jar:/Users/dimasadipratama/.gradle/caches/modules-2/files-2.1/org.jetbrains.compose.animation/animation-desktop/1.7.3/c1fec150a3d1eadfe4643a550cbc9c83d106ef98/animation-desktop-1.7.3.jar:/Users/dimasadipratama/.gradle/caches/modules-2/files-2.1/org.jetbrains.compose.foundation/foundation-layout-desktop/1.7.3/99ee09906c30143ece1a7e9d1ab25db99ca6
Launcher Type: SUN_STANDARD

[Global flags]
     intx CICompilerCount                          = 4                                         {product} {ergonomic}
     uint ConcGCThreads                            = 2                                         {product} {ergonomic}
     uint G1ConcRefinementThreads                  = 8                                         {product} {ergonomic}
   size_t G1HeapRegionSize                         = 1048576                                   {product} {ergonomic}
    uintx GCDrainStackTargetSize                   = 64                                        {product} {ergonomic}
   size_t InitialHeapSize                          = 134217728                                 {product} {ergonomic}
   size_t MarkStackSize                            = 4194304                                   {product} {ergonomic}
   size_t MaxHeapSize                              = 2147483648                                {product} {ergonomic}
   size_t MaxNewSize                               = 1287651328                                {product} {ergonomic}
   size_t MinHeapDeltaBytes                        = 1048576                                   {product} {ergonomic}
   size_t MinHeapSize                              = 8388608                                   {product} {ergonomic}
    uintx NonNMethodCodeHeapSize                   = 5839564                                {pd product} {ergonomic}
    uintx NonProfiledCodeHeapSize                  = 122909338                              {pd product} {ergonomic}
    uintx ProfiledCodeHeapSize                     = 122909338                              {pd product} {ergonomic}
    uintx ReservedCodeCacheSize                    = 251658240                              {pd product} {ergonomic}
     bool SegmentedCodeCache                       = true                                      {product} {ergonomic}
   size_t SoftMaxHeapSize                          = 2147483648                             {manageable} {ergonomic}
     bool UseCompressedClassPointers               = true                           {product lp64_product} {ergonomic}
     bool UseCompressedOops                        = true                           {product lp64_product} {ergonomic}
     bool UseG1GC                                  = true                                      {product} {ergonomic}
     bool UseNUMA                                  = false                                     {product} {ergonomic}
     bool UseNUMAInterleaving                      = false                                     {product} {ergonomic}

Logging:
Log output configuration:
 #0: stdout all=warning uptime,level,tags
 #1: stderr all=off uptime,level,tags

Environment Variables:
PATH=/Users/dimasadipratama/.bun/bin:/opt/homebrew/bin:/opt/homebrew/sbin:/usr/local/bin:/System/Cryptexes/App/usr/bin:/usr/bin:/bin:/usr/sbin:/sbin:/var/run/com.apple.security.cryptexd/codex.system/bootstrap/usr/local/bin:/var/run/com.apple.security.cryptexd/codex.system/bootstrap/usr/bin:/var/run/com.apple.security.cryptexd/codex.system/bootstrap/usr/appleinternal/bin:/pkg/env/global/bin:/Library/Apple/usr/bin
SHELL=/bin/zsh
LANG=C.UTF-8
LC_CTYPE=UTF-8

Signal Handlers:
   SIGSEGV: crash_handler in libjvm.dylib, mask=11100110000111110111111111111111, flags=SA_RESTART|SA_SIGINFO
    SIGBUS: crash_handler in libjvm.dylib, mask=11100110000111110111111111111111, flags=SA_RESTART|SA_SIGINFO
    SIGFPE: crash_handler in libjvm.dylib, mask=11100110000111110111111111111111, flags=SA_RESTART|SA_SIGINFO
   SIGPIPE: javaSignalHandler in libjvm.dylib, mask=11100110000111110111111111111111, flags=SA_RESTART|SA_SIGINFO
   SIGXFSZ: javaSignalHandler in libjvm.dylib, mask=11100110000111110111111111111111, flags=SA_RESTART|SA_SIGINFO
    SIGILL: crash_handler in libjvm.dylib, mask=11100110000111110111111111111111, flags=SA_RESTART|SA_SIGINFO
   SIGUSR2: SR_handler in libjvm.dylib, mask=00100000000000000000000000000000, flags=SA_RESTART|SA_SIGINFO
    SIGHUP: UserHandler in libjvm.dylib, mask=11100110000111110111111111111111, flags=SA_RESTART|SA_SIGINFO
    SIGINT: UserHandler in libjvm.dylib, mask=11100110000111110111111111111111, flags=SA_RESTART|SA_SIGINFO
   SIGTERM: UserHandler in libjvm.dylib, mask=11100110000111110111111111111111, flags=SA_RESTART|SA_SIGINFO
   SIGQUIT: UserHandler in libjvm.dylib, mask=11100110000111110111111111111111, flags=SA_RESTART|SA_SIGINFO
   SIGTRAP: crash_handler in libjvm.dylib, mask=11100110000111110111111111111111, flags=SA_RESTART|SA_SIGINFO


---------------  S Y S T E M  ---------------

OS:
uname: Darwin 27.0.0 Darwin Kernel Version 27.0.0: Wed May 27 02:08:30 PDT 2026; root:xnu-13361.0.0.501.1~2/RELEASE_ARM64_T8112 arm64
OS uptime: 0 days 22:43 hours
rlimit (soft/hard): STACK 8176k/65520k , CORE 0k/infinity , NPROC 1333/2000 , NOFILE 10240/infinity , AS infinity/infinity , CPU infinity/infinity , DATA infinity/infinity , FSIZE infinity/infinity , MEMLOCK infinity/infinity , RSS infinity/infinity
load average: 3.15 3.55 3.55

CPU: total 8 (initial active 8) 0x61:0x0:0xda33d83d:0, fp, simd, crc, lse

Memory: 16k page, physical 8388608k(2097152k free), swap 6291456k(1463552k free)

vm_info: Java HotSpot(TM) 64-Bit Server VM (17.0.12+8-LTS-286) for bsd-aarch64 JRE (17.0.12+8-LTS-286), built on Jun  5 2024 05:44:10 by "mach5one" with clang Apple LLVM 12.0.0 (clang-1200.0.32.29)

END.
