#
# A fatal error has been detected by the Java Runtime Environment:
#
#  SIGSEGV (0xb) at pc=0x000000018d4dc808, pid=7654, tid=104743
#
# JRE version: Java(TM) SE Runtime Environment (17.0.12+8) (build 17.0.12+8-LTS-286)
# Java VM: Java HotSpot(TM) 64-Bit Server VM (17.0.12+8-LTS-286, mixed mode, sharing, tiered, compressed oops, compressed class ptrs, g1 gc, bsd-aarch64)
# Problematic frame:
# C  [libobjcMsgSend.dylib+0x808]  objc_msgSend+0x8
#
# No core dump will be written. Core dumps have been disabled. To enable core dumping, try "ulimit -c unlimited" before starting Java again
#
# If you would like to submit a bug report, please visit:
#   https://bugreport.java.com/bugreport/crash.jsp
# The crash happened outside the Java Virtual Machine in native code.
# See problematic frame for where to report the bug.
#

---------------  S U M M A R Y ------------

Command Line: -Dcompose.application.configure.swing.globals=true -Dcompose.application.resources.dir=/Users/dimasadipratama/StudioProjects/ScannerKKP_MAC/composeApp/build/compose/tmp/prepareAppResources -Dfile.encoding=UTF-8 -Duser.country=US -Duser.language=en -Duser.variant org.bkkipmsemarang.kkp_scanner.MainKt

Host: "Mac14,2" arm64 1 MHz, 8 cores, 8G, Darwin 27.0.0, macOS 27.0 (26A5353q)
Time: Fri Jun 12 10:19:52 2026 WIB elapsed time: 41.602037 seconds (0d 0h 0m 41s)

---------------  T H R E A D  ---------------

Current thread (0x0000000131684c00):  JavaThread "DefaultDispatcher-worker-2" daemon [_thread_in_native, id=104743, stack(0x000000017cb00000,0x000000017cd03000)]

Stack: [0x000000017cb00000,0x000000017cd03000],  sp=0x000000017cd02130,  free space=2056k
Native frames: (J=compiled Java code, j=interpreted, Vv=VM code, C=native code)
C  [libobjcMsgSend.dylib+0x808]  objc_msgSend+0x8
C  [libopencv_java490.dylib+0x910818]  CvCaptureCAM::grabFrame()+0x40
C  [libopencv_java490.dylib+0x8f5e28]  cvGrabFrame+0x18
C  [libopencv_java490.dylib+0x912d30]  cv::LegacyCapture::grabFrame()+0x14
C  [libopencv_java490.dylib+0x8f8cac]  cv::VideoCapture::grab()+0x38
C  [libopencv_java490.dylib+0x8f8e90]  cv::VideoCapture::read(cv::_OutputArray const&)+0x38
C  [libopencv_java490.dylib+0x8ca0c]  Java_org_opencv_videoio_VideoCapture_read_10+0x34
j  org.opencv.videoio.VideoCapture.read_0(JJ)Z+0
j  org.opencv.videoio.VideoCapture.read(Lorg/opencv/core/Mat;)Z+8
j  org.bkkipmsemarang.kkp_scanner.OpenPnPWebcamDevice.getImage()Ljava/awt/image/BufferedImage;+30
j  com.github.sarxos.webcam.ds.cgt.WebcamGetImageTask.handle()V+17
j  com.github.sarxos.webcam.WebcamTask.process()V+54
j  com.github.sarxos.webcam.ds.cgt.WebcamGetImageTask.getImage()Ljava/awt/image/BufferedImage;+1
j  com.github.sarxos.webcam.Webcam.getImage()Ljava/awt/image/BufferedImage;+47
j  org.bkkipmsemarang.kkp_scanner.QRScanScreenKt$QRScanScreen$3$1$job$1.invokeSuspend(Ljava/lang/Object;)Ljava/lang/Object;+222
J 7024 c2 kotlin.coroutines.jvm.internal.BaseContinuationImpl.resumeWith(Ljava/lang/Object;)V (124 bytes) @ 0x0000000114161048 [0x0000000114161000+0x0000000000000048]
J 6004 c2 kotlinx.coroutines.DispatchedTask.run()V (387 bytes) @ 0x00000001140e2b38 [0x00000001140e2740+0x00000000000003f8]
j  kotlinx.coroutines.internal.LimitedDispatcher$Worker.run()V+9
j  kotlinx.coroutines.scheduling.TaskImpl.run()V+4
j  kotlinx.coroutines.scheduling.CoroutineScheduler.runSafely(Lkotlinx/coroutines/scheduling/Task;)V+2
j  kotlinx.coroutines.scheduling.CoroutineScheduler$Worker.executeTask(Lkotlinx/coroutines/scheduling/Task;)V+84
j  kotlinx.coroutines.scheduling.CoroutineScheduler$Worker.runWorker()V+44
j  kotlinx.coroutines.scheduling.CoroutineScheduler$Worker.run()V+1
v  ~StubRoutines::call_stub
V  [libjvm.dylib+0x46d360]  JavaCalls::call_helper(JavaValue*, methodHandle const&, JavaCallArguments*, JavaThread*)+0x38c
V  [libjvm.dylib+0x46c37c]  JavaCalls::call_virtual(JavaValue*, Klass*, Symbol*, Symbol*, JavaCallArguments*, JavaThread*)+0x11c
V  [libjvm.dylib+0x46c448]  JavaCalls::call_virtual(JavaValue*, Handle, Klass*, Symbol*, Symbol*, JavaThread*)+0x64
V  [libjvm.dylib+0x51fefc]  thread_entry(JavaThread*, JavaThread*)+0xc4
V  [libjvm.dylib+0x91b658]  JavaThread::thread_main_inner()+0x148
V  [libjvm.dylib+0x919f40]  Thread::call_run()+0x114
V  [libjvm.dylib+0x7b9f60]  thread_native_entry(Thread*)+0x158
C  [libsystem_pthread.dylib+0x6d38]  _pthread_start+0x88

Java frames: (J=compiled Java code, j=interpreted, Vv=VM code)
j  org.opencv.videoio.VideoCapture.read_0(JJ)Z+0
j  org.opencv.videoio.VideoCapture.read(Lorg/opencv/core/Mat;)Z+8
j  org.bkkipmsemarang.kkp_scanner.OpenPnPWebcamDevice.getImage()Ljava/awt/image/BufferedImage;+30
j  com.github.sarxos.webcam.ds.cgt.WebcamGetImageTask.handle()V+17
j  com.github.sarxos.webcam.WebcamTask.process()V+54
j  com.github.sarxos.webcam.ds.cgt.WebcamGetImageTask.getImage()Ljava/awt/image/BufferedImage;+1
j  com.github.sarxos.webcam.Webcam.getImage()Ljava/awt/image/BufferedImage;+47
j  org.bkkipmsemarang.kkp_scanner.QRScanScreenKt$QRScanScreen$3$1$job$1.invokeSuspend(Ljava/lang/Object;)Ljava/lang/Object;+222
J 7024 c2 kotlin.coroutines.jvm.internal.BaseContinuationImpl.resumeWith(Ljava/lang/Object;)V (124 bytes) @ 0x0000000114161048 [0x0000000114161000+0x0000000000000048]
J 6004 c2 kotlinx.coroutines.DispatchedTask.run()V (387 bytes) @ 0x00000001140e2b38 [0x00000001140e2740+0x00000000000003f8]
j  kotlinx.coroutines.internal.LimitedDispatcher$Worker.run()V+9
j  kotlinx.coroutines.scheduling.TaskImpl.run()V+4
j  kotlinx.coroutines.scheduling.CoroutineScheduler.runSafely(Lkotlinx/coroutines/scheduling/Task;)V+2
j  kotlinx.coroutines.scheduling.CoroutineScheduler$Worker.executeTask(Lkotlinx/coroutines/scheduling/Task;)V+84
j  kotlinx.coroutines.scheduling.CoroutineScheduler$Worker.runWorker()V+44
j  kotlinx.coroutines.scheduling.CoroutineScheduler$Worker.run()V+1
v  ~StubRoutines::call_stub

siginfo: si_signo: 11 (SIGSEGV), si_code: 2 (SEGV_ACCERR), si_addr: 0x0000000000000066

Registers:
 x0=0x0000000000000066  x1=0x00000001fa1f4e30  x2=0x000000000000cd00  x3=0x000000000000cf01
 x4=0x0000ce000000cf00  x5=0x0000cf010000cf00  x6=0x0000000000000000  x7=0x000000003b9abaa2
 x8=0x97ed059ba1040046  x9=0x97ed059ba1040046 x10=0x00006000035f3864 x11=0x00006000035f3868
x12=0x0000000000000100 x13=0x0000000000000001 x14=0x000000000000cf00 x15=0x000000000000ce00
x16=0x000000018d4dc800 x17=0x0000ce000000cf00 x18=0x0000000000000000 x19=0x00006000000b0b00
x20=0x0000000000000000 x21=0x00000001047e1180 x22=0x0000000000000000 x23=0x0000007007f97bd0
x24=0x000000017cd02308 x25=0x0000000000000008 x26=0x000000012a43ca30 x27=0x0000007000000000
x28=0x0000000131684c00  fp=0x000000017cd02140  lr=0x0000000136130ec8  sp=0x000000017cd02130
pc=0x000000018d4dc808 cpsr=0x0000000020001000

Register to memory mapping:

 x0=0x0000000000000066 is an unknown value
 x1=0x00000001fa1f4e30 points into unknown readable memory: 0x73006b636f6c6e75 | 75 6e 6c 6f 63 6b 00 73
 x2=0x000000000000cd00 is an unknown value
 x3=0x000000000000cf01 is an unknown value
 x4=0x0000ce000000cf00 is an unknown value
 x5=0x0000cf010000cf00 is an unknown value
 x6=0x0 is NULL
 x7=0x000000003b9abaa2 is an unknown value
 x8=0x97ed059ba1040046 is an unknown value
 x9=0x97ed059ba1040046 is an unknown value
x10=0x00006000035f3864 points into unknown readable memory: 01 cf 00 00
x11=0x00006000035f3868 points into unknown readable memory: 0x000000000000cd00 | 00 cd 00 00 00 00 00 00
x12=0x0000000000000100 is an unknown value
x13=0x0000000000000001 is an unknown value
x14=0x000000000000cf00 is an unknown value
x15=0x000000000000ce00 is an unknown value
x16=0x000000018d4dc800: objc_msgSend+0 in /usr/lib/objc/libobjcMsgSend.dylib at 0x000000018d4dc000
x17=0x0000ce000000cf00 is an unknown value
x18=0x0 is NULL
x19=0x00006000000b0b00 points into unknown readable memory: 0x00002da7793f0b00 | 00 0b 3f 79 a7 2d 00 00
x20=0x0 is NULL
x21=0x00000001047e1180: _ZN19TemplateInterpreter13_active_tableE+0 in /Library/Java/JavaVirtualMachines/jdk-17.jdk/Contents/Home/lib/server/libjvm.dylib at 0x0000000103c24000
x22=0x0 is NULL
x23=0x0000007007f97bd0 is pointing into object: [Lcom.google.zxing.ResultPoint; 
{0x0000007007f97bb8} - klass: 'com/google/zxing/ResultPoint'[]
 - length: 4
x24=0x000000017cd02308 is pointing into the stack for thread: 0x0000000131684c00
x25=0x0000000000000008 is an unknown value
x26=0x000000012a43ca30 is pointing into metadata
x27=0x0000007000000000 is an unknown value
x28=0x0000000131684c00 is a thread


Top of Stack: (sp=0x000000017cd02130)
0x000000017cd02130:   0000600003b9fca0 00006000015b10b0
0x000000017cd02140:   000000017cd02170 0000000136130818
0x000000017cd02150:   0000000000000000 00000001047e1180
0x000000017cd02160:   0000600003b9fc18 0000600003b9fc18
0x000000017cd02170:   000000017cd02180 0000000136115e28
0x000000017cd02180:   000000017cd02190 0000000136132d30
0x000000017cd02190:   000000017cd021e0 0000000136118cac
0x000000017cd021a0:   000000012a43ca30 0000000000000008
0x000000017cd021b0:   000000017cd02308 0000007007f97bd0
0x000000017cd021c0:   0000000000000000 0000000100000000
0x000000017cd021d0:   0000600003b9fc18 000000017cd02228
0x000000017cd021e0:   000000017cd02210 0000000136118e90
0x000000017cd021f0:   0000000000000000 0000000100000000
0x000000017cd02200:   000000017cd02260 0000000131684eb0
0x000000017cd02210:   000000017cd02250 00000001358aca0c
0x000000017cd02220:   0000000000000000 97ed059b02010000
0x000000017cd02230:   0000600003fd6820 0000000000000000
0x000000017cd02240:   000000017cd02260 00000001138ab700
0x000000017cd02250:   000000017cd022d0 00000001138ad8ec
0x000000017cd02260:   000000017cd02290 00000001138ab72c
0x000000017cd02270:   0000600003fd6820 0000000000000000
0x000000017cd02280:   000000017cd02280 0000000000000000
0x000000017cd02290:   000000017cd02308 000000012a43ca30
0x000000017cd022a0:   0000007000e190d8 0000000000000000
0x000000017cd022b0:   0000000000000000 000000012a43c638
0x000000017cd022c0:   0000000000000000 000000017cd022d0
0x000000017cd022d0:   000000017cd02360 00000001138a9e68
0x000000017cd022e0:   0000000000000000 0000007000e190d8
0x000000017cd022f0:   0000600003fd6820 0000000000000000
0x000000017cd02300:   0000600005806060 0000000000000000
0x000000017cd02310:   000000017cd02310 000000012a43b6b8
0x000000017cd02320:   000000017cd02378 000000012a43ca30 

Instructions: (pc=0x000000018d4dc808)
0x000000018d4dc708:   00000000 00000000 00000000 00000000
0x000000018d4dc718:   00000000 00000000 00000000 00000000
0x000000018d4dc728:   00000000 00000000 00000000 00000000
0x000000018d4dc738:   00000000 00000000 00000000 00000000
0x000000018d4dc748:   00000000 00000000 00000000 00000000
0x000000018d4dc758:   00000000 00000000 00000000 00000000
0x000000018d4dc768:   00000000 00000000 00000000 00000000
0x000000018d4dc778:   00000000 00000000 00000000 00000000
0x000000018d4dc788:   00000000 00000000 00000000 00000000
0x000000018d4dc798:   00000000 00000000 00000000 00000000
0x000000018d4dc7a8:   00000000 00000000 00000000 00000000
0x000000018d4dc7b8:   00000000 00000000 00000000 00000000
0x000000018d4dc7c8:   00000000 00000000 00000000 00000000
0x000000018d4dc7d8:   00000000 00000000 00000000 00000000
0x000000018d4dc7e8:   00000000 00000000 00000000 00000000
0x000000018d4dc7f8:   00000000 00000000 f100001f 540003ed
0x000000018d4dc808:   f940000e 927dcdd0 aa0003ea f2ed5c2a
0x000000018d4dc818:   dac11950 aa1003ef f9400a0b 9240bd6a
0x000000018d4dc828:   d370fd6b ca411c2c 0a0b018c 8b0c114d
0x000000018d4dc838:   a8ff25b1 eb01013f 54000081 ca01014a
0x000000018d4dc848:   ca10014a d71f0e2a b4001789 eb0a01bf
0x000000018d4dc858:   54ffff02 8b2b514d 8b0c114c a8ff25b1
0x000000018d4dc868:   eb01013f 54fffec0 f100013f fa4c11a0
0x000000018d4dc878:   54ffff68 140000b1 540001a0 9240080a
0x000000018d4dc888:   9377fc0b f1001d5f 9a8a016c 902c11ea
0x000000018d4dc898:   f943294a 8b0c0d4a f940014e aa0e03f0
0x000000018d4dc8a8:   f2f1f3aa dac11d50 17ffffdb d2800001
0x000000018d4dc8b8:   2f00e400 2f00e401 2f00e402 2f00e403
0x000000018d4dc8c8:   d65f03c0 d503201f d503201f d503201f
0x000000018d4dc8d8:   d503201f d503201f f100001f 540004cd
0x000000018d4dc8e8:   f940000d 927dcdb0 aa0003ea f2ed5c2a
0x000000018d4dc8f8:   dac11950 aa1003ef f9400a0b 9240bd6a 


Stack slot to memory mapping:
stack at sp + 0 slots: 0x0000600003b9fca0 points into unknown readable memory: 0x00002da77a8dfca0 | a0 fc 8d 7a a7 2d 00 00
stack at sp + 1 slots: 0x00006000015b10b0 points into unknown readable memory: 0x01000001eb9a49e1 | e1 49 9a eb 01 00 00 01
stack at sp + 2 slots: 0x000000017cd02170 is pointing into the stack for thread: 0x0000000131684c00
stack at sp + 3 slots: 0x0000000136130818: _ZN12CvCaptureCAM9grabFrameEv+0x40 in /private/var/folders/qs/1z8n9dmd7zzb94z08tkj426h0000gn/T/opencv_openpnp266645464510199609/nu/pattern/opencv/osx/ARMv8/libopencv_java490.dylib at 0x0000000135820000
stack at sp + 4 slots: 0x0 is NULL
stack at sp + 5 slots: 0x00000001047e1180: _ZN19TemplateInterpreter13_active_tableE+0 in /Library/Java/JavaVirtualMachines/jdk-17.jdk/Contents/Home/lib/server/libjvm.dylib at 0x0000000103c24000
stack at sp + 6 slots: 0x0000600003b9fc18 points into unknown readable memory: 0x0000000136902bc8 | c8 2b 90 36 01 00 00 00
stack at sp + 7 slots: 0x0000600003b9fc18 points into unknown readable memory: 0x0000000136902bc8 | c8 2b 90 36 01 00 00 00


Compiled method (c2)   41619 7024   !   4       kotlin.coroutines.jvm.internal.BaseContinuationImpl::resumeWith (124 bytes)
 total in heap  [0x0000000114160e10,0x00000001141614a0] = 1680
 relocation     [0x0000000114160f68,0x0000000114160fd0] = 104
 main code      [0x0000000114161000,0x0000000114161200] = 512
 stub code      [0x0000000114161200,0x0000000114161280] = 128
 oops           [0x0000000114161280,0x0000000114161290] = 16
 metadata       [0x0000000114161290,0x00000001141612c0] = 48
 scopes data    [0x00000001141612c0,0x0000000114161398] = 216
 scopes pcs     [0x0000000114161398,0x0000000114161438] = 160
 dependencies   [0x0000000114161438,0x0000000114161440] = 8
 handler table  [0x0000000114161440,0x00000001141614a0] = 96

[Constant Pool (empty)]

[MachCode]
[Entry Point]
  # {method} {0x000000012a8833f0} 'resumeWith' '(Ljava/lang/Object;)V' in 'kotlin/coroutines/jvm/internal/BaseContinuationImpl'
  # this:     c_rarg1:c_rarg1 
                        = 'kotlin/coroutines/jvm/internal/BaseContinuationImpl'
  # parm0:    c_rarg2:c_rarg2 
                        = 'java/lang/Object'
  #           [sp+0x40]  (sp of caller)
  0x0000000114161000: 2808 40b9 | 3f01 086b | 4000 0054 

  0x000000011416100c: ;   {runtime_call ic_miss_stub}
  0x000000011416100c: fdeb dd17 
[Verified Entry Point]
  0x0000000114161010: 1f20 03d5 | e953 40d1 | 3f01 00f9 | ff03 01d1 | fd7b 03a9 | 3d0c 40b9 | 7d09 0034 | 6a0f 1d8b 
  0x0000000114161030: ea87 00a9 | e10b 40f9 | e9ff 9fd2 | e9ff bff2 | e9ff dff2 

  0x0000000114161044: ; ImmutableOopMap {[8]=Oop [16]=Oop }
                      ;*invokevirtual invokeSuspend {reexecute=0 rethrow=0 return_oop=1}
                      ; - kotlin.coroutines.jvm.internal.BaseContinuationImpl::resumeWith@40 (line 33)
                      ;   {virtual_call}
  0x0000000114161044: cb34 e197 

  0x0000000114161048: ;   {oop(a 'kotlin/coroutines/intrinsics/CoroutineSingletons'{0x0000007001100ef8})}
  0x0000000114161048: 0adf 81d2 | 0a22 a0f2 | 0a0e c0f2 | 1f00 0aeb | 2004 0054 | e00f 00f9 | ea07 40f9 | 4b09 40b9 
  0x0000000114161068: 6a0d 5dd2 | 5d1d 40f9 | ea03 00f9 | e10b 40f9 | e9ff 9fd2 | e9ff bff2 | e9ff dff2 

  0x0000000114161084: ; ImmutableOopMap {[8]=Oop [24]=Oop }
                      ;*invokevirtual releaseIntercepted {reexecute=0 rethrow=0 return_oop=0}
                      ; - kotlin.coroutines.jvm.internal.BaseContinuationImpl::resumeWith@90 (line 39)
                      ;   {virtual_call}
  0x0000000114161084: 6535 e197 

  0x0000000114161088: ;   {metadata('kotlin/coroutines/jvm/internal/BaseContinuationImpl')}
  0x0000000114161088: 0ace 9dd2 | 0a22 a0f2 | 0a0f c0f2 | bf03 0aeb | e102 0054 

  0x000000011416109c: ; ImmutableOopMap {[8]=Oop [24]=Oop }
                      ;*goto {reexecute=1 rethrow=0 return_oop=0}
                      ; - (reexecute) kotlin.coroutines.jvm.internal.BaseContinuationImpl::resumeWith@121 (line 29)
  0x000000011416109c: 8aab 41f9 

  0x00000001141610a0: ;   {poll}
  0x00000001141610a0: 5f01 40b9 | eb03 40f9 | 6a11 40f9 

  0x00000001141610ac: ;   {metadata('kotlin/coroutines/Continuation')}
  0x00000001141610ac: 004e 9dd2 | 0022 a0f2 | 000f c0f2 | 5f01 00eb | a102 0054 | ea07 40f9 | 5d0d 40b9 | dd04 0034 
  0x00000001141610cc: 6b0f 1d8b | e20f 40f9 | ebab 00a9 | d7ff ff17 | fd7b 43a9 | ff03 0191 

  0x00000001141610e4: ;   {poll_return}
  0x00000001141610e4: 88a7 41f9 | ff63 28eb | 0808 0054 | c003 5fd6 | e107 40f9 | e20f 40f9 | 0984 96d2 | c934 a0f2 
  0x0000000114161104: 0900 ccf2 

  0x0000000114161108: ; ImmutableOopMap {}
                      ;*invokeinterface resumeWith {reexecute=0 rethrow=0 return_oop=0}
                      ; - kotlin.coroutines.jvm.internal.BaseContinuationImpl::resumeWith@114 (line 46)
                      ;   {virtual_call}
  0x0000000114161108: 4e35 e197 | f4ff ff17 | e403 0baa | 8514 40f9 | a200 40b9 | a520 0091 | ff63 3feb | c200 00b4 
  0x0000000114161128: a884 40f8 | 1f00 08eb | 6000 0054 | 4204 00d1 | 82ff ffb5 | 6100 0054 | 8010 00f9 | e503 1faa 
  0x0000000114161148: c5fb ffb4 | 2104 8012 

  0x0000000114161150: ; ImmutableOopMap {[8]=Oop [24]=Oop }
                      ;*checkcast {reexecute=0 rethrow=0 return_oop=0}
                      ; - kotlin.coroutines.jvm.internal.BaseContinuationImpl::resumeWith@10 (line 28)
                      ;   {runtime_call UncommonTrapBlob}
  0x0000000114161150: cc06 de97 | e207 00a9 | 4117 8012 

  0x000000011416115c: ; ImmutableOopMap {rfp=NarrowOop [0]=Oop [8]=Oop }
                      ;*ifnonnull {reexecute=1 rethrow=0 return_oop=0}
                      ; - (reexecute) kotlin.jvm.internal.Intrinsics::checkNotNull@1 (line 24)
                      ; - kotlin.coroutines.jvm.internal.BaseContinuationImpl::resumeWith@31 (line 30)
                      ;   {runtime_call UncommonTrapBlob}
  0x000000011416115c: c906 de97 | 4117 8012 | ea07 00f9 

  0x0000000114161168: ; ImmutableOopMap {rfp=NarrowOop [8]=Oop [24]=Oop }
                      ;*ifnonnull {reexecute=1 rethrow=0 return_oop=0}
                      ; - (reexecute) kotlin.jvm.internal.Intrinsics::checkNotNull@1 (line 24)
                      ; - kotlin.coroutines.jvm.internal.BaseContinuationImpl::resumeWith@31 (line 30)
                      ;   {runtime_call UncommonTrapBlob}
  0x0000000114161168: c606 de97 | fd03 00aa | 8087 40f9 | 8a8f 40f9 | 0b40 0091 | 7f01 0aeb | c201 0054 | ea03 40b2 
  0x0000000114161188: 8b87 00f9 

  0x000000011416118c: ;   {metadata('kotlin/Result$Failure')}
  0x000000011416118c: 2c22 a0d2 | 0c49 8bf2 | 0a00 00f9 | 0c08 00b9 | 70c1 80f9 | aa03 1bcb | 4afd 43d3 | 0a0c 00b9 
  0x00000001141611ac: bf3b 03d5 | e00f 00f9 | abff ff17 

  0x00000001141611b8: ;   {metadata('kotlin/Result$Failure')}
  0x00000001141611b8: 0149 8bd2 | 2122 a0f2 | 010f c0f2 

  0x00000001141611c4: ; ImmutableOopMap {rfp=Oop [8]=Oop [16]=Oop }
                      ;*new {reexecute=0 rethrow=0 return_oop=1}
                      ; - kotlin.ResultKt::createFailure@6 (line 122)
                      ; - kotlin.coroutines.jvm.internal.BaseContinuationImpl::resumeWith@76 (line 37)
                      ;   {runtime_call _new_instance_Java}
  0x00000001141611c4: 5ff5 e097 | f6ff ff17 | e103 00aa | 0400 0014 | e103 00aa | 0200 0014 | e103 00aa | fd7b 43a9 
  0x00000001141611e4: ff03 0191 

  0x00000001141611e8: ;   {runtime_call _rethrow_Java}
  0x00000001141611e8: 9607 e117 

  0x00000001141611ec: ;   {internal_word}
  0x00000001141611ec: c8f7 ff10 | 88b3 01f9 

  0x00000001141611f4: ;   {runtime_call SafepointBlob}
  0x00000001141611f4: 0305 de17 | 0000 0000 | 0000 0000 
[Stub Code]
  0x0000000114161200: ;   {no_reloc}
  0x0000000114161200: 4800 0058 | 0001 1fd6 | 70e3 9a13 | 0100 0000 

  0x0000000114161210: ;   {trampoline_stub}
  0x0000000114161210: 4800 0058 | 0001 1fd6 | 18e6 9a13 | 0100 0000 

  0x0000000114161220: ;   {trampoline_stub}
  0x0000000114161220: 4800 0058 | 0001 1fd6 | 40e6 9a13 | 0100 0000 

  0x0000000114161230: ;   {trampoline_stub}
  0x0000000114161230: 4800 0058 | 0001 1fd6 | 802c 8e13 | 0100 0000 

  0x0000000114161240: ;   {trampoline_stub}
  0x0000000114161240: 4800 0058 | 0001 1fd6 | 802c 8e13 | 0100 0000 

  0x0000000114161250: ;   {trampoline_stub}
  0x0000000114161250: 4800 0058 | 0001 1fd6 | 802c 8e13 | 0100 0000 

  0x0000000114161260: ;   {trampoline_stub}
  0x0000000114161260: 4800 0058 | 0001 1fd6 | 40e7 9913 | 0100 0000 
[Exception Handler]
  0x0000000114161270: ;   {runtime_call ExceptionBlob}
  0x0000000114161270: 84cb e017 
[Deopt Handler Code]
  0x0000000114161274: 1e00 0010 

  0x0000000114161278: ;   {runtime_call DeoptimizationBlob}
  0x0000000114161278: b205 de17 | 0000 0000 
[/MachCode]


Compiled method (c2)   41623 6004   !   4       kotlinx.coroutines.DispatchedTask::run (387 bytes)
 total in heap  [0x00000001140e2390,0x00000001140e4250] = 7872
 relocation     [0x00000001140e24e8,0x00000001140e2738] = 592
 main code      [0x00000001140e2740,0x00000001140e3280] = 2880
 stub code      [0x00000001140e3280,0x00000001140e35b0] = 816
 oops           [0x00000001140e35b0,0x00000001140e35f8] = 72
 metadata       [0x00000001140e35f8,0x00000001140e36e8] = 240
 scopes data    [0x00000001140e36e8,0x00000001140e3da0] = 1720
 scopes pcs     [0x00000001140e3da0,0x00000001140e4060] = 704
 dependencies   [0x00000001140e4060,0x00000001140e4068] = 8
 handler table  [0x00000001140e4068,0x00000001140e4218] = 432
 nul chk table  [0x00000001140e4218,0x00000001140e4250] = 56

[Constant Pool (empty)]

[MachCode]
[Entry Point]
  # {method} {0x000000012a8aeb90} 'run' '()V' in 'kotlinx/coroutines/DispatchedTask'
  #           [sp+0x60]  (sp of caller)
  0x00000001140e2740: 2808 40b9 | 3f01 086b | 4000 0054 

  0x00000001140e274c: ;   {runtime_call ic_miss_stub}
  0x00000001140e274c: 2de6 df17 
[Verified Entry Point]
  0x00000001140e2750: 1f20 03d5 | e953 40d1 | 3f01 00f9 | ff83 01d1 | fd7b 05a9 | 2a08 40b9 

  0x00000001140e2768: ;   {metadata('kotlinx/coroutines/CancellableContinuationImpl')}
  0x00000001140e2768: 2c22 a0d2 | 0c91 95f2 | 5f01 0c6b | ee03 01aa | e000 0054 

  0x00000001140e277c: ;   {metadata('kotlinx/coroutines/internal/DispatchedContinuation')}
  0x00000001140e277c: 2b22 a0d2 | 0b15 8ef2 | 5f01 0b6b | a141 0054 | ea03 01aa | 0700 0014 | ea03 01aa | 5d21 40b9 
  0x00000001140e279c: fd43 0034 | ea03 1daa | 5d00 00b4 | 6a0f 1d8b | 4b09 40b9 

  0x00000001140e27b0: ;   {metadata('kotlinx/coroutines/internal/DispatchedContinuation')}
  0x00000001140e27b0: 2d22 a0d2 | 0d15 8ef2 | 7f01 0d6b | 4149 0054 | 4b21 40b9 | e10f 00f9 | 5d29 40b9 | e103 0baa 
  0x00000001140e27d0: 4b00 00b4 | 610f 0b8b | eb0b 00b9 | 0904 8dd2 | 693b a0f2 | 0900 ccf2 

  0x00000001140e27e8: ; ImmutableOopMap {rfp=NarrowOop [8]=NarrowOop [24]=Oop }
                      ;*invokeinterface getContext {reexecute=0 rethrow=0 return_oop=1}
                      ; - kotlinx.coroutines.DispatchedTask::run@61 (line 222)
                      ;   {virtual_call}
  0x00000001140e27e8: 262e e397 

  0x00000001140e27ec: ;   {oop(a 'java/lang/Integer'[256] {0x0000007080778ff0})}
  0x00000001140e27ec: 0afe 91d2 | ea0e b0f2 | 0a0e c0f2 | e00b 00f9 | 4d11 42b9 | 3d26 0034 | 6b0f 1d8b | 6a0f 0d8b 
  0x00000001140e280c: 7f01 0aeb | 813c 0054 | eb0b 40b9 | 6a0f 0b8b | ea13 00f9 | ea0f 40f9 | 5d09 40b9 | e113 40f9 
  0x00000001140e282c: 0920 8dd2 | 693b a0f2 | 0900 ccf2 

  0x00000001140e2838: ; ImmutableOopMap {[8]=NarrowOop [16]=Oop [24]=Oop [32]=Oop }
                      ;*invokeinterface getContext {reexecute=0 rethrow=0 return_oop=1}
                      ; - kotlinx.coroutines.DispatchedTask::run@103 (line 83)
                      ;   {virtual_call}
  0x00000001140e2838: 122e e397 

  0x00000001140e283c: ;   {metadata('kotlinx/coroutines/CancellableContinuationImpl')}
  0x00000001140e283c: 2a22 a0d2 | 0a91 95f2 | bf03 0a6b | f403 00aa | f303 1d2a | e005 0054 

  0x00000001140e2854: ;   {metadata('kotlinx/coroutines/internal/DispatchedContinuation')}
  0x00000001140e2854: 2b22 a0d2 | 0b15 8ef2 | bf03 0b6b | 413b 0054 | f50f 40f9 | 8be3 c039 | 6b30 0035 

  0x00000001140e2870: ;   {oop(a 'kotlinx/coroutines/internal/Symbol'{0x00000070011078a0})}
  0x00000001140e2870: 0b14 8fd2 | 0b22 a0f2 | 0b0e c0f2 | ea03 15aa | 6b01 0aca | b626 40b9 

  0x00000001140e2888: ;   {oop(a 'kotlinx/coroutines/internal/Symbol'{0x00000070011078a0})}
  0x00000001140e2888: 4c04 a0d2 | 8ce2 81f2 | 6bfd 54d3 | ac26 00b9 | 0b04 00b4 | 4afd 49d3 | 0b00 90d2 | 0b62 b9f2 
  0x00000001140e28a8: 6001 0a8b | 0b00 c039 | 7f11 0071 | 2003 0054 | 8a2b 40f9 | 8b23 40f9 | bf3b 03d5 | 0d00 c039 
  0x00000001140e28c8: 8d02 0034 | 1f00 0039 | 4b01 00b5 | e103 1caa | c900 0010 

  0x00000001140e28dc: ;   {runtime_call G1BarrierSetRuntime::write_ref_field_post_entry(unsigned char volatile*, JavaThread*)}
  0x00000001140e28dc: 08d1 80d2 | 287f a0f2 | 2800 c0f2 | ff27 bfa9 | 0001 3fd6 | ff43 0091 | 0900 0014 | 6c21 00d1 
  0x00000001140e28fc: 4a01 0b8b | 4081 1ff8 | 8c23 00f9 | 0400 0014 | ea0f 40f9 | 4aa1 0091 | 56fd df88 | ea0f 40f9 
  0x00000001140e291c: 4a09 40b9 

  0x00000001140e2920: ;   {metadata('kotlinx/coroutines/CancellableContinuationImpl')}
  0x00000001140e2920: 2d22 a0d2 | 0d91 95f2 | 5f01 0d6b 

  0x00000001140e292c: ;   {metadata('kotlinx/coroutines/CompletedExceptionally')}
  0x00000001140e292c: 0b5e 91d2 | 2b22 a0f2 | 0b0f c0f2 | fd03 1faa | 0002 0054 

  0x00000001140e2940: ;   {metadata('kotlinx/coroutines/internal/DispatchedContinuation')}
  0x00000001140e2940: 2d22 a0d2 | 0d15 8ef2 | 5f01 0d6b | 6c0f 168b | a134 0054 

  0x00000001140e2954: ; implicit exception: dispatches to 0x00000001140e31b4
  0x00000001140e2954: 8a09 40b9 | 4a0d 5dd2 | 4a1d 40f9 | 5f01 0beb | c101 0054 | 8a11 40b9 | fd03 0aaa | 4a00 00b4 
  0x00000001140e2974: 7d0f 0a8b | 0900 0014 | 6a0f 168b 

  0x00000001140e2980: ; implicit exception: dispatches to 0x00000001140e3184
  0x00000001140e2980: 4d09 40b9 | ac0d 5dd2 | 8c1d 40f9 | 9f01 0beb | 6100 0054 | 4b11 40b9 | ab18 0035 | bd15 00b5 
  0x00000001140e29a0: ea0f 40f9 | 4b19 40b9 | 7f05 0071 | 6001 0054 | 7f09 0071 | 2001 0054 | fd03 0aaa | eb0b 40b9 
  0x00000001140e29c0: ea0b 40f9 | 4117 8012 | eb03 00b9 | ead3 00a9 | f607 00b9 

  0x00000001140e29d4: ; ImmutableOopMap {rfp=Oop [0]=NarrowOop [4]=NarrowOop [8]=Oop [16]=Oop }
                      ;*ifeq {reexecute=1 rethrow=0 return_oop=0}
                      ; - (reexecute) kotlinx.coroutines.DispatchedTask::run@136 (line 91)
                      ;   {runtime_call UncommonTrapBlob}
  0x00000001140e29d4: ab00 e097 

  0x00000001140e29d8: ; implicit exception: dispatches to 0x00000001140e3134
  0x00000001140e29d8: 8a0a 40b9 

  0x00000001140e29dc: ;   {metadata('kotlin/coroutines/CombinedContext')}
  0x00000001140e29dc: 2c22 a0d2 | 0c8a 87f2 | 5f01 0c6b | a12c 0054 | fd03 14aa | ab13 40b9 | 6a0f 168b | f303 00b9 
  0x00000001140e29fc: e103 0baa | 4b00 00b4 | 610f 0b8b | ea1b 00f9 | f62b 00b9 

  0x00000001140e2a10: ;   {oop(a 'kotlinx/coroutines/Job$Key'{0x00000070011077e0})}
  0x00000001140e2a10: 02fc 8ed2 | 0222 a0f2 | 020e c0f2 | 0998 93d2 | 693b a0f2 | 0900 ccf2 

  0x00000001140e2a28: ; ImmutableOopMap {rfp=Oop [8]=NarrowOop [16]=Oop [24]=Oop [32]=Oop [40]=NarrowOop [48]=Oop }
                      ;*invokeinterface get {reexecute=0 rethrow=0 return_oop=1}
                      ; - kotlin.coroutines.CombinedContext::get@14 (line 120)
                      ; - kotlinx.coroutines.DispatchedTask::run@147 (line 91)
                      ;   {virtual_call}
  0x00000001140e2a28: 962d e397 | ec03 00aa | 2003 00b5 | 1f20 03d5 | 1f20 03d5 | 1f20 03d5 | aa0f 40b9 | 610f 0a8b 
  0x00000001140e2a48: ; implicit exception: dispatches to 0x00000001140e3170
  0x00000001140e2a48: 2b08 40b9 

  0x00000001140e2a4c: ;   {metadata('kotlin/coroutines/CombinedContext')}
  0x00000001140e2a4c: 2c22 a0d2 | 0c8a 87f2 | 7f01 0c6b | 010e 0054 | fd03 01aa | ab13 40b9 | e103 0baa | 4b00 00b4 
  0x00000001140e2a6c: 610f 0b8b 

  0x00000001140e2a70: ;   {oop(a 'kotlinx/coroutines/Job$Key'{0x00000070011077e0})}
  0x00000001140e2a70: 02fc 8ed2 | 0222 a0f2 | 020e c0f2 | 098c 93d2 | 693b a0f2 | 0900 ccf2 

  0x00000001140e2a88: ; ImmutableOopMap {rfp=Oop [8]=NarrowOop [16]=Oop [24]=Oop [32]=Oop [40]=NarrowOop [48]=Oop }
                      ;*invokeinterface get {reexecute=0 rethrow=0 return_oop=1}
                      ; - kotlin.coroutines.CombinedContext::get@14 (line 120)
                      ; - kotlinx.coroutines.DispatchedTask::run@147 (line 91)
                      ;   {virtual_call}
  0x00000001140e2a88: 7e2d e397 | ec03 00aa | 80fd ffb4 | 8a09 40b9 | 440d 5dd2 | 8a10 40f9 

  0x00000001140e2aa0: ;   {metadata('kotlinx/coroutines/Job')}
  0x00000001140e2aa0: 0ba5 82d2 | 2b22 a0f2 | 0b0f c0f2 | 5f01 0beb | 0105 0054 | fd03 0caa | e103 1daa | 097c 93d2 
  0x00000001140e2ac0: 693b a0f2 | 0900 ccf2 

  0x00000001140e2ac8: ; ImmutableOopMap {rfp=Oop [8]=NarrowOop [16]=Oop [24]=Oop [32]=Oop [40]=NarrowOop [48]=Oop }
                      ;*invokeinterface isActive {reexecute=0 rethrow=0 return_oop=0}
                      ; - kotlinx.coroutines.DispatchedTask::run@168 (line 92)
                      ;   {virtual_call}
  0x00000001140e2ac8: 8e2e e397 | a017 0034 

  0x00000001140e2ad0: ;   {metadata('kotlinx/coroutines/CancellableContinuationImpl')}
  0x00000001140e2ad0: 2c22 a0d2 | 0c91 95f2 | ea03 40b9 | 5f01 0c6b | e000 0054 

  0x00000001140e2ae4: ;   {metadata('kotlinx/coroutines/internal/DispatchedContinuation')}
  0x00000001140e2ae4: 2b22 a0d2 | 0b15 8ef2 | 5f01 0b6b | a128 0054 | e21b 40f9 | 0b00 0014 | e21b 40f9 | 4b08 40b9 
  0x00000001140e2b04: ;   {metadata('kotlinx/coroutines/CompletedContinuation')}
  0x00000001140e2b04: 4a25 a0d2 | 0aab 8ef2 | 7f01 0a6b | a100 0054 | 4a0c 40b9 | e203 0aaa | 4a00 00b4 | 620f 0a8b 
  0x00000001140e2b24: e113 40f9 | 0914 8dd2 | 693b a0f2 | 0900 ccf2 

  0x00000001140e2b34: ; ImmutableOopMap {[16]=Oop [24]=Oop }
                      ;*invokeinterface resumeWith {reexecute=0 rethrow=0 return_oop=0}
                      ; - kotlinx.coroutines.DispatchedTask::run@301 (line 100)
                      ;   {virtual_call}
  0x00000001140e2b34: c32e e397 | fd7b 45a9 | ff83 0191 

  0x00000001140e2b40: ;   {poll_return}
  0x00000001140e2b40: 88a7 41f9 | ff63 28eb | 6839 0054 | c003 5fd6 

  0x00000001140e2b50: ;   {metadata('kotlinx/coroutines/Job')}
  0x00000001140e2b50: 00a5 82d2 | 2022 a0f2 | 000f c0f2 | 8514 40f9 | a200 40b9 | a520 0091 | ff63 3feb | c200 00b4 
  0x00000001140e2b70: a884 40f8 | 1f00 08eb | 6000 0054 | 4204 00d1 | 82ff ffb5 | 6100 0054 | 8010 00f9 | e503 1faa 
  0x00000001140e2b90: 25f9 ffb4 | 8be3 c039 | 6b1c 0035 

  0x00000001140e2b9c: ;   {oop(a 'java/lang/ClassCastException'{0x00000070021b3308})}
  0x00000001140e2b9c: 0a61 86d2 | 6a43 a0f2 | 0a0e c0f2 | 5f15 00b9 | ea03 00f9 | ea03 40f9 

  0x00000001140e2bb4: ;   {oop(a 'kotlinx/coroutines/internal/Symbol'{0x00000070011077b8})}
  0x00000001140e2bb4: 02f7 8ed2 | 0222 a0f2 | 020e c0f2 | 5d09 40b9 | e10b 40f9 

  0x00000001140e2bc8: ; ImmutableOopMap {[0]=Oop [24]=Oop }
                      ;*invokestatic restoreThreadContext {reexecute=0 rethrow=0 return_oop=0}
                      ; - kotlinx.coroutines.DispatchedTask::run@354 (line 237)
                      ;   {static_call}
  0x00000001140e2bc8: 4ee7 df97 

  0x00000001140e2bcc: ;   {metadata('kotlinx/coroutines/DispatchException')}
  0x00000001140e2bcc: 2b22 a0d2 | 0b68 8ef2 | bf03 0b6b | e106 0054 | ea03 40f9 | ea03 00f9 | e10f 40f9 | e9ff 9fd2 
  0x00000001140e2bec: e9ff bff2 | e9ff dff2 

  0x00000001140e2bf4: ; ImmutableOopMap {[0]=Oop }
                      ;*invokevirtual getDelegate$kotlinx_coroutines_core {reexecute=0 rethrow=0 return_oop=1}
                      ; - kotlinx.coroutines.DispatchedTask::run@362 (line 105)
                      ;   {virtual_call}
  0x00000001140e2bf4: 83e6 df97 | e103 00aa | e9ff 9fd2 | e9ff bff2 | e9ff dff2 

  0x00000001140e2c08: ; ImmutableOopMap {[0]=Oop }
                      ;*invokeinterface getContext {reexecute=0 rethrow=0 return_oop=1}
                      ; - kotlinx.coroutines.DispatchedTask::run@365 (line 105)
                      ;   {virtual_call}
  0x00000001140e2c08: 7ee6 df97 | fd03 00aa | 410a 8012 

  0x00000001140e2c14: ; ImmutableOopMap {rfp=Oop [0]=Oop }
                      ;*invokevirtual getCause {reexecute=0 rethrow=0 return_oop=0}
                      ; - kotlinx.coroutines.DispatchedTask::run@371 (line 105)
                      ;   {runtime_call UncommonTrapBlob}
  0x00000001140e2c14: 1b00 e097 

  0x00000001140e2c18: ;   {oop(a 'kotlinx/coroutines/Job$Key'{0x00000070011077e0})}
  0x00000001140e2c18: 02fc 8ed2 | 0222 a0f2 | 020e c0f2 | 09c0 9dd2 | 693b a0f2 | 0900 ccf2 

  0x00000001140e2c30: ; ImmutableOopMap {[8]=NarrowOop [16]=Oop [24]=Oop [32]=Oop [40]=NarrowOop [48]=Oop }
                      ;*invokeinterface get {reexecute=0 rethrow=0 return_oop=1}
                      ; - kotlin.coroutines.CombinedContext::get@55 (line 125)
                      ; - kotlinx.coroutines.DispatchedTask::run@147 (line 91)
                      ;   {virtual_call}
  0x00000001140e2c30: 142d e397 | ec03 00aa | e0f2 ffb5 | ea0b 40b9 | 6101 8012 | fd0f 40f9 | ea03 00b9 

  0x00000001140e2c4c: ; ImmutableOopMap {rfp=Oop [0]=NarrowOop [16]=Oop [40]=NarrowOop }
                      ;*checkcast {reexecute=0 rethrow=0 return_oop=0}
                      ; - kotlinx.coroutines.DispatchedTask::run@152 (line 91)
                      ;   {runtime_call UncommonTrapBlob}
  0x00000001140e2c4c: 0d00 e097 | 8287 40f9 | 8a8f 40f9 | 4b40 0091 | 7f01 0aeb | 2218 0054 | ea03 40b2 | 8b87 00f9 
  0x00000001140e2c6c: ;   {metadata('kotlin/Result$Failure')}
  0x00000001140e2c6c: 2c22 a0d2 | 0c49 8bf2 | 4a00 00f9 | 4c08 00b9 | 70c1 80f9 | 5f0c 00b9 | aa03 1bcb | 4afd 43d3 
  0x00000001140e2c8c: 4a0c 00b9 | bf3b 03d5 | fd87 41a9 | 0994 86d2 | 693b a0f2 | 0900 ccf2 

  0x00000001140e2ca4: ; ImmutableOopMap {rfp=Oop [16]=Oop [24]=Oop }
                      ;*invokeinterface resumeWith {reexecute=0 rethrow=0 return_oop=0}
                      ; - kotlinx.coroutines.DispatchedTask::run@279 (line 98)
                      ;   {virtual_call}
  0x00000001140e2ca4: 672e e397 | a4ff ff17 | 7d0f 0b8b | 3bff ff17 | e203 40f9 | e10f 40f9 

  0x00000001140e2cbc: ; ImmutableOopMap {}
                      ;*invokevirtual handleFatalException$kotlinx_coroutines_core {reexecute=0 rethrow=0 return_oop=0}
                      ; - kotlinx.coroutines.DispatchedTask::run@383 (line 107)
                      ;   {optimized virtual_call}
  0x00000001140e2cbc: 91e5 df97 | 9eff ff17 

  0x00000001140e2cc4: ; implicit exception: dispatches to 0x00000001140e3238
  0x00000001140e2cc4: 0b08 40b9 

  0x00000001140e2cc8: ;   {metadata('kotlin/coroutines/CombinedContext')}
  0x00000001140e2cc8: 2a22 a0d2 | 0a8a 87f2 | 7f01 0a6b | 611e 0054 | fd03 00aa | aa0f 40b9 | 620f 0d8b | e103 0aaa 
  0x00000001140e2ce8: 4a00 00b4 | 610f 0a8b 

  0x00000001140e2cf0: ;   {oop(a 'kotlinx/coroutines/internal/ThreadContextKt$$Lambda$156+0x00000078011179b0'{0x00000070011aa318})}
  0x00000001140e2cf0: 0363 94d2 | 4323 a0f2 | 030e c0f2 | e9ff 9fd2 | e9ff bff2 | e9ff dff2 

  0x00000001140e2d08: ; ImmutableOopMap {rfp=Oop [8]=NarrowOop [16]=Oop [24]=Oop }
                      ;*invokeinterface fold {reexecute=0 rethrow=0 return_oop=1}
                      ; - kotlin.coroutines.CombinedContext::fold@13 (line 131)
                      ; - kotlinx.coroutines.internal.ThreadContextKt::threadContextElements@8 (line 55)
                      ; - kotlinx.coroutines.internal.ThreadContextKt::updateThreadContext@7 (line 61)
                      ; - kotlinx.coroutines.DispatchedTask::run@71 (line 223)
                      ;   {virtual_call}
  0x00000001140e2d08: 3ee6 df97 | bd13 40b9 | ea03 00aa | 6b0f 1d8b 

  0x00000001140e2d18: ; implicit exception: dispatches to 0x00000001140e324c
  0x00000001140e2d18: 6c09 40b9 | 840d 5dd2 | 8b10 40f9 

  0x00000001140e2d24: ;   {metadata('kotlin/coroutines/CoroutineContext$Element')}
  0x00000001140e2d24: 0c40 90d2 | 0c22 a0f2 | 0c0f c0f2 | 7f01 0ceb | c10b 0054 

  0x00000001140e2d38: ;   {metadata('kotlinx/coroutines/ThreadContextElement')}
  0x00000001140e2d38: 0c4c 81d2 | 2c22 a0f2 | 0c0f c0f2 | 7f01 0ceb | 201a 0054 

  0x00000001140e2d4c: ;   {metadata('kotlinx/coroutines/ThreadContextElement')}
  0x00000001140e2d4c: 004c 81d2 | 2022 a0f2 | 000f c0f2 | 8514 40f9 | a200 40b9 | a520 0091 | ff63 3feb | c200 00b4 
  0x00000001140e2d6c: a884 40f8 | 1f00 08eb | 6000 0054 | 4204 00d1 | 82ff ffb5 | 6100 0054 | 8010 00f9 | e503 1faa 
  0x00000001140e2d8c: ;   {oop(a 'java/lang/Integer'[256] {0x0000007080778ff0})}
  0x00000001140e2d8c: 0bfe 91d2 | eb0e b0f2 | 0b0e c0f2 | 6d11 42b9 | 8517 00b4 | eb03 0aaa | 2ad3 ffb5 | ea0b 40b9 
  0x00000001140e2dac: 4117 8012 | fd0f 40f9 | ea03 00b9 | eb13 00f9 

  0x00000001140e2dbc: ; ImmutableOopMap {rfp=Oop [0]=NarrowOop [16]=Oop [32]=Oop }
                      ;*ifnonnull {reexecute=1 rethrow=0 return_oop=0}
                      ; - (reexecute) kotlin.jvm.internal.Intrinsics::checkNotNull@1 (line 24)
                      ; - kotlinx.coroutines.internal.ThreadContextKt::threadContextElements@14 (line 55)
                      ; - kotlinx.coroutines.internal.ThreadContextKt::updateThreadContext@7 (line 61)
                      ; - kotlinx.coroutines.DispatchedTask::run@71 (line 223)
                      ;   {runtime_call UncommonTrapBlob}
  0x00000001140e2dbc: b1ff df97 | aa0b 40b9 

  0x00000001140e2dc4: ;   {metadata('kotlinx/coroutines/StandaloneCoroutine')}
  0x00000001140e2dc4: 2c22 a0d2 | 0c6c 84f2 | 5f01 0c6b | eb03 1daa | a117 0054 | e103 1daa 

  0x00000001140e2ddc: ; ImmutableOopMap {[8]=NarrowOop [16]=Oop [24]=Oop [32]=Oop [40]=NarrowOop [48]=Oop }
                      ;*invokeinterface getCancellationException {reexecute=0 rethrow=0 return_oop=1}
                      ; - kotlinx.coroutines.DispatchedTask::run@178 (line 93)
                      ;   {optimized virtual_call}
  0x00000001140e2ddc: 8101 0094 

  0x00000001140e2de0: ;   {metadata('kotlinx/coroutines/CancellableContinuationImpl')}
  0x00000001140e2de0: 2c22 a0d2 | 0c91 95f2 | ea03 40b9 | 5f01 0c6b | e01f 00f9 | 2108 0054 | ea0f 40f9 | fd03 0aaa 
  0x00000001140e2e00: e103 0aaa | e21b 40f9 | e303 00aa 

  0x00000001140e2e0c: ; ImmutableOopMap {rfp=Oop [8]=NarrowOop [16]=Oop [24]=Oop [32]=Oop [56]=Oop }
                      ;*invokevirtual cancelCompletedResult$kotlinx_coroutines_core {reexecute=0 rethrow=0 return_oop=0}
                      ; - kotlinx.coroutines.DispatchedTask::run@193 (line 94)
                      ;   {optimized virtual_call}
  0x00000001140e2e0c: 8101 0094 | ec1f 40f9 | 0c15 00b4 | 8087 40f9 | 8a8f 40f9 | 0b40 0091 | 7f01 0aeb | 0211 0054 
  0x00000001140e2e2c: ea03 40b2 | 8b87 00f9 | 0a00 00f9 

  0x00000001140e2e38: ;   {metadata('kotlin/Result$Failure')}
  0x00000001140e2e38: 2a22 a0d2 | 0a49 8bf2 | 0a08 00b9 | 70c1 80f9 | 1f0c 00b9 | 8a01 1bcb | 4afd 43d3 | e203 00aa 
  0x00000001140e2e58: 4a0c 00b9 | bf3b 03d5 | e113 40f9 | 0990 86d2 | 693b a0f2 | 0900 ccf2 

  0x00000001140e2e70: ; ImmutableOopMap {[16]=Oop [24]=Oop }
                      ;*invokeinterface resumeWith {reexecute=0 rethrow=0 return_oop=0}
                      ; - kotlinx.coroutines.DispatchedTask::run@252 (line 232)
                      ;   {virtual_call}
  0x00000001140e2e70: f42d e397 | 31ff ff17 | aa26 40b9 | aacf ff34 | 8b13 40f9 | e003 0aaa | 4a00 00b4 | 600f 0a8b 
  0x00000001140e2e90: ab0c 00b4 | 8a1b 40f9 | 6c21 00d1 | 4a01 0b8b | 4081 1ff8 | 8c13 00f9 | 72fe ff17 

  0x00000001140e2eac: ;   {metadata('kotlin/coroutines/CoroutineContext$Element')}
  0x00000001140e2eac: 0040 90d2 | 0022 a0f2 | 000f c0f2 | 8514 40f9 | a200 40b9 | a520 0091 | ff63 3feb | c200 00b4 
  0x00000001140e2ecc: a884 40f8 | 1f00 08eb | 6000 0054 | 4204 00d1 | 82ff ffb5 | 6100 0054 | 8010 00f9 | e503 1faa 
  0x00000001140e2eec: 65f2 ffb4 | 2104 8012 

  0x00000001140e2ef4: ; ImmutableOopMap {rfp=NarrowOop [8]=NarrowOop [16]=Oop [24]=Oop }
                      ;*checkcast {reexecute=0 rethrow=0 return_oop=0}
                      ; - kotlinx.coroutines.internal.ThreadContextKt$$Lambda$156/0x00000078011179b0::invoke@2
                      ; - kotlin.coroutines.CombinedContext::fold@22 (line 131)
                      ; - kotlinx.coroutines.internal.ThreadContextKt::threadContextElements@8 (line 55)
                      ; - kotlinx.coroutines.internal.ThreadContextKt::updateThreadContext@7 (line 61)
                      ; - kotlinx.coroutines.DispatchedTask::run@71 (line 223)
                      ;   {runtime_call UncommonTrapBlob}
  0x00000001140e2ef4: 63ff df97 

  0x00000001140e2ef8: ;   {metadata('kotlinx/coroutines/internal/DispatchedContinuation')}
  0x00000001140e2ef8: 2b22 a0d2 | 0b15 8ef2 | 5f01 0b6b | 60f8 ff54 | eb0b 40b9 | ea0b 40f9 | 2107 8012 | fd0f 40f9 
  0x00000001140e2f18: eb03 00b9 | ea07 00f9 

  0x00000001140e2f20: ; ImmutableOopMap {rfp=Oop [0]=NarrowOop [8]=Oop [40]=NarrowOop [56]=Oop }
                      ;*invokevirtual cancelCompletedResult$kotlinx_coroutines_core {reexecute=0 rethrow=0 return_oop=0}
                      ; - kotlinx.coroutines.DispatchedTask::run@193 (line 94)
                      ;   {runtime_call UncommonTrapBlob}
  0x00000001140e2f20: 58ff df97 

  0x00000001140e2f24: ;   {oop(a 'java/lang/ClassCastException'{0x00000070021b3308})}
  0x00000001140e2f24: 0a61 86d2 | 6a43 a0f2 | 0a0e c0f2 | 4a15 40b9 | 4ae3 ff34 | 8b13 40f9 | e003 0aaa | 4a00 00b4 
  0x00000001140e2f44: 600f 0a8b | 0b09 00b4 | 8a1b 40f9 | 6c21 00d1 | 4a01 0b8b | 4081 1ff8 | 8c13 00f9 | 0fff ff17 
  0x00000001140e2f64: ;   {metadata('kotlin/Result$Failure')}
  0x00000001140e2f64: 0149 8bd2 | 2122 a0f2 | 010f c0f2 

  0x00000001140e2f70: ; ImmutableOopMap {rfp=Oop [8]=NarrowOop [16]=Oop [24]=Oop [32]=Oop }
                      ;*new {reexecute=0 rethrow=0 return_oop=1}
                      ; - kotlin.ResultKt::createFailure@6 (line 122)
                      ; - kotlinx.coroutines.DispatchedTask::run@273 (line 98)
                      ;   {runtime_call _new_instance_Java}
  0x00000001140e2f70: f4ed e297 | e203 00aa | 43ff ff17 | eb0b 40b9 | ea0b 40f9 | 2104 8012 | fd0f 40f9 | eb03 00b9 
  0x00000001140e2f90: ea07 00f9 | f607 00b9 | f40b 00f9 

  0x00000001140e2f9c: ; ImmutableOopMap {rfp=Oop [0]=NarrowOop [4]=NarrowOop [8]=Oop [16]=Oop }
                      ;*invokeinterface get {reexecute=0 rethrow=0 return_oop=0}
                      ; - kotlinx.coroutines.DispatchedTask::run@147 (line 91)
                      ;   {runtime_call UncommonTrapBlob}
  0x00000001140e2f9c: 39ff df97 | ea0b 40b9 | 4117 8012 | fd0f 40f9 | ea03 00b9 | eb13 00f9 | ed07 00b9 

  0x00000001140e2fb8: ; ImmutableOopMap {rfp=Oop [0]=NarrowOop [4]=NarrowOop [16]=Oop [32]=Oop }
                      ;*if_acmpne {reexecute=1 rethrow=0 return_oop=0}
                      ; - (reexecute) kotlinx.coroutines.internal.ThreadContextKt::updateThreadContext@17 (line 64)
                      ; - kotlinx.coroutines.DispatchedTask::run@71 (line 223)
                      ;   {runtime_call UncommonTrapBlob}
  0x00000001140e2fb8: 32ff df97 | 2107 8012 | ee03 00f9 

  0x00000001140e2fc4: ; ImmutableOopMap {[0]=Oop }
                      ;*invokevirtual getDelegate$kotlinx_coroutines_core {reexecute=0 rethrow=0 return_oop=0}
                      ; - kotlinx.coroutines.DispatchedTask::run@34 (line 80)
                      ;   {runtime_call UncommonTrapBlob}
  0x00000001140e2fc4: 2fff df97 | ea0b 40b9 | ea03 00b9 | ea0b 40f9 | 2107 8012 | fd0f 40f9 | ea83 00a9 

  0x00000001140e2fe0: ; ImmutableOopMap {rfp=Oop [0]=NarrowOop [8]=Oop [16]=Oop }
                      ;*invokevirtual takeState$kotlinx_coroutines_core {reexecute=0 rethrow=0 return_oop=0}
                      ; - kotlinx.coroutines.DispatchedTask::run@111 (line 84)
                      ;   {runtime_call UncommonTrapBlob}
  0x00000001140e2fe0: 28ff df97 | ea0b 40b9 | ea03 00b9 | ea0b 40f9 | 2107 8012 | fd0f 40f9 | ead3 00a9 | f623 00b9 
  0x00000001140e3000: ; ImmutableOopMap {rfp=Oop [0]=NarrowOop [8]=Oop [16]=Oop [32]=NarrowOop }
                      ;*invokevirtual getExceptionalResult$kotlinx_coroutines_core {reexecute=0 rethrow=0 return_oop=0}
                      ; - kotlinx.coroutines.DispatchedTask::run@119 (line 85)
                      ;   {runtime_call UncommonTrapBlob}
  0x00000001140e3000: 20ff df97 | ea0b 40f9 | 2107 8012 | fd0f 40f9 | ea03 00f9 

  0x00000001140e3014: ; ImmutableOopMap {rfp=Oop [0]=Oop [8]=NarrowOop [40]=NarrowOop }
                      ;*invokevirtual getSuccessfulResult$kotlinx_coroutines_core {reexecute=0 rethrow=0 return_oop=0}
                      ; - kotlinx.coroutines.DispatchedTask::run@295 (line 100)
                      ;   {runtime_call UncommonTrapBlob}
  0x00000001140e3014: 1bff df97 | 4117 8012 | ee03 00f9 

  0x00000001140e3020: ; ImmutableOopMap {rfp=NarrowOop [0]=Oop }
                      ;*ifnonnull {reexecute=1 rethrow=0 return_oop=0}
                      ; - (reexecute) kotlin.jvm.internal.Intrinsics::checkNotNull@1 (line 30)
                      ; - kotlinx.coroutines.DispatchedTask::run@40 (line 80)
                      ;   {runtime_call UncommonTrapBlob}
  0x00000001140e3020: 18ff df97 | e103 1caa | c900 0010 

  0x00000001140e302c: ;   {runtime_call G1BarrierSetRuntime::write_ref_field_pre_entry(oopDesc*, JavaThread*)}
  0x00000001140e302c: 08ca 80d2 | 287f a0f2 | 2800 c0f2 | ff27 bfa9 | 0001 3fd6 | ff43 0091 | 0bfe ff17 | ec03 00f9 
  0x00000001140e304c: ;   {metadata('kotlin/Result$Failure')}
  0x00000001140e304c: 0149 8bd2 | 2122 a0f2 | 010f c0f2 | fd0b 40b9 

  0x00000001140e305c: ; ImmutableOopMap {rfp=NarrowOop [0]=Oop [16]=Oop [24]=Oop [32]=Oop }
                      ;*new {reexecute=0 rethrow=0 return_oop=1}
                      ; - kotlin.ResultKt::createFailure@6 (line 122)
                      ; - kotlinx.coroutines.DispatchedTask::run@246 (line 232)
                      ;   {runtime_call _new_instance_Java}
  0x00000001140e305c: b9ed e297 | ec03 40f9 | 7aff ff17 | e103 1caa | c900 0010 

  0x00000001140e3070: ;   {runtime_call G1BarrierSetRuntime::write_ref_field_pre_entry(oopDesc*, JavaThread*)}
  0x00000001140e3070: 08ca 80d2 | 287f a0f2 | 2800 c0f2 | ff27 bfa9 | 0001 3fd6 | ff43 0091 | c5fe ff17 | eb0f 40f9 
  0x00000001140e3090: 4117 8012 | eb03 00f9 | ea13 00f9 

  0x00000001140e309c: ; ImmutableOopMap {rfp=NarrowOop [0]=Oop [8]=NarrowOop [16]=Oop [32]=Oop }
                      ;*ifeq {reexecute=1 rethrow=0 return_oop=0}
                      ; - (reexecute) kotlinx.coroutines.internal.ThreadContextKt::countAll$lambda$0@4 (line 32)
                      ; - kotlinx.coroutines.internal.ThreadContextKt$$Lambda$156/0x00000078011179b0::invoke@5
                      ; - kotlin.coroutines.CombinedContext::fold@22 (line 131)
                      ; - kotlinx.coroutines.internal.ThreadContextKt::threadContextElements@8 (line 55)
                      ; - kotlinx.coroutines.internal.ThreadContextKt::updateThreadContext@7 (line 61)
                      ; - kotlinx.coroutines.DispatchedTask::run@71 (line 223)
                      ;   {runtime_call UncommonTrapBlob}
  0x00000001140e309c: f9fe df97 | ea0b 40b9 | 2104 8012 | fd0f 40f9 | ea37 0029 

  0x00000001140e30b0: ; ImmutableOopMap {rfp=Oop [0]=NarrowOop [4]=NarrowOop [16]=Oop }
                      ;*invokeinterface fold {reexecute=0 rethrow=0 return_oop=0}
                      ; - kotlinx.coroutines.internal.ThreadContextKt::threadContextElements@8 (line 55)
                      ; - kotlinx.coroutines.internal.ThreadContextKt::updateThreadContext@7 (line 61)
                      ; - kotlinx.coroutines.DispatchedTask::run@71 (line 223)
                      ;   {runtime_call UncommonTrapBlob}
  0x00000001140e30b0: f4fe df97 | ea0b 40f9 | 6114 8012 | fd0f 40f9 | ea03 00f9 

  0x00000001140e30c4: ; ImmutableOopMap {rfp=Oop [0]=Oop [8]=NarrowOop [56]=Oop }
                      ;*ifnonnull {reexecute=1 rethrow=0 return_oop=0}
                      ; - (reexecute) kotlin.jvm.internal.Intrinsics::checkNotNullParameter@1 (line 130)
                      ; - kotlin.ResultKt::createFailure@3
                      ; - kotlinx.coroutines.DispatchedTask::run@246 (line 232)
                      ;   {runtime_call UncommonTrapBlob}
  0x00000001140e30c4: effe df97 | ec0b 40b9 | ea0b 40f9 | 2104 8012 | fd0f 40f9 | ec03 00b9 | eaaf 00a9 

  0x00000001140e30e0: ; ImmutableOopMap {rfp=Oop [0]=NarrowOop [8]=Oop [16]=Oop [40]=NarrowOop }
                      ;*invokeinterface getCancellationException {reexecute=0 rethrow=0 return_oop=0}
                      ; - kotlinx.coroutines.DispatchedTask::run@178 (line 93)
                      ;   {runtime_call UncommonTrapBlob}
  0x00000001140e30e0: e8fe df97 | 2104 8012 | fd03 0eaa | ea03 00f9 

  0x00000001140e30f0: ; ImmutableOopMap {rfp=Oop [0]=Oop }
                      ;*checkcast {reexecute=0 rethrow=0 return_oop=0}
                      ; - kotlinx.coroutines.DispatchedTask::run@43 (line 80)
                      ;   {runtime_call UncommonTrapBlob}
  0x00000001140e30f0: e4fe df97 | 0b08 40b9 

  0x00000001140e30f8: ;   {metadata('kotlinx/coroutines/DispatchException')}
  0x00000001140e30f8: 2a22 a0d2 | 0a68 8ef2 | 7f01 0a6b | 8100 0054 | ea03 00aa | ea03 00f9 | b5fe ff17 | e203 00aa 
  0x00000001140e3118: e8fe ff17 | e003 00f9 | a4fe ff17 | e003 00f9 | a2fe ff17 | e003 00f9 | a0fe ff17 | eb0b 40b9 
  0x00000001140e3138: 2101 8012 | fd0f 40f9 | eb5b 0029 

  0x00000001140e3144: ; ImmutableOopMap {rfp=Oop [0]=NarrowOop [4]=NarrowOop [16]=Oop }
                      ;*invokeinterface get {reexecute=0 rethrow=0 return_oop=0}
                      ; - kotlinx.coroutines.DispatchedTask::run@147 (line 91)
                      ;   {runtime_call UncommonTrapBlob}
  0x00000001140e3144: cffe df97 | 0b08 40b9 

  0x00000001140e314c: ;   {metadata('kotlinx/coroutines/DispatchException')}
  0x00000001140e314c: 2a22 a0d2 | 0a68 8ef2 | 7f01 0a6b | 8100 0054 | ea03 00aa | ea03 00f9 | a0fe ff17 | e203 00aa 
  0x00000001140e316c: d3fe ff17 | eb0b 40b9 | 6101 8012 | fd0f 40f9 | eb03 00b9 

  0x00000001140e3180: ; ImmutableOopMap {rfp=Oop [0]=NarrowOop [16]=Oop [40]=NarrowOop }
                      ;*instanceof {reexecute=0 rethrow=0 return_oop=0}
                      ; - kotlin.coroutines.CombinedContext::get@39 (line 122)
                      ; - kotlinx.coroutines.DispatchedTask::run@147 (line 91)
                      ;   {runtime_call UncommonTrapBlob}
  0x00000001140e3180: c0fe df97 | fd0f 40f9 | eb0b 40b9 | ea0b 40f9 | 6101 8012 | eb03 00b9 | ead3 00a9 | f607 00b9 
  0x00000001140e31a0: ; ImmutableOopMap {rfp=Oop [0]=NarrowOop [4]=NarrowOop [8]=Oop [16]=Oop }
                      ;*instanceof {reexecute=0 rethrow=0 return_oop=0}
                      ; - kotlinx.coroutines.DispatchedTask::getExceptionalResult$kotlinx_coroutines_core@1 (line 75)
                      ; - kotlinx.coroutines.CancellableContinuationImpl::getExceptionalResult$kotlinx_coroutines_core@2 (line 614)
                      ; - kotlinx.coroutines.DispatchedTask::run@119 (line 85)
                      ;   {runtime_call UncommonTrapBlob}
  0x00000001140e31a0: b8fe df97 | 0200 0014 | 0100 0014 | e003 00f9 | 80fe ff17 | ea0b 40b9 | ea03 00b9 | ea77 41a9 
  0x00000001140e31c0: 6101 8012 | ead3 00a9 | f607 00b9 

  0x00000001140e31cc: ; ImmutableOopMap {rfp=Oop [0]=NarrowOop [4]=NarrowOop [8]=Oop [16]=Oop }
                      ;*instanceof {reexecute=0 rethrow=0 return_oop=0}
                      ; - kotlinx.coroutines.DispatchedTask::getExceptionalResult$kotlinx_coroutines_core@1 (line 75)
                      ; - kotlinx.coroutines.DispatchedTask::run@119 (line 85)
                      ;   {runtime_call UncommonTrapBlob}
  0x00000001140e31cc: adfe df97 | e003 00f9 | 77fe ff17 | e103 00aa | 0400 0014 | e103 00aa | 0200 0014 | e103 00aa 
  0x00000001140e31ec: fd7b 45a9 | ff83 0191 

  0x00000001140e31f4: ;   {runtime_call _rethrow_Java}
  0x00000001140e31f4: 93ff e217 | 0a08 40b9 

  0x00000001140e31fc: ;   {metadata('kotlinx/coroutines/DispatchException')}
  0x00000001140e31fc: 2c22 a0d2 | 0c68 8ef2 | 5f01 0c6b | 8100 0054 | ea03 00aa | ea03 00f9 | 74fe ff17 | e203 00aa 
  0x00000001140e321c: a7fe ff17 | e003 00f9 | 63fe ff17 | e003 00f9 | 61fe ff17 | e003 00f9 | 5ffe ff17 | eb0b 40b9 
  0x00000001140e323c: 2101 8012 | fd0f 40f9 | eb37 0029 

  0x00000001140e3248: ; ImmutableOopMap {rfp=Oop [0]=NarrowOop [4]=NarrowOop [16]=Oop }
                      ;*invokeinterface fold {reexecute=0 rethrow=0 return_oop=0}
                      ; - kotlinx.coroutines.internal.ThreadContextKt::threadContextElements@8 (line 55)
                      ; - kotlinx.coroutines.internal.ThreadContextKt::updateThreadContext@7 (line 61)
                      ; - kotlinx.coroutines.DispatchedTask::run@71 (line 223)
                      ;   {runtime_call UncommonTrapBlob}
  0x00000001140e3248: 8efe df97 | ec0b 40b9 | fd0f 40f9 | 6101 8012 | ec03 00b9 | e00f 00f9 

  0x00000001140e3260: ; ImmutableOopMap {rfp=Oop [0]=NarrowOop [16]=Oop [24]=Oop }
                      ;*checkcast {reexecute=0 rethrow=0 return_oop=0}
                      ; - kotlinx.coroutines.internal.ThreadContextKt$$Lambda$156/0x00000078011179b0::invoke@2
                      ; - kotlin.coroutines.CombinedContext::fold@22 (line 131)
                      ; - kotlinx.coroutines.internal.ThreadContextKt::threadContextElements@8 (line 55)
                      ; - kotlinx.coroutines.internal.ThreadContextKt::updateThreadContext@7 (line 61)
                      ; - kotlinx.coroutines.DispatchedTask::run@71 (line 223)
                      ;   {runtime_call UncommonTrapBlob}
  0x00000001140e3260: 88fe df97 | e003 00f9 | 52fe ff17 | e003 00f9 | 50fe ff17 

  0x00000001140e3274: ;   {internal_word}
  0x00000001140e3274: 68c6 ff10 | 88b3 01f9 

  0x00000001140e327c: ;   {runtime_call SafepointBlob}
  0x00000001140e327c: e1fc df17 
[Stub Code]
  0x00000001140e3280: ;   {no_reloc}
  0x00000001140e3280: 4800 0058 | 0001 1fd6 | 80e0 9a13 | 0100 0000 

  0x00000001140e3290: ;   {trampoline_stub}
  0x00000001140e3290: 4800 0058 | 0001 1fd6 | 80e0 9a13 | 0100 0000 

  0x00000001140e32a0: ;   {trampoline_stub}
  0x00000001140e32a0: 4800 0058 | 0001 1fd6 | 802c 8e13 | 0100 0000 

  0x00000001140e32b0: ;   {trampoline_stub}
  0x00000001140e32b0: 4800 0058 | 0001 1fd6 | 80e0 9a13 | 0100 0000 

  0x00000001140e32c0: ;   {trampoline_stub}
  0x00000001140e32c0: 4800 0058 | 0001 1fd6 | 80e0 9a13 | 0100 0000 

  0x00000001140e32d0: ;   {trampoline_stub}
  0x00000001140e32d0: 4800 0058 | 0001 1fd6 | 00e5 9a13 | 0100 0000 

  0x00000001140e32e0: ;   {trampoline_stub}
  0x00000001140e32e0: 4800 0058 | 0001 1fd6 | 40e6 9a13 | 0100 0000 

  0x00000001140e32f0: ;   {trampoline_stub}
  0x00000001140e32f0: 4800 0058 | 0001 1fd6 | 00c9 8d13 | 0100 0000 

  0x00000001140e3300: ;   {static_stub}
  0x00000001140e3300: df3f 03d5 

  0x00000001140e3304: ;   {metadata(NULL)}
  0x00000001140e3304: 0c00 80d2 | 0c00 a0f2 | 0c00 c0f2 | 0800 80d2 | 0800 a0f2 | 0800 c0f2 | 0001 1fd6 

  0x00000001140e3320: ;   {trampoline_stub}
  0x00000001140e3320: 4800 0058 | 0001 1fd6 | 00c6 8d13 | 0100 0000 

  0x00000001140e3330: ;   {trampoline_stub}
  0x00000001140e3330: 4800 0058 | 0001 1fd6 | 00c6 8d13 | 0100 0000 

  0x00000001140e3340: ;   {trampoline_stub}
  0x00000001140e3340: 4800 0058 | 0001 1fd6 | 802c 8e13 | 0100 0000 

  0x00000001140e3350: ;   {trampoline_stub}
  0x00000001140e3350: 4800 0058 | 0001 1fd6 | 80e0 9a13 | 0100 0000 

  0x00000001140e3360: ;   {trampoline_stub}
  0x00000001140e3360: 4800 0058 | 0001 1fd6 | 802c 8e13 | 0100 0000 

  0x00000001140e3370: ;   {trampoline_stub}
  0x00000001140e3370: 4800 0058 | 0001 1fd6 | 40e6 9a13 | 0100 0000 

  0x00000001140e3380: ;   {trampoline_stub}
  0x00000001140e3380: 4800 0058 | 0001 1fd6 | 00c3 8d13 | 0100 0000 

  0x00000001140e3390: ;   {static_stub}
  0x00000001140e3390: df3f 03d5 

  0x00000001140e3394: ;   {metadata(NULL)}
  0x00000001140e3394: 0c00 80d2 | 0c00 a0f2 | 0c00 c0f2 | 0800 80d2 | 0800 a0f2 | 0800 c0f2 | 0001 1fd6 

  0x00000001140e33b0: ;   {trampoline_stub}
  0x00000001140e33b0: 4800 0058 | 0001 1fd6 | 00c6 8d13 | 0100 0000 

  0x00000001140e33c0: ;   {trampoline_stub}
  0x00000001140e33c0: 4800 0058 | 0001 1fd6 | 802c 8e13 | 0100 0000 

  0x00000001140e33d0: ;   {trampoline_stub}
  0x00000001140e33d0: 4800 0058 | 0001 1fd6 | e033 0e14 | 0100 0000 

  0x00000001140e33e0: ;   {static_stub}
  0x00000001140e33e0: df3f 03d5 

  0x00000001140e33e4: ;   {metadata({method} {0x000000012a8981b8} 'getCancellationException' '()Ljava/util/concurrent/CancellationException;' in 'kotlinx/coroutines/JobSupport')}
  0x00000001140e33e4: 0c37 90d2 | 2c51 a5f2 | 2c00 c0f2 | 08d7 96d2 | a871 a2f2 | 2800 c0f2 | 0001 1fd6 

  0x00000001140e3400: ;   {trampoline_stub}
  0x00000001140e3400: 4800 0058 | 0001 1fd6 | 1034 0e14 | 0100 0000 

  0x00000001140e3410: ;   {static_stub}
  0x00000001140e3410: df3f 03d5 

  0x00000001140e3414: ;   {metadata({method} {0x000000012a8d7f30} 'cancelCompletedResult$kotlinx_coroutines_core' '(Ljava/lang/Object;Ljava/lang/Throwable;)V' in 'kotlinx/coroutines/CancellableContinuationImpl')}
  0x00000001140e3414: 0ce6 8fd2 | ac51 a5f2 | 2c00 c0f2 | 8867 91d2 | a871 a2f2 | 2800 c0f2 | 0001 1fd6 

  0x00000001140e3430: ;   {trampoline_stub}
  0x00000001140e3430: 4800 0058 | 0001 1fd6 | 40e6 9a13 | 0100 0000 

  0x00000001140e3440: ;   {trampoline_stub}
  0x00000001140e3440: 4800 0058 | 0001 1fd6 | 802c 8e13 | 0100 0000 

  0x00000001140e3450: ;   {trampoline_stub}
  0x00000001140e3450: 4800 0058 | 0001 1fd6 | 802c 8e13 | 0100 0000 

  0x00000001140e3460: ;   {trampoline_stub}
  0x00000001140e3460: 4800 0058 | 0001 1fd6 | 40e7 9913 | 0100 0000 

  0x00000001140e3470: ;   {trampoline_stub}
  0x00000001140e3470: 4800 0058 | 0001 1fd6 | 802c 8e13 | 0100 0000 

  0x00000001140e3480: ;   {trampoline_stub}
  0x00000001140e3480: 4800 0058 | 0001 1fd6 | 802c 8e13 | 0100 0000 

  0x00000001140e3490: ;   {trampoline_stub}
  0x00000001140e3490: 4800 0058 | 0001 1fd6 | 802c 8e13 | 0100 0000 

  0x00000001140e34a0: ;   {trampoline_stub}
  0x00000001140e34a0: 4800 0058 | 0001 1fd6 | 802c 8e13 | 0100 0000 

  0x00000001140e34b0: ;   {trampoline_stub}
  0x00000001140e34b0: 4800 0058 | 0001 1fd6 | 802c 8e13 | 0100 0000 

  0x00000001140e34c0: ;   {trampoline_stub}
  0x00000001140e34c0: 4800 0058 | 0001 1fd6 | 802c 8e13 | 0100 0000 

  0x00000001140e34d0: ;   {trampoline_stub}
  0x00000001140e34d0: 4800 0058 | 0001 1fd6 | 802c 8e13 | 0100 0000 

  0x00000001140e34e0: ;   {trampoline_stub}
  0x00000001140e34e0: 4800 0058 | 0001 1fd6 | 40e7 9913 | 0100 0000 

  0x00000001140e34f0: ;   {trampoline_stub}
  0x00000001140e34f0: 4800 0058 | 0001 1fd6 | 802c 8e13 | 0100 0000 

  0x00000001140e3500: ;   {trampoline_stub}
  0x00000001140e3500: 4800 0058 | 0001 1fd6 | 802c 8e13 | 0100 0000 

  0x00000001140e3510: ;   {trampoline_stub}
  0x00000001140e3510: 4800 0058 | 0001 1fd6 | 802c 8e13 | 0100 0000 

  0x00000001140e3520: ;   {trampoline_stub}
  0x00000001140e3520: 4800 0058 | 0001 1fd6 | 802c 8e13 | 0100 0000 

  0x00000001140e3530: ;   {trampoline_stub}
  0x00000001140e3530: 4800 0058 | 0001 1fd6 | 802c 8e13 | 0100 0000 

  0x00000001140e3540: ;   {trampoline_stub}
  0x00000001140e3540: 4800 0058 | 0001 1fd6 | 802c 8e13 | 0100 0000 

  0x00000001140e3550: ;   {trampoline_stub}
  0x00000001140e3550: 4800 0058 | 0001 1fd6 | 802c 8e13 | 0100 0000 

  0x00000001140e3560: ;   {trampoline_stub}
  0x00000001140e3560: 4800 0058 | 0001 1fd6 | 802c 8e13 | 0100 0000 

  0x00000001140e3570: ;   {trampoline_stub}
  0x00000001140e3570: 4800 0058 | 0001 1fd6 | 802c 8e13 | 0100 0000 

  0x00000001140e3580: ;   {trampoline_stub}
  0x00000001140e3580: 4800 0058 | 0001 1fd6 | 802c 8e13 | 0100 0000 

  0x00000001140e3590: ;   {trampoline_stub}
  0x00000001140e3590: 4800 0058 | 0001 1fd6 | 802c 8e13 | 0100 0000 
[Exception Handler]
  0x00000001140e35a0: ;   {runtime_call ExceptionBlob}
  0x00000001140e35a0: b8c2 e217 
[Deopt Handler Code]
  0x00000001140e35a4: 1e00 0010 

  0x00000001140e35a8: ;   {runtime_call DeoptimizationBlob}
  0x00000001140e35a8: e6fc df17 | 0000 0000 
[/MachCode]


---------------  P R O C E S S  ---------------

Threads class SMR info:
_java_thread_list=0x0000600001ad9d80, length=51, elements={
0x000000012f808800, 0x000000012f8a9200, 0x000000012f8aba00, 0x000000012f8af000,
0x000000012f8b1800, 0x000000012f8b1e00, 0x000000012f8b2400, 0x000000012f8b2a00,
0x000000012f8b3000, 0x000000012f8f3a00, 0x000000012f8a3c00, 0x0000000131992200,
0x000000012faf4000, 0x000000012fae3600, 0x000000012faf4600, 0x00000001319aa200,
0x0000000130097800, 0x00000001319c5e00, 0x00000001302b6400, 0x00000001319c6400,
0x00000001302b4a00, 0x000000011f818c00, 0x000000013063d800, 0x0000000131684c00,
0x0000000131d27200, 0x000000013166e600, 0x000000012ff82e00, 0x000000012e009e00,
0x0000000131d34600, 0x0000000130662200, 0x0000000130667200, 0x0000000131d30a00,
0x0000007083023200, 0x000000708083fe00, 0x00000001316eb400, 0x0000000131507200,
0x00000070808bb600, 0x0000000131eb4400, 0x000000017e192c00, 0x00000001314c6800,
0x00000070808dbe00, 0x0000000131e27c00, 0x000000012fafc400, 0x00000001313d7600,
0x0000007080d34c00, 0x0000007080d35200, 0x0000007080ae9600, 0x0000000131d80400,
0x000000708092b800, 0x0000007080a63400, 0x000000012e00b800
}

Java Threads: ( => current thread )
  0x000000012f808800 JavaThread "main" [_thread_blocked, id=5891, stack(0x000000016d6c0000,0x000000016d8c3000)]
  0x000000012f8a9200 JavaThread "Reference Handler" daemon [_thread_blocked, id=18435, stack(0x000000016e514000,0x000000016e717000)]
  0x000000012f8aba00 JavaThread "Finalizer" daemon [_thread_blocked, id=18691, stack(0x000000016e720000,0x000000016e923000)]
  0x000000012f8af000 JavaThread "Signal Dispatcher" daemon [_thread_blocked, id=30979, stack(0x000000016ea44000,0x000000016ec47000)]
  0x000000012f8b1800 JavaThread "Service Thread" daemon [_thread_blocked, id=30723, stack(0x000000016ec50000,0x000000016ee53000)]
  0x000000012f8b1e00 JavaThread "Monitor Deflation Thread" daemon [_thread_blocked, id=30467, stack(0x000000016ee5c000,0x000000016f05f000)]
  0x000000012f8b2400 JavaThread "C2 CompilerThread0" daemon [_thread_blocked, id=30211, stack(0x000000016f068000,0x000000016f26b000)]
  0x000000012f8b2a00 JavaThread "C1 CompilerThread0" daemon [_thread_blocked, id=29955, stack(0x000000016f274000,0x000000016f477000)]
  0x000000012f8b3000 JavaThread "Sweeper thread" daemon [_thread_blocked, id=24323, stack(0x000000016f480000,0x000000016f683000)]
  0x000000012f8f3a00 JavaThread "Notification Thread" daemon [_thread_blocked, id=24579, stack(0x000000016f68c000,0x000000016f88f000)]
  0x000000012f8a3c00 JavaThread "Common-Cleaner" daemon [_thread_blocked, id=25603, stack(0x000000016faa4000,0x000000016fca7000)]
  0x0000000131992200 JavaThread "httpclient-main-1" daemon [_thread_blocked, id=69891, stack(0x0000000170984000,0x0000000170b87000)]
  0x000000012faf4000 JavaThread "httpclient-dispatch-1" daemon [_thread_in_native, id=80899, stack(0x0000000170b90000,0x0000000170d93000)]
  0x000000012fae3600 JavaThread "httpclient-dispatch-2" daemon [_thread_in_native, id=80387, stack(0x0000000170d9c000,0x0000000170f9f000)]
  0x000000012faf4600 JavaThread "httpclient-dispatch-3" daemon [_thread_in_native, id=79875, stack(0x0000000170fa8000,0x00000001711ab000)]
  0x00000001319aa200 JavaThread "httpclient-dispatch-4" daemon [_thread_in_native, id=79619, stack(0x00000001711b4000,0x00000001713b7000)]
  0x0000000130097800 JavaThread "httpclient-dispatch-5" daemon [_thread_in_native, id=70659, stack(0x00000001713c0000,0x00000001715c3000)]
  0x00000001319c5e00 JavaThread "httpclient-dispatch-6" daemon [_thread_in_native, id=79107, stack(0x00000001715cc000,0x00000001717cf000)]
  0x00000001302b6400 JavaThread "httpclient-dispatch-7" daemon [_thread_in_native, id=78595, stack(0x00000001717d8000,0x00000001719db000)]
  0x00000001319c6400 JavaThread "httpclient-dispatch-8" daemon [_thread_in_native, id=78339, stack(0x00000001719e4000,0x0000000171be7000)]
  0x00000001302b4a00 JavaThread "AppKit Thread" daemon [_thread_in_native, id=259, stack(0x000000016ce38000,0x000000016d634000)]
  0x000000011f818c00 JavaThread "AWT-Shutdown" [_thread_blocked, id=83995, stack(0x000000016ff48000,0x000000017014b000)]
  0x000000013063d800 JavaThread "DefaultDispatcher-worker-1" daemon [_thread_blocked, id=113955, stack(0x000000017c8f4000,0x000000017caf7000)]
=>0x0000000131684c00 JavaThread "DefaultDispatcher-worker-2" daemon [_thread_in_native, id=104743, stack(0x000000017cb00000,0x000000017cd03000)]
  0x0000000131d27200 JavaThread "DefaultDispatcher-worker-3" daemon [_thread_blocked, id=106251, stack(0x000000017cd0c000,0x000000017cf0f000)]
  0x000000013166e600 JavaThread "Reference Cleaner" daemon [_thread_blocked, id=111875, stack(0x000000017cf18000,0x000000017d11b000)]
  0x000000012ff82e00 JavaThread "kotlinx.coroutines.DefaultExecutor" daemon [_thread_blocked, id=111619, stack(0x000000017d124000,0x000000017d327000)]
  0x000000012e009e00 JavaThread "AWT-EventQueue-0" [_thread_blocked, id=106767, stack(0x000000017d330000,0x000000017d533000)]
  0x0000000131d34600 JavaThread "Java2D Queue Flusher" daemon [_thread_blocked, id=108547, stack(0x000000017db60000,0x000000017dd63000)]
  0x0000000130662200 JavaThread "Java2D Disposer" daemon [_thread_blocked, id=135183, stack(0x000000017dd6c000,0x000000017df6f000)]
  0x0000000130667200 JavaThread "TimerQueue" daemon [_thread_blocked, id=169235, stack(0x000000017e804000,0x000000017ea07000)]
  0x0000000131d30a00 JavaThread "Timer-0" daemon [_thread_blocked, id=166411, stack(0x000000017f304000,0x000000017f507000)]
  0x0000007083023200 JavaThread "pool-2-thread-1" daemon [_thread_blocked, id=139139, stack(0x000000017f510000,0x000000017f713000)]
  0x000000708083fe00 JavaThread "process reaper" daemon [_thread_blocked, id=143771, stack(0x000000017ff9c000,0x000000017ffd3000)]
  0x00000001316eb400 JavaThread "Gax-1" daemon [_thread_blocked, id=139379, stack(0x0000007086d04000,0x0000007086f07000)]
  0x0000000131507200 JavaThread "grpc-nio-worker-ELG-1-1" daemon [_thread_in_native, id=158819, stack(0x00000070871a4000,0x00000070873a7000)]
  0x00000070808bb600 JavaThread "grpc-default-executor-0" daemon [_thread_blocked, id=158211, stack(0x00000070873b0000,0x00000070875b3000)]
  0x0000000131eb4400 JavaThread "grpc-nio-worker-ELG-1-2" daemon [_thread_in_native, id=144131, stack(0x00000070875bc000,0x00000070877bf000)]
  0x000000017e192c00 JavaThread "grpc-default-executor-1" daemon [_thread_blocked, id=157187, stack(0x00000070877c8000,0x00000070879cb000)]
  0x00000001314c6800 JavaThread "grpc-nio-worker-ELG-1-3" daemon [_thread_in_native, id=156675, stack(0x00000070879d4000,0x0000007087bd7000)]
  0x00000070808dbe00 JavaThread "grpc-default-executor-2" daemon [_thread_blocked, id=143883, stack(0x0000007087be0000,0x0000007087de3000)]
  0x0000000131e27c00 JavaThread "grpc-nio-worker-ELG-1-4" daemon [_thread_in_native, id=156419, stack(0x0000007090004000,0x0000007090207000)]
  0x000000012fafc400 JavaThread "grpc-default-executor-3" daemon [_thread_blocked, id=155143, stack(0x0000007090a40000,0x0000007090c43000)]
  0x00000001313d7600 JavaThread "Gax-2" daemon [_thread_blocked, id=157515, stack(0x0000007087dec000,0x0000007087fef000)]
  0x0000007080d34c00 JavaThread "grpc-transport-8" daemon [_thread_blocked, id=90739, stack(0x0000007090210000,0x0000007090413000)]
  0x0000007080d35200 JavaThread "grpc-transport-9" daemon [_thread_blocked, id=102887, stack(0x000000709041c000,0x000000709061f000)]
  0x0000007080ae9600 JavaThread "grpc-transport-10" daemon [_thread_blocked, id=140295, stack(0x0000007090628000,0x000000709082b000)]
  0x0000000131d80400 JavaThread "grpc-transport-11" daemon [_thread_blocked, id=141219, stack(0x0000007090834000,0x0000007090a37000)]
  0x000000708092b800 JavaThread "grpc-transport-12" daemon [_thread_blocked, id=140051, stack(0x0000007090c4c000,0x0000007090e4f000)]
  0x0000007080a63400 JavaThread "grpc-transport-13" daemon [_thread_blocked, id=145987, stack(0x0000007090e58000,0x000000709105b000)]
  0x000000012e00b800 JavaThread "Gax-3" daemon [_thread_blocked, id=151379, stack(0x0000007091064000,0x0000007091267000)]

Other Threads:
  0x000000011f70cbc0 VMThread "VM Thread" [stack: 0x000000016e308000,0x000000016e50b000] [id=17923]
  0x000000011f7159f0 WatcherThread [stack: 0x000000016f898000,0x000000016fa9b000] [id=25091]
  0x000000011f706530 GCTaskThread "GC Thread#0" [stack: 0x000000016d8cc000,0x000000016dacf000] [id=15363]
  0x000000011f756730 GCTaskThread "GC Thread#1" [stack: 0x0000000170154000,0x0000000170357000] [id=82819]
  0x000000011f756bb0 GCTaskThread "GC Thread#2" [stack: 0x0000000170360000,0x0000000170563000] [id=69135]
  0x000000012f615480 GCTaskThread "GC Thread#3" [stack: 0x000000017056c000,0x000000017076f000] [id=81667]
  0x000000012f615900 GCTaskThread "GC Thread#4" [stack: 0x0000000170778000,0x000000017097b000] [id=69379]
  0x0000000130a29b50 GCTaskThread "GC Thread#5" [stack: 0x000000017d53c000,0x000000017d73f000] [id=113715]
  0x000000011f7846a0 GCTaskThread "GC Thread#6" [stack: 0x000000017d748000,0x000000017d94b000] [id=111107]
  0x000000011f784b20 GCTaskThread "GC Thread#7" [stack: 0x000000017d954000,0x000000017db57000] [id=107523]
  0x000000011f706be0 ConcurrentGCThread "G1 Main Marker" [stack: 0x000000016dad8000,0x000000016dcdb000] [id=13827]
  0x000000011f707470 ConcurrentGCThread "G1 Conc#0" [stack: 0x000000016dce4000,0x000000016dee7000] [id=14595]
  0x000000013087abd0 ConcurrentGCThread "G1 Conc#1" [stack: 0x000000017ea10000,0x000000017ec13000] [id=134979]
  0x000000011f7092e0 ConcurrentGCThread "G1 Refine#0" [stack: 0x000000016def0000,0x000000016e0f3000] [id=16643]
  0x000000011f709b80 ConcurrentGCThread "G1 Service" [stack: 0x000000016e0fc000,0x000000016e2ff000] [id=21251]

Threads with active compile tasks:

VM state: not at safepoint (normal execution)

VM Mutex/Monitor currently owned by a thread: None

Heap address: 0x0000007000800000, size: 2048 MB, Compressed Oops mode: Non-zero disjoint base: 0x0000007000000000, Oop shift amount: 3

CDS archive(s) mapped at: [0x0000007800000000-0x0000007800be8000-0x0000007800be8000), size 12484608, SharedBaseAddress: 0x0000007800000000, ArchiveRelocationMode: 1.
Compressed class space mapped at: 0x0000007801000000-0x0000007841000000, reserved size: 1073741824
Narrow klass base: 0x0000007800000000, Narrow klass shift: 0, Narrow klass range: 0x100000000

GC Precious Log:
 CPUs: 8 total, 8 available
 Memory: 8192M
 Large Page Support: Disabled
 NUMA Support: Disabled
 Compressed Oops: Enabled (Non-zero disjoint base)
 Heap Region Size: 1M
 Heap Min Capacity: 8M
 Heap Initial Capacity: 128M
 Heap Max Capacity: 2G
 Pre-touch: Disabled
 Parallel Workers: 8
 Concurrent Workers: 2
 Concurrent Refinement Workers: 8
 Periodic GC: Disabled

Heap:
 garbage-first heap   total 175104K, used 100321K [0x0000007000800000, 0x0000007080800000)
  region size 1024K, 55 young (56320K), 1 survivors (1024K)
 Metaspace       used 59787K, committed 60032K, reserved 1114112K
  class space    used 6418K, committed 6528K, reserved 1048576K

Heap Regions: E=young(eden), S=young(survivor), O=old, HS=humongous(starts), HC=humongous(continues), CS=collection set, F=free, OA=open archive, CA=closed archive, TAMS=top-at-mark-start (previous, next)
|   0|0x0000007000800000, 0x0000007000900000, 0x0000007000900000|100%|HS|  |TAMS 0x0000007000900000, 0x0000007000900000| Complete 
|   1|0x0000007000900000, 0x0000007000a00000, 0x0000007000a00000|100%|HC|  |TAMS 0x0000007000a00000, 0x0000007000a00000| Complete 
|   2|0x0000007000a00000, 0x0000007000b00000, 0x0000007000b00000|100%| O|  |TAMS 0x0000007000b00000, 0x0000007000b00000| Untracked 
|   3|0x0000007000b00000, 0x0000007000c00000, 0x0000007000c00000|100%| O|  |TAMS 0x0000007000c00000, 0x0000007000c00000| Untracked 
|   4|0x0000007000c00000, 0x0000007000d00000, 0x0000007000d00000|100%| O|  |TAMS 0x0000007000d00000, 0x0000007000d00000| Untracked 
|   5|0x0000007000d00000, 0x0000007000e00000, 0x0000007000e00000|100%| O|  |TAMS 0x0000007000e00000, 0x0000007000e00000| Untracked 
|   6|0x0000007000e00000, 0x0000007000f00000, 0x0000007000f00000|100%| O|  |TAMS 0x0000007000f00000, 0x0000007000f00000| Untracked 
|   7|0x0000007000f00000, 0x0000007001000000, 0x0000007001000000|100%| O|  |TAMS 0x0000007001000000, 0x0000007001000000| Untracked 
|   8|0x0000007001000000, 0x0000007001100000, 0x0000007001100000|100%| O|  |TAMS 0x0000007001100000, 0x0000007001100000| Untracked 
|   9|0x0000007001100000, 0x0000007001200000, 0x0000007001200000|100%| O|  |TAMS 0x0000007001200000, 0x0000007001200000| Untracked 
|  10|0x0000007001200000, 0x0000007001300000, 0x0000007001300000|100%| O|  |TAMS 0x0000007001300000, 0x0000007001300000| Untracked 
|  11|0x0000007001300000, 0x0000007001400000, 0x0000007001400000|100%| O|  |TAMS 0x0000007001400000, 0x0000007001400000| Untracked 
|  12|0x0000007001400000, 0x0000007001500000, 0x0000007001500000|100%| O|  |TAMS 0x0000007001500000, 0x0000007001500000| Untracked 
|  13|0x0000007001500000, 0x0000007001600000, 0x0000007001600000|100%| O|  |TAMS 0x00000070015ac200, 0x0000007001600000| Untracked 
|  14|0x0000007001600000, 0x0000007001700000, 0x0000007001700000|100%| O|  |TAMS 0x0000007001600000, 0x0000007001700000| Untracked 
|  15|0x0000007001700000, 0x0000007001800000, 0x0000007001800000|100%| O|  |TAMS 0x0000007001700000, 0x0000007001800000| Untracked 
|  16|0x0000007001800000, 0x0000007001900000, 0x0000007001900000|100%| O|  |TAMS 0x0000007001800000, 0x0000007001900000| Untracked 
|  17|0x0000007001900000, 0x0000007001a00000, 0x0000007001a00000|100%| O|  |TAMS 0x0000007001900000, 0x0000007001a00000| Untracked 
|  18|0x0000007001a00000, 0x0000007001b00000, 0x0000007001b00000|100%|HS|  |TAMS 0x0000007001a00000, 0x0000007001a00000| Complete 
|  19|0x0000007001b00000, 0x0000007001c00000, 0x0000007001c00000|100%|HS|  |TAMS 0x0000007001b00000, 0x0000007001b00000| Complete 
|  20|0x0000007001c00000, 0x0000007001d00000, 0x0000007001d00000|100%|HS|  |TAMS 0x0000007001c00000, 0x0000007001c00000| Complete 
|  21|0x0000007001d00000, 0x0000007001e00000, 0x0000007001e00000|100%|HS|  |TAMS 0x0000007001d00000, 0x0000007001d00000| Complete 
|  22|0x0000007001e00000, 0x0000007001f00000, 0x0000007001f00000|100%|HS|  |TAMS 0x0000007001e00000, 0x0000007001e00000| Complete 
|  23|0x0000007001f00000, 0x0000007002000000, 0x0000007002000000|100%| O|  |TAMS 0x0000007001f00000, 0x0000007002000000| Untracked 
|  24|0x0000007002000000, 0x0000007002100000, 0x0000007002100000|100%| O|  |TAMS 0x0000007002000000, 0x0000007002100000| Untracked 
|  25|0x0000007002100000, 0x00000070021f3c00, 0x0000007002200000| 95%| O|  |TAMS 0x0000007002100000, 0x00000070021b3200| Untracked 
|  26|0x0000007002200000, 0x0000007002300000, 0x0000007002300000|100%|HS|  |TAMS 0x0000007002200000, 0x0000007002200000| Complete 
|  27|0x0000007002300000, 0x0000007002400000, 0x0000007002400000|100%|HS|  |TAMS 0x0000007002300000, 0x0000007002300000| Complete 
|  28|0x0000007002400000, 0x0000007002500000, 0x0000007002500000|100%|HS|  |TAMS 0x0000007002400000, 0x0000007002400000| Complete 
|  29|0x0000007002500000, 0x0000007002600000, 0x0000007002600000|100%|HS|  |TAMS 0x0000007002500000, 0x0000007002500000| Complete 
|  30|0x0000007002600000, 0x0000007002700000, 0x0000007002700000|100%|HS|  |TAMS 0x0000007002600000, 0x0000007002600000| Complete 
|  31|0x0000007002700000, 0x0000007002800000, 0x0000007002800000|100%|HS|  |TAMS 0x0000007002700000, 0x0000007002700000| Complete 
|  32|0x0000007002800000, 0x0000007002900000, 0x0000007002900000|100%|HS|  |TAMS 0x0000007002800000, 0x0000007002800000| Complete 
|  33|0x0000007002900000, 0x0000007002a00000, 0x0000007002a00000|100%|HS|  |TAMS 0x0000007002900000, 0x0000007002900000| Complete 
|  34|0x0000007002a00000, 0x0000007002b00000, 0x0000007002b00000|100%|HS|  |TAMS 0x0000007002a00000, 0x0000007002a00000| Complete 
|  35|0x0000007002b00000, 0x0000007002c00000, 0x0000007002c00000|100%|HS|  |TAMS 0x0000007002b00000, 0x0000007002b00000| Complete 
|  36|0x0000007002c00000, 0x0000007002d00000, 0x0000007002d00000|100%|HS|  |TAMS 0x0000007002c00000, 0x0000007002c00000| Complete 
|  37|0x0000007002d00000, 0x0000007002e00000, 0x0000007002e00000|100%|HS|  |TAMS 0x0000007002d00000, 0x0000007002d00000| Complete 
|  38|0x0000007002e00000, 0x0000007002f00000, 0x0000007002f00000|100%|HS|  |TAMS 0x0000007002e00000, 0x0000007002e00000| Complete 
|  39|0x0000007002f00000, 0x0000007003000000, 0x0000007003000000|100%|HS|  |TAMS 0x0000007002f00000, 0x0000007002f00000| Complete 
|  40|0x0000007003000000, 0x0000007003100000, 0x0000007003100000|100%|HS|  |TAMS 0x0000007003000000, 0x0000007003000000| Complete 
|  41|0x0000007003100000, 0x0000007003200000, 0x0000007003200000|100%|HS|  |TAMS 0x0000007003100000, 0x0000007003100000| Complete 
|  42|0x0000007003200000, 0x0000007003200000, 0x0000007003300000|  0%| F|  |TAMS 0x0000007003200000, 0x0000007003200000| Untracked 
|  43|0x0000007003300000, 0x0000007003300000, 0x0000007003400000|  0%| F|  |TAMS 0x0000007003300000, 0x0000007003300000| Untracked 
|  44|0x0000007003400000, 0x0000007003400000, 0x0000007003500000|  0%| F|  |TAMS 0x0000007003400000, 0x0000007003400000| Untracked 
|  45|0x0000007003500000, 0x0000007003500000, 0x0000007003600000|  0%| F|  |TAMS 0x0000007003500000, 0x0000007003500000| Untracked 
|  46|0x0000007003600000, 0x0000007003600000, 0x0000007003700000|  0%| F|  |TAMS 0x0000007003600000, 0x0000007003600000| Untracked 
|  47|0x0000007003700000, 0x0000007003700000, 0x0000007003800000|  0%| F|  |TAMS 0x0000007003700000, 0x0000007003700000| Untracked 
|  48|0x0000007003800000, 0x0000007003800000, 0x0000007003900000|  0%| F|  |TAMS 0x0000007003800000, 0x0000007003800000| Untracked 
|  49|0x0000007003900000, 0x0000007003900000, 0x0000007003a00000|  0%| F|  |TAMS 0x0000007003900000, 0x0000007003900000| Untracked 
|  50|0x0000007003a00000, 0x0000007003a00000, 0x0000007003b00000|  0%| F|  |TAMS 0x0000007003a00000, 0x0000007003a00000| Untracked 
|  51|0x0000007003b00000, 0x0000007003b00000, 0x0000007003c00000|  0%| F|  |TAMS 0x0000007003b00000, 0x0000007003b00000| Untracked 
|  52|0x0000007003c00000, 0x0000007003c00000, 0x0000007003d00000|  0%| F|  |TAMS 0x0000007003c00000, 0x0000007003c00000| Untracked 
|  53|0x0000007003d00000, 0x0000007003d00000, 0x0000007003e00000|  0%| F|  |TAMS 0x0000007003d00000, 0x0000007003d00000| Untracked 
|  54|0x0000007003e00000, 0x0000007003e00000, 0x0000007003f00000|  0%| F|  |TAMS 0x0000007003e00000, 0x0000007003e00000| Untracked 
|  55|0x0000007003f00000, 0x0000007003f00000, 0x0000007004000000|  0%| F|  |TAMS 0x0000007003f00000, 0x0000007003f00000| Untracked 
|  56|0x0000007004000000, 0x0000007004000000, 0x0000007004100000|  0%| F|  |TAMS 0x0000007004000000, 0x0000007004000000| Untracked 
|  57|0x0000007004100000, 0x0000007004100000, 0x0000007004200000|  0%| F|  |TAMS 0x0000007004100000, 0x0000007004100000| Untracked 
|  58|0x0000007004200000, 0x0000007004200000, 0x0000007004300000|  0%| F|  |TAMS 0x0000007004200000, 0x0000007004200000| Untracked 
|  59|0x0000007004300000, 0x0000007004300000, 0x0000007004400000|  0%| F|  |TAMS 0x0000007004300000, 0x0000007004300000| Untracked 
|  60|0x0000007004400000, 0x0000007004400000, 0x0000007004500000|  0%| F|  |TAMS 0x0000007004400000, 0x0000007004400000| Untracked 
|  61|0x0000007004500000, 0x0000007004500000, 0x0000007004600000|  0%| F|  |TAMS 0x0000007004500000, 0x0000007004500000| Untracked 
|  62|0x0000007004600000, 0x0000007004600000, 0x0000007004700000|  0%| F|  |TAMS 0x0000007004600000, 0x0000007004600000| Untracked 
|  63|0x0000007004700000, 0x0000007004700000, 0x0000007004800000|  0%| F|  |TAMS 0x0000007004700000, 0x0000007004700000| Untracked 
|  64|0x0000007004800000, 0x0000007004900000, 0x0000007004900000|100%|HS|  |TAMS 0x0000007004800000, 0x0000007004800000| Complete 
|  65|0x0000007004900000, 0x0000007004900000, 0x0000007004a00000|  0%| F|  |TAMS 0x0000007004900000, 0x0000007004900000| Untracked 
|  66|0x0000007004a00000, 0x0000007004b00000, 0x0000007004b00000|100%|HS|  |TAMS 0x0000007004a00000, 0x0000007004a00000| Complete 
|  67|0x0000007004b00000, 0x0000007004b0c990, 0x0000007004c00000|  4%| S|CS|TAMS 0x0000007004b00000, 0x0000007004b00000| Complete 
|  68|0x0000007004c00000, 0x0000007004c00000, 0x0000007004d00000|  0%| F|  |TAMS 0x0000007004c00000, 0x0000007004c00000| Untracked 
|  69|0x0000007004d00000, 0x0000007004d00000, 0x0000007004e00000|  0%| F|  |TAMS 0x0000007004d00000, 0x0000007004d00000| Untracked 
|  70|0x0000007004e00000, 0x0000007004e00000, 0x0000007004f00000|  0%| F|  |TAMS 0x0000007004e00000, 0x0000007004e00000| Untracked 
|  71|0x0000007004f00000, 0x0000007004f00000, 0x0000007005000000|  0%| F|  |TAMS 0x0000007004f00000, 0x0000007004f00000| Untracked 
|  72|0x0000007005000000, 0x0000007005000000, 0x0000007005100000|  0%| F|  |TAMS 0x0000007005000000, 0x0000007005000000| Untracked 
|  73|0x0000007005100000, 0x0000007005100000, 0x0000007005200000|  0%| F|  |TAMS 0x0000007005100000, 0x0000007005100000| Untracked 
|  74|0x0000007005200000, 0x0000007005200000, 0x0000007005300000|  0%| F|  |TAMS 0x0000007005200000, 0x0000007005200000| Untracked 
|  75|0x0000007005300000, 0x0000007005300000, 0x0000007005400000|  0%| F|  |TAMS 0x0000007005300000, 0x0000007005300000| Untracked 
|  76|0x0000007005400000, 0x0000007005400000, 0x0000007005500000|  0%| F|  |TAMS 0x0000007005400000, 0x0000007005400000| Untracked 
|  77|0x0000007005500000, 0x0000007005500000, 0x0000007005600000|  0%| F|  |TAMS 0x0000007005500000, 0x0000007005500000| Untracked 
|  78|0x0000007005600000, 0x0000007005600000, 0x0000007005700000|  0%| F|  |TAMS 0x0000007005600000, 0x0000007005600000| Untracked 
|  79|0x0000007005700000, 0x0000007005700000, 0x0000007005800000|  0%| F|  |TAMS 0x0000007005700000, 0x0000007005700000| Untracked 
|  80|0x0000007005800000, 0x0000007005800000, 0x0000007005900000|  0%| F|  |TAMS 0x0000007005800000, 0x0000007005800000| Untracked 
|  81|0x0000007005900000, 0x0000007005900000, 0x0000007005a00000|  0%| F|  |TAMS 0x0000007005900000, 0x0000007005900000| Untracked 
|  82|0x0000007005a00000, 0x0000007005a00000, 0x0000007005b00000|  0%| F|  |TAMS 0x0000007005a00000, 0x0000007005a00000| Untracked 
|  83|0x0000007005b00000, 0x0000007005b00000, 0x0000007005c00000|  0%| F|  |TAMS 0x0000007005b00000, 0x0000007005b00000| Untracked 
|  84|0x0000007005c00000, 0x0000007005c00000, 0x0000007005d00000|  0%| F|  |TAMS 0x0000007005c00000, 0x0000007005c00000| Untracked 
|  85|0x0000007005d00000, 0x0000007005d00000, 0x0000007005e00000|  0%| F|  |TAMS 0x0000007005d00000, 0x0000007005d00000| Untracked 
|  86|0x0000007005e00000, 0x0000007005e00000, 0x0000007005f00000|  0%| F|  |TAMS 0x0000007005e00000, 0x0000007005e00000| Untracked 
|  87|0x0000007005f00000, 0x0000007005f00000, 0x0000007006000000|  0%| F|  |TAMS 0x0000007005f00000, 0x0000007005f00000| Untracked 
|  88|0x0000007006000000, 0x0000007006000000, 0x0000007006100000|  0%| F|  |TAMS 0x0000007006000000, 0x0000007006000000| Untracked 
|  89|0x0000007006100000, 0x0000007006100000, 0x0000007006200000|  0%| F|  |TAMS 0x0000007006100000, 0x0000007006100000| Untracked 
|  90|0x0000007006200000, 0x0000007006200000, 0x0000007006300000|  0%| F|  |TAMS 0x0000007006200000, 0x0000007006200000| Untracked 
|  91|0x0000007006300000, 0x0000007006300000, 0x0000007006400000|  0%| F|  |TAMS 0x0000007006300000, 0x0000007006300000| Untracked 
|  92|0x0000007006400000, 0x0000007006400000, 0x0000007006500000|  0%| F|  |TAMS 0x0000007006400000, 0x0000007006400000| Untracked 
|  93|0x0000007006500000, 0x0000007006500000, 0x0000007006600000|  0%| F|  |TAMS 0x0000007006500000, 0x0000007006500000| Untracked 
|  94|0x0000007006600000, 0x0000007006600000, 0x0000007006700000|  0%| F|  |TAMS 0x0000007006600000, 0x0000007006600000| Untracked 
|  95|0x0000007006700000, 0x0000007006700000, 0x0000007006800000|  0%| F|  |TAMS 0x0000007006700000, 0x0000007006700000| Untracked 
|  96|0x0000007006800000, 0x0000007006800000, 0x0000007006900000|  0%| F|  |TAMS 0x0000007006800000, 0x0000007006800000| Untracked 
|  97|0x0000007006900000, 0x0000007006900000, 0x0000007006a00000|  0%| F|  |TAMS 0x0000007006900000, 0x0000007006900000| Untracked 
|  98|0x0000007006a00000, 0x0000007006a00000, 0x0000007006b00000|  0%| F|  |TAMS 0x0000007006a00000, 0x0000007006a00000| Untracked 
|  99|0x0000007006b00000, 0x0000007006b00000, 0x0000007006c00000|  0%| F|  |TAMS 0x0000007006b00000, 0x0000007006b00000| Untracked 
| 100|0x0000007006c00000, 0x0000007006c00000, 0x0000007006d00000|  0%| F|  |TAMS 0x0000007006c00000, 0x0000007006c00000| Untracked 
| 101|0x0000007006d00000, 0x0000007006d00000, 0x0000007006e00000|  0%| F|  |TAMS 0x0000007006d00000, 0x0000007006d00000| Untracked 
| 102|0x0000007006e00000, 0x0000007006e00000, 0x0000007006f00000|  0%| F|  |TAMS 0x0000007006e00000, 0x0000007006e00000| Untracked 
| 103|0x0000007006f00000, 0x0000007006f00000, 0x0000007007000000|  0%| F|  |TAMS 0x0000007006f00000, 0x0000007006f00000| Untracked 
| 104|0x0000007007000000, 0x0000007007000000, 0x0000007007100000|  0%| F|  |TAMS 0x0000007007000000, 0x0000007007000000| Untracked 
| 105|0x0000007007100000, 0x0000007007100000, 0x0000007007200000|  0%| F|  |TAMS 0x0000007007100000, 0x0000007007100000| Untracked 
| 106|0x0000007007200000, 0x0000007007200000, 0x0000007007300000|  0%| F|  |TAMS 0x0000007007200000, 0x0000007007200000| Untracked 
| 107|0x0000007007300000, 0x0000007007300000, 0x0000007007400000|  0%| F|  |TAMS 0x0000007007300000, 0x0000007007300000| Untracked 
| 108|0x0000007007400000, 0x0000007007400000, 0x0000007007500000|  0%| F|  |TAMS 0x0000007007400000, 0x0000007007400000| Untracked 
| 109|0x0000007007500000, 0x0000007007500000, 0x0000007007600000|  0%| F|  |TAMS 0x0000007007500000, 0x0000007007500000| Untracked 
| 110|0x0000007007600000, 0x0000007007600000, 0x0000007007700000|  0%| F|  |TAMS 0x0000007007600000, 0x0000007007600000| Untracked 
| 111|0x0000007007700000, 0x0000007007700000, 0x0000007007800000|  0%| F|  |TAMS 0x0000007007700000, 0x0000007007700000| Untracked 
| 112|0x0000007007800000, 0x0000007007800000, 0x0000007007900000|  0%| F|  |TAMS 0x0000007007800000, 0x0000007007800000| Untracked 
| 113|0x0000007007900000, 0x0000007007900000, 0x0000007007a00000|  0%| F|  |TAMS 0x0000007007900000, 0x0000007007900000| Untracked 
| 114|0x0000007007a00000, 0x0000007007a00000, 0x0000007007b00000|  0%| F|  |TAMS 0x0000007007a00000, 0x0000007007a00000| Untracked 
| 115|0x0000007007b00000, 0x0000007007c00000, 0x0000007007c00000|100%| E|  |TAMS 0x0000007007b00000, 0x0000007007b00000| Complete 
| 116|0x0000007007c00000, 0x0000007007d00000, 0x0000007007d00000|100%| E|CS|TAMS 0x0000007007c00000, 0x0000007007c00000| Complete 
| 117|0x0000007007d00000, 0x0000007007e00000, 0x0000007007e00000|100%| E|CS|TAMS 0x0000007007d00000, 0x0000007007d00000| Complete 
| 118|0x0000007007e00000, 0x0000007007f00000, 0x0000007007f00000|100%| E|CS|TAMS 0x0000007007e00000, 0x0000007007e00000| Complete 
| 119|0x0000007007f00000, 0x0000007008000000, 0x0000007008000000|100%| E|CS|TAMS 0x0000007007f00000, 0x0000007007f00000| Complete 
| 120|0x0000007008000000, 0x0000007008100000, 0x0000007008100000|100%| E|CS|TAMS 0x0000007008000000, 0x0000007008000000| Complete 
| 121|0x0000007008100000, 0x0000007008200000, 0x0000007008200000|100%| E|CS|TAMS 0x0000007008100000, 0x0000007008100000| Complete 
| 122|0x0000007008200000, 0x0000007008300000, 0x0000007008300000|100%| E|CS|TAMS 0x0000007008200000, 0x0000007008200000| Complete 
| 123|0x0000007008300000, 0x0000007008400000, 0x0000007008400000|100%| E|CS|TAMS 0x0000007008300000, 0x0000007008300000| Complete 
| 124|0x0000007008400000, 0x0000007008500000, 0x0000007008500000|100%| E|CS|TAMS 0x0000007008400000, 0x0000007008400000| Complete 
| 125|0x0000007008500000, 0x0000007008600000, 0x0000007008600000|100%| E|CS|TAMS 0x0000007008500000, 0x0000007008500000| Complete 
| 126|0x0000007008600000, 0x0000007008700000, 0x0000007008700000|100%| E|CS|TAMS 0x0000007008600000, 0x0000007008600000| Complete 
| 127|0x0000007008700000, 0x0000007008800000, 0x0000007008800000|100%| E|CS|TAMS 0x0000007008700000, 0x0000007008700000| Complete 
| 128|0x0000007008800000, 0x0000007008900000, 0x0000007008900000|100%| E|CS|TAMS 0x0000007008800000, 0x0000007008800000| Complete 
| 129|0x0000007008900000, 0x0000007008a00000, 0x0000007008a00000|100%| E|CS|TAMS 0x0000007008900000, 0x0000007008900000| Complete 
| 130|0x0000007008a00000, 0x0000007008b00000, 0x0000007008b00000|100%| E|CS|TAMS 0x0000007008a00000, 0x0000007008a00000| Complete 
| 131|0x0000007008b00000, 0x0000007008c00000, 0x0000007008c00000|100%| E|CS|TAMS 0x0000007008b00000, 0x0000007008b00000| Complete 
| 132|0x0000007008c00000, 0x0000007008d00000, 0x0000007008d00000|100%| E|CS|TAMS 0x0000007008c00000, 0x0000007008c00000| Complete 
| 133|0x0000007008d00000, 0x0000007008e00000, 0x0000007008e00000|100%| E|CS|TAMS 0x0000007008d00000, 0x0000007008d00000| Complete 
| 134|0x0000007008e00000, 0x0000007008f00000, 0x0000007008f00000|100%| E|CS|TAMS 0x0000007008e00000, 0x0000007008e00000| Complete 
| 135|0x0000007008f00000, 0x0000007009000000, 0x0000007009000000|100%| E|CS|TAMS 0x0000007008f00000, 0x0000007008f00000| Complete 
| 136|0x0000007009000000, 0x0000007009100000, 0x0000007009100000|100%| E|CS|TAMS 0x0000007009000000, 0x0000007009000000| Complete 
| 137|0x0000007009100000, 0x0000007009200000, 0x0000007009200000|100%| E|CS|TAMS 0x0000007009100000, 0x0000007009100000| Complete 
| 138|0x0000007009200000, 0x0000007009300000, 0x0000007009300000|100%| E|CS|TAMS 0x0000007009200000, 0x0000007009200000| Complete 
| 139|0x0000007009300000, 0x0000007009400000, 0x0000007009400000|100%| E|CS|TAMS 0x0000007009300000, 0x0000007009300000| Complete 
| 140|0x0000007009400000, 0x0000007009500000, 0x0000007009500000|100%| E|CS|TAMS 0x0000007009400000, 0x0000007009400000| Complete 
| 141|0x0000007009500000, 0x0000007009600000, 0x0000007009600000|100%| E|CS|TAMS 0x0000007009500000, 0x0000007009500000| Complete 
| 142|0x0000007009600000, 0x0000007009700000, 0x0000007009700000|100%| E|CS|TAMS 0x0000007009600000, 0x0000007009600000| Complete 
| 143|0x0000007009700000, 0x0000007009800000, 0x0000007009800000|100%| E|CS|TAMS 0x0000007009700000, 0x0000007009700000| Complete 
| 144|0x0000007009800000, 0x0000007009900000, 0x0000007009900000|100%| E|CS|TAMS 0x0000007009800000, 0x0000007009800000| Complete 
| 145|0x0000007009900000, 0x0000007009a00000, 0x0000007009a00000|100%| E|CS|TAMS 0x0000007009900000, 0x0000007009900000| Complete 
| 146|0x0000007009a00000, 0x0000007009b00000, 0x0000007009b00000|100%| E|CS|TAMS 0x0000007009a00000, 0x0000007009a00000| Complete 
| 147|0x0000007009b00000, 0x0000007009c00000, 0x0000007009c00000|100%| E|CS|TAMS 0x0000007009b00000, 0x0000007009b00000| Complete 
| 148|0x0000007009c00000, 0x0000007009d00000, 0x0000007009d00000|100%| E|CS|TAMS 0x0000007009c00000, 0x0000007009c00000| Complete 
| 149|0x0000007009d00000, 0x0000007009e00000, 0x0000007009e00000|100%| E|CS|TAMS 0x0000007009d00000, 0x0000007009d00000| Complete 
| 150|0x0000007009e00000, 0x0000007009f00000, 0x0000007009f00000|100%| E|CS|TAMS 0x0000007009e00000, 0x0000007009e00000| Complete 
| 151|0x0000007009f00000, 0x000000700a000000, 0x000000700a000000|100%| E|CS|TAMS 0x0000007009f00000, 0x0000007009f00000| Complete 
| 152|0x000000700a000000, 0x000000700a100000, 0x000000700a100000|100%| E|CS|TAMS 0x000000700a000000, 0x000000700a000000| Complete 
| 153|0x000000700a100000, 0x000000700a200000, 0x000000700a200000|100%| E|CS|TAMS 0x000000700a100000, 0x000000700a100000| Complete 
| 154|0x000000700a200000, 0x000000700a300000, 0x000000700a300000|100%| E|CS|TAMS 0x000000700a200000, 0x000000700a200000| Complete 
| 155|0x000000700a300000, 0x000000700a400000, 0x000000700a400000|100%| E|CS|TAMS 0x000000700a300000, 0x000000700a300000| Complete 
| 156|0x000000700a400000, 0x000000700a500000, 0x000000700a500000|100%| E|CS|TAMS 0x000000700a400000, 0x000000700a400000| Complete 
| 157|0x000000700a500000, 0x000000700a600000, 0x000000700a600000|100%| E|CS|TAMS 0x000000700a500000, 0x000000700a500000| Complete 
| 158|0x000000700a600000, 0x000000700a700000, 0x000000700a700000|100%| E|CS|TAMS 0x000000700a600000, 0x000000700a600000| Complete 
| 159|0x000000700a700000, 0x000000700a800000, 0x000000700a800000|100%| E|CS|TAMS 0x000000700a700000, 0x000000700a700000| Complete 
| 160|0x000000700a800000, 0x000000700a900000, 0x000000700a900000|100%| E|CS|TAMS 0x000000700a800000, 0x000000700a800000| Complete 
| 161|0x000000700a900000, 0x000000700aa00000, 0x000000700aa00000|100%| E|CS|TAMS 0x000000700a900000, 0x000000700a900000| Complete 
| 162|0x000000700aa00000, 0x000000700ab00000, 0x000000700ab00000|100%| E|CS|TAMS 0x000000700aa00000, 0x000000700aa00000| Complete 
| 163|0x000000700ab00000, 0x000000700ac00000, 0x000000700ac00000|100%| E|CS|TAMS 0x000000700ab00000, 0x000000700ab00000| Complete 
| 164|0x000000700ac00000, 0x000000700ad00000, 0x000000700ad00000|100%| E|CS|TAMS 0x000000700ac00000, 0x000000700ac00000| Complete 
| 165|0x000000700ad00000, 0x000000700ae00000, 0x000000700ae00000|100%| E|CS|TAMS 0x000000700ad00000, 0x000000700ad00000| Complete 
| 166|0x000000700ae00000, 0x000000700af00000, 0x000000700af00000|100%| E|CS|TAMS 0x000000700ae00000, 0x000000700ae00000| Complete 
| 167|0x000000700af00000, 0x000000700b000000, 0x000000700b000000|100%| E|CS|TAMS 0x000000700af00000, 0x000000700af00000| Complete 
| 168|0x000000700b000000, 0x000000700b100000, 0x000000700b100000|100%| E|CS|TAMS 0x000000700b000000, 0x000000700b000000| Complete 
|2046|0x0000007080600000, 0x0000007080678000, 0x0000007080700000| 46%|OA|  |TAMS 0x0000007080678000, 0x0000007080678000| Untracked 
|2047|0x0000007080700000, 0x0000007080780000, 0x0000007080800000| 50%|CA|  |TAMS 0x0000007080780000, 0x0000007080780000| Untracked 

Card table byte_map: [0x000000010310c000,0x000000010350c000] _byte_map_base: 0x00000000cb108000

Marking Bits (Prev, Next): (CMBitMap*) 0x000000012f82a010, (CMBitMap*) 0x000000012f82a050
 Prev Bits: [0x000000011b370000, 0x000000011d370000)
 Next Bits: [0x000000011d370000, 0x000000011f370000)

Polling page: 0x000000010289c000

Metaspace:

Usage:
  Non-class:     52.12 MB used.
      Class:      6.27 MB used.
       Both:     58.39 MB used.

Virtual space:
  Non-class space:       64.00 MB reserved,      52.25 MB ( 82%) committed,  1 nodes.
      Class space:        1.00 GB reserved,       6.38 MB ( <1%) committed,  1 nodes.
             Both:        1.06 GB reserved,      58.62 MB (  5%) committed. 

Chunk freelists:
   Non-Class:  11.23 MB
       Class:  9.50 MB
        Both:  20.73 MB

MaxMetaspaceSize: unlimited
CompressedClassSpaceSize: 1.00 GB
Initial GC threshold: 21.00 MB
Current GC threshold: 59.19 MB
CDS: on
MetaspaceReclaimPolicy: balanced
 - commit_granule_bytes: 65536.
 - commit_granule_words: 8192.
 - virtual_space_node_default_size: 8388608.
 - enlarge_chunks_in_place: 1.
 - new_chunks_are_fully_committed: 0.
 - uncommit_free_chunks: 1.
 - use_allocation_guard: 0.
 - handle_deallocations: 1.


Internal statistics:

num_allocs_failed_limit: 6.
num_arena_births: 244.
num_arena_deaths: 0.
num_vsnodes_births: 2.
num_vsnodes_deaths: 0.
num_space_committed: 938.
num_space_uncommitted: 0.
num_chunks_returned_to_freelist: 6.
num_chunks_taken_from_freelist: 1796.
num_chunk_merges: 6.
num_chunk_splits: 1541.
num_chunks_enlarged: 1395.
num_inconsistent_stats: 0.

CodeHeap 'non-profiled nmethods': size=120032Kb used=3490Kb max_used=3490Kb free=116541Kb
 bounds [0x0000000113e38000, 0x00000001141a8000, 0x000000011b370000]
CodeHeap 'profiled nmethods': size=120016Kb used=13733Kb max_used=13733Kb free=106282Kb
 bounds [0x000000010c370000, 0x000000010d0e0000, 0x00000001138a4000]
CodeHeap 'non-nmethods': size=5712Kb used=2011Kb max_used=2116Kb free=3700Kb
 bounds [0x00000001138a4000, 0x0000000113b14000, 0x0000000113e38000]
 total_blobs=7769 nmethods=6204 adapters=1481
 compilation: enabled
              stopped_count=0, restarted_count=0
 full_count=0

Compilation events (20 events):
Event: 41.144 Thread 0x000000012f8b2a00 nmethod 7302 0x000000010d0d3e10 code [0x000000010d0d3fc0, 0x000000010d0d4298]
Event: 41.144 Thread 0x000000012f8b2a00 7304       3       kotlinx.coroutines.JobSupport::createCauseException (74 bytes)
Event: 41.145 Thread 0x000000012f8b2a00 nmethod 7304 0x000000010d0d4410 code [0x000000010d0d4700, 0x000000010d0d5378]
Event: 41.145 Thread 0x000000012f8b2a00 7306       3       androidx.compose.ui.scene.ComposeSceneMediator$DesktopSemanticsOwnerListener::onSemanticsChange (29 bytes)
Event: 41.146 Thread 0x000000012f8b2a00 nmethod 7306 0x000000010d0d5790 code [0x000000010d0d5ac0, 0x000000010d0d67e8]
Event: 41.146 Thread 0x000000012f8b2a00 7307       3       androidx.compose.runtime.SlotWriter::getSlotsSize (11 bytes)
Event: 41.146 Thread 0x000000012f8b2a00 nmethod 7307 0x000000010d0d6c90 code [0x000000010d0d6e40, 0x000000010d0d6f58]
Event: 41.146 Thread 0x000000012f8b2a00 7308       3       androidx.compose.ui.node.NodeCoordinator::onRelease (20 bytes)
Event: 41.147 Thread 0x000000012f8b2a00 nmethod 7308 0x000000010d0d7010 code [0x000000010d0d71c0, 0x000000010d0d7438]
Event: 41.147 Thread 0x000000012f8b2a00 7309       3       java.lang.invoke.BoundMethodHandle::editor (8 bytes)
Event: 41.147 Thread 0x000000012f8b2a00 nmethod 7309 0x000000010d0d7510 code [0x000000010d0d7700, 0x000000010d0d7ac8]
Event: 41.165 Thread 0x000000012f8b2a00 7311       3       androidx.compose.ui.node.LayoutNode::getZSortedChildren (56 bytes)
Event: 41.166 Thread 0x000000012f8b2a00 nmethod 7311 0x000000010d0d7c90 code [0x000000010d0d8080, 0x000000010d0d9028]
Event: 41.167 Thread 0x000000012f8b2a00 7310       1       androidx.compose.runtime.BroadcastFrameClock::access$getHasAwaitersUnlocked$p (5 bytes)
Event: 41.167 Thread 0x000000012f8b2a00 nmethod 7310 0x000000011419ad10 code [0x000000011419ae80, 0x000000011419af18]
Event: 41.181 Thread 0x000000012f8b2400 nmethod 7301 0x000000011419b010 code [0x000000011419b500, 0x000000011419d370]
Event: 41.181 Thread 0x000000012f8b2400 7303       4       androidx.compose.ui.platform.RenderNodeLayer::invalidate (75 bytes)
Event: 41.186 Thread 0x000000012f8b2400 nmethod 7303 0x000000011419e890 code [0x000000011419ed00, 0x000000011419fac0]
Event: 41.186 Thread 0x000000012f8b2400 7305       4       kotlinx.coroutines.JobSupportKt::access$getCOMPLETING_RETRY$p (4 bytes)
Event: 41.187 Thread 0x000000012f8b2400 nmethod 7305 0x00000001141a0710 code [0x00000001141a0880, 0x00000001141a08d0]

GC Heap History (20 events):
Event: 30.167 GC heap before
{Heap before GC invocations=20 (full 0):
 garbage-first heap   total 175104K, used 170157K [0x0000007000800000, 0x0000007080800000)
  region size 1024K, 101 young (103424K), 1 survivors (1024K)
 Metaspace       used 59385K, committed 59712K, reserved 1114112K
  class space    used 6408K, committed 6528K, reserved 1048576K
}
Event: 30.168 GC heap after
{Heap after GC invocations=21 (full 0):
 garbage-first heap   total 175104K, used 24511K [0x0000007000800000, 0x0000007080800000)
  region size 1024K, 1 young (1024K), 1 survivors (1024K)
 Metaspace       used 59385K, committed 59712K, reserved 1114112K
  class space    used 6408K, committed 6528K, reserved 1048576K
}
Event: 31.167 GC heap before
{Heap before GC invocations=21 (full 0):
 garbage-first heap   total 175104K, used 169919K [0x0000007000800000, 0x0000007080800000)
  region size 1024K, 100 young (102400K), 1 survivors (1024K)
 Metaspace       used 59455K, committed 59712K, reserved 1114112K
  class space    used 6415K, committed 6528K, reserved 1048576K
}
Event: 31.168 GC heap after
{Heap after GC invocations=22 (full 0):
 garbage-first heap   total 175104K, used 24525K [0x0000007000800000, 0x0000007080800000)
  region size 1024K, 1 young (1024K), 1 survivors (1024K)
 Metaspace       used 59455K, committed 59712K, reserved 1114112K
  class space    used 6415K, committed 6528K, reserved 1048576K
}
Event: 32.166 GC heap before
{Heap before GC invocations=22 (full 0):
 garbage-first heap   total 175104K, used 169933K [0x0000007000800000, 0x0000007080800000)
  region size 1024K, 102 young (104448K), 1 survivors (1024K)
 Metaspace       used 59493K, committed 59776K, reserved 1114112K
  class space    used 6415K, committed 6528K, reserved 1048576K
}
Event: 32.167 GC heap after
{Heap after GC invocations=23 (full 0):
 garbage-first heap   total 175104K, used 23508K [0x0000007000800000, 0x0000007080800000)
  region size 1024K, 1 young (1024K), 1 survivors (1024K)
 Metaspace       used 59493K, committed 59776K, reserved 1114112K
  class space    used 6415K, committed 6528K, reserved 1048576K
}
Event: 33.119 GC heap before
{Heap before GC invocations=23 (full 0):
 garbage-first heap   total 175104K, used 169940K [0x0000007000800000, 0x0000007080800000)
  region size 1024K, 102 young (104448K), 1 survivors (1024K)
 Metaspace       used 59504K, committed 59776K, reserved 1114112K
  class space    used 6415K, committed 6528K, reserved 1048576K
}
Event: 33.120 GC heap after
{Heap after GC invocations=24 (full 0):
 garbage-first heap   total 175104K, used 23767K [0x0000007000800000, 0x0000007080800000)
  region size 1024K, 1 young (1024K), 1 survivors (1024K)
 Metaspace       used 59504K, committed 59776K, reserved 1114112K
  class space    used 6415K, committed 6528K, reserved 1048576K
}
Event: 34.106 GC heap before
{Heap before GC invocations=24 (full 0):
 garbage-first heap   total 175104K, used 170199K [0x0000007000800000, 0x0000007080800000)
  region size 1024K, 101 young (103424K), 1 survivors (1024K)
 Metaspace       used 59512K, committed 59776K, reserved 1114112K
  class space    used 6415K, committed 6528K, reserved 1048576K
}
Event: 34.107 GC heap after
{Heap after GC invocations=25 (full 0):
 garbage-first heap   total 175104K, used 24537K [0x0000007000800000, 0x0000007080800000)
  region size 1024K, 1 young (1024K), 1 survivors (1024K)
 Metaspace       used 59512K, committed 59776K, reserved 1114112K
  class space    used 6415K, committed 6528K, reserved 1048576K
}
Event: 35.106 GC heap before
{Heap before GC invocations=25 (full 0):
 garbage-first heap   total 175104K, used 169945K [0x0000007000800000, 0x0000007080800000)
  region size 1024K, 100 young (102400K), 1 survivors (1024K)
 Metaspace       used 59563K, committed 59840K, reserved 1114112K
  class space    used 6415K, committed 6528K, reserved 1048576K
}
Event: 35.107 GC heap after
{Heap after GC invocations=26 (full 0):
 garbage-first heap   total 175104K, used 24529K [0x0000007000800000, 0x0000007080800000)
  region size 1024K, 1 young (1024K), 1 survivors (1024K)
 Metaspace       used 59563K, committed 59840K, reserved 1114112K
  class space    used 6415K, committed 6528K, reserved 1048576K
}
Event: 36.103 GC heap before
{Heap before GC invocations=26 (full 0):
 garbage-first heap   total 175104K, used 169937K [0x0000007000800000, 0x0000007080800000)
  region size 1024K, 101 young (103424K), 1 survivors (1024K)
 Metaspace       used 59576K, committed 59840K, reserved 1114112K
  class space    used 6415K, committed 6528K, reserved 1048576K
}
Event: 36.105 GC heap after
{Heap after GC invocations=27 (full 0):
 garbage-first heap   total 175104K, used 23516K [0x0000007000800000, 0x0000007080800000)
  region size 1024K, 1 young (1024K), 1 survivors (1024K)
 Metaspace       used 59576K, committed 59840K, reserved 1114112K
  class space    used 6415K, committed 6528K, reserved 1048576K
}
Event: 37.050 GC heap before
{Heap before GC invocations=27 (full 0):
 garbage-first heap   total 175104K, used 169948K [0x0000007000800000, 0x0000007080800000)
  region size 1024K, 102 young (104448K), 1 survivors (1024K)
 Metaspace       used 59607K, committed 59840K, reserved 1114112K
  class space    used 6415K, committed 6528K, reserved 1048576K
}
Event: 37.051 GC heap after
{Heap after GC invocations=28 (full 0):
 garbage-first heap   total 175104K, used 23803K [0x0000007000800000, 0x0000007080800000)
  region size 1024K, 1 young (1024K), 1 survivors (1024K)
 Metaspace       used 59607K, committed 59840K, reserved 1114112K
  class space    used 6415K, committed 6528K, reserved 1048576K
}
Event: 38.040 GC heap before
{Heap before GC invocations=28 (full 0):
 garbage-first heap   total 175104K, used 170235K [0x0000007000800000, 0x0000007080800000)
  region size 1024K, 101 young (103424K), 1 survivors (1024K)
 Metaspace       used 59616K, committed 59904K, reserved 1114112K
  class space    used 6415K, committed 6528K, reserved 1048576K
}
Event: 38.041 GC heap after
{Heap after GC invocations=29 (full 0):
 garbage-first heap   total 175104K, used 23746K [0x0000007000800000, 0x0000007080800000)
  region size 1024K, 1 young (1024K), 1 survivors (1024K)
 Metaspace       used 59616K, committed 59904K, reserved 1114112K
  class space    used 6415K, committed 6528K, reserved 1048576K
}
Event: 39.037 GC heap before
{Heap before GC invocations=29 (full 0):
 garbage-first heap   total 175104K, used 170178K [0x0000007000800000, 0x0000007080800000)
  region size 1024K, 101 young (103424K), 1 survivors (1024K)
 Metaspace       used 59660K, committed 59904K, reserved 1114112K
  class space    used 6415K, committed 6528K, reserved 1048576K
}
Event: 39.038 GC heap after
{Heap after GC invocations=30 (full 0):
 garbage-first heap   total 175104K, used 24545K [0x0000007000800000, 0x0000007080800000)
  region size 1024K, 1 young (1024K), 1 survivors (1024K)
 Metaspace       used 59660K, committed 59904K, reserved 1114112K
  class space    used 6415K, committed 6528K, reserved 1048576K
}

Deoptimization events (20 events):
Event: 40.302 Thread 0x000000012e009e00 Uncommon trap: trap_request=0xffffff6e fr.pc=0x0000000114176e00 relative=0x0000000000001c40
Event: 40.302 Thread 0x000000012e009e00 Uncommon trap: reason=loop_limit_check action=maybe_recompile pc=0x0000000114176e00 method=androidx.compose.runtime.Recomposer$recompositionRunner$2$unregisterApplyObserver$1.invoke(Ljava/util/Set;Landroidx/compose/runtime/snapshots/Snapshot;)V @ 137 c2
Event: 40.302 Thread 0x000000012e009e00 DEOPT PACKING pc=0x0000000114176e00 sp=0x000000017d531ca0
Event: 40.302 Thread 0x000000012e009e00 DEOPT UNPACKING pc=0x00000001138e2d1c sp=0x000000017d531b60 mode 2
Event: 40.825 Thread 0x000000012e009e00 Uncommon trap: trap_request=0xffffffc6 fr.pc=0x0000000113ffc384 relative=0x0000000000000644
Event: 40.825 Thread 0x000000012e009e00 Uncommon trap: reason=bimorphic_or_optimized_type_check action=maybe_recompile pc=0x0000000113ffc384 method=kotlin.coroutines.CombinedContext.minusKey(Lkotlin/coroutines/CoroutineContext$Key;)Lkotlin/coroutines/CoroutineContext; @ 35 c2
Event: 40.825 Thread 0x000000012e009e00 DEOPT PACKING pc=0x0000000113ffc384 sp=0x000000017d52f2a0
Event: 40.825 Thread 0x000000012e009e00 DEOPT UNPACKING pc=0x00000001138e2d1c sp=0x000000017d52f220 mode 2
Event: 40.835 Thread 0x000000012e009e00 Uncommon trap: trap_request=0xffffff45 fr.pc=0x0000000113fee974 relative=0x00000000000000f4
Event: 40.835 Thread 0x000000012e009e00 Uncommon trap: reason=unstable_if action=reinterpret pc=0x0000000113fee974 method=androidx.compose.ui.node.LayoutNode.updateChildrenIfDirty$ui()V @ 4 c2
Event: 40.835 Thread 0x000000012e009e00 DEOPT PACKING pc=0x0000000113fee974 sp=0x000000017d531050
Event: 40.835 Thread 0x000000012e009e00 DEOPT UNPACKING pc=0x00000001138e2d1c sp=0x000000017d530f10 mode 2
Event: 40.839 Thread 0x0000000131e27c00 Uncommon trap: trap_request=0xffffff45 fr.pc=0x000000011409859c relative=0x00000000000001dc
Event: 40.839 Thread 0x0000000131e27c00 Uncommon trap: reason=unstable_if action=reinterpret pc=0x000000011409859c method=java.util.ArrayDeque.addLast(Ljava/lang/Object;)V @ 42 c2
Event: 40.839 Thread 0x0000000131e27c00 DEOPT PACKING pc=0x000000011409859c sp=0x0000007090205580
Event: 40.839 Thread 0x0000000131e27c00 DEOPT UNPACKING pc=0x00000001138e2d1c sp=0x00000070902054a0 mode 2
Event: 41.057 Thread 0x0000007083023200 Uncommon trap: trap_request=0xffffff5c fr.pc=0x000000011419a788 relative=0x00000000000000c8
Event: 41.057 Thread 0x0000007083023200 Uncommon trap: reason=speculate_null_check action=make_not_entrant pc=0x000000011419a788 method=org.jetbrains.skia.impl.NativeKt.getPtr(Lorg/jetbrains/skia/impl/Native;)J @ 2 c2
Event: 41.057 Thread 0x0000007083023200 DEOPT PACKING pc=0x000000011419a788 sp=0x000000017f712270
Event: 41.057 Thread 0x0000007083023200 DEOPT UNPACKING pc=0x00000001138e2d1c sp=0x000000017f712180 mode 2

Classes unloaded (0 events):
No events

Classes redefined (0 events):
No events

Internal exceptions (20 events):
Event: 20.623 Thread 0x000000012e009e00 Exception <a 'java/lang/NoClassDefFoundError'{0x0000007007193c90}: org/apache/logging/log4j/spi/ExtendedLoggerWrapper> (0x0000007007193c90) 
thrown [open/src/hotspot/share/classfile/systemDictionary.cpp, line 245]
Event: 20.623 Thread 0x000000012e009e00 Exception <a 'java/lang/NoClassDefFoundError'{0x00000070071a0260}: org/apache/log4j/Priority> (0x00000070071a0260) 
thrown [open/src/hotspot/share/classfile/systemDictionary.cpp, line 245]
Event: 20.644 Thread 0x000000012e009e00 Exception <a 'java/lang/UnsatisfiedLinkError'{0x00000070070f9d90}: 'int io.grpc.netty.shaded.io.netty.channel.epoll.Native.offsetofEpollData()'> (0x00000070070f9d90) 
thrown [open/src/hotspot/share/prims/nativeLookup.cpp, line 543]
Event: 20.647 Thread 0x000000012e009e00 Exception <a 'java/lang/ExceptionInInitializerError'{0x00000070070fd260}> (0x00000070070fd260) 
thrown [open/src/hotspot/share/oops/instanceKlass.cpp, line 1221]
Event: 20.670 Thread 0x000000012e009e00 Exception <a 'java/lang/reflect/InvocationTargetException'{0x0000007003996640}> (0x0000007003996640) 
thrown [open/src/hotspot/share/runtime/reflection.cpp, line 1121]
Event: 20.698 Thread 0x000000012e009e00 Exception <a 'java/lang/NoSuchMethodError'{0x00000070039b3cc8}: 'java.lang.Object java.lang.invoke.DirectMethodHandle$Holder.invokeStaticInit(java.lang.Object, java.lang.Object, long, java.lang.Object)'> (0x00000070039b3cc8) 
thrown [open/src/hotspot/share/interpreter/linkResolver.cpp, line 759]
Event: 20.698 Thread 0x000000012e009e00 Exception <a 'java/lang/NoSuchMethodError'{0x00000070039ba508}: 'java.lang.Object java.lang.invoke.DirectMethodHandle$Holder.newInvokeSpecial(java.lang.Object, java.lang.Object, long)'> (0x00000070039ba508) 
thrown [open/src/hotspot/share/interpreter/linkResolver.cpp, line 759]
Event: 20.699 Thread 0x000000012e009e00 Exception <a 'java/lang/NoSuchMethodError'{0x00000070039be5c8}: 'java.lang.Object java.lang.invoke.Invokers$Holder.linkToTargetMethod(java.lang.Object, long, java.lang.Object)'> (0x00000070039be5c8) 
thrown [open/src/hotspot/share/interpreter/linkResolver.cpp, line 759]
Event: 20.699 Thread 0x000000012e009e00 Exception <a 'java/lang/NoSuchMethodError'{0x00000070039c8b08}: 'java.lang.Object java.lang.invoke.DirectMethodHandle$Holder.newInvokeSpecial(java.lang.Object, java.lang.Object, java.lang.Object, int)'> (0x00000070039c8b08) 
thrown [open/src/hotspot/share/interpreter/linkResolver.cpp, line 759]
Event: 20.699 Thread 0x000000012e009e00 Exception <a 'java/lang/NoSuchMethodError'{0x00000070039cd438}: 'java.lang.Object java.lang.invoke.DirectMethodHandle$Holder.invokeSpecial(java.lang.Object, java.lang.Object, java.lang.Object, java.lang.Object, int)'> (0x00000070039cd438) 
thrown [open/src/hotspot/share/interpreter/linkResolver.cpp, line 759]
Event: 20.699 Thread 0x000000012e009e00 Exception <a 'java/lang/NoSuchMethodError'{0x00000070039d1550}: 'java.lang.Object java.lang.invoke.Invokers$Holder.linkToTargetMethod(java.lang.Object, java.lang.Object, int, java.lang.Object)'> (0x00000070039d1550) 
thrown [open/src/hotspot/share/interpreter/linkResolver.cpp, line 759]
Event: 21.280 Thread 0x000000012e009e00 Exception <a 'java/lang/ClassNotFoundException'{0x000000700305fb80}: com/sun/security/cert/internal/x509/X509V1CertImpl> (0x000000700305fb80) 
thrown [open/src/hotspot/share/classfile/systemDictionary.cpp, line 256]
Event: 21.393 Thread 0x00000070808bb600 Exception <a 'sun/nio/fs/UnixException'{0x0000007003703378}> (0x0000007003703378) 
thrown [open/src/hotspot/share/prims/jni.cpp, line 516]
Event: 21.575 Thread 0x00000070808bb600 Implicit null exception at 0x000000011405d7c8 to 0x000000011405ebe4
Event: 21.901 Thread 0x00000070808bb600 Exception <a 'java/lang/NullPointerException'{0x0000007003a55868}> (0x0000007003a55868) 
thrown [open/src/hotspot/share/interpreter/linkResolver.cpp, line 1433]
Event: 21.910 Thread 0x00000070808bb600 Exception <a 'java/lang/NoSuchMethodError'{0x00000070039985d0}: 'java.lang.Object java.lang.invoke.DirectMethodHandle$Holder.newInvokeSpecial(java.lang.Object, java.lang.Object, int, int)'> (0x00000070039985d0) 
thrown [open/src/hotspot/share/interpreter/linkResolver.cpp, line 759]
Event: 22.131 Thread 0x000000012e009e00 Exception <a 'java/lang/NoSuchMethodError'{0x0000007002fe7d10}: 'void java.lang.invoke.DirectMethodHandle$Holder.invokeStatic(java.lang.Object, java.lang.Object, java.lang.Object, java.lang.Object)'> (0x0000007002fe7d10) 
thrown [open/src/hotspot/share/interpreter/linkResolver.cpp, line 759]
Event: 36.650 Thread 0x0000000131684c00 Implicit null exception at 0x0000000113feac24 to 0x0000000113feb024
Event: 41.057 Thread 0x0000007083023200 Implicit null exception at 0x000000011419a714 to 0x000000011419a778
Event: 41.163 Thread 0x00000001313c3e00 Exception <a 'java/lang/InterruptedException'{0x0000007007eaca58}: sleep interrupted> (0x0000007007eaca58) 
thrown [open/src/hotspot/share/prims/jvm.cpp, line 3064]

VM Operations (20 events):
Event: 32.166 Executing VM operation: G1CollectForAllocation
Event: 32.168 Executing VM operation: G1CollectForAllocation done
Event: 33.119 Executing VM operation: G1CollectForAllocation
Event: 33.120 Executing VM operation: G1CollectForAllocation done
Event: 34.106 Executing VM operation: G1CollectForAllocation
Event: 34.107 Executing VM operation: G1CollectForAllocation done
Event: 35.106 Executing VM operation: G1CollectForAllocation
Event: 35.107 Executing VM operation: G1CollectForAllocation done
Event: 36.103 Executing VM operation: G1CollectForAllocation
Event: 36.105 Executing VM operation: G1CollectForAllocation done
Event: 37.050 Executing VM operation: G1CollectForAllocation
Event: 37.051 Executing VM operation: G1CollectForAllocation done
Event: 38.040 Executing VM operation: G1CollectForAllocation
Event: 38.041 Executing VM operation: G1CollectForAllocation done
Event: 39.037 Executing VM operation: G1CollectForAllocation
Event: 39.038 Executing VM operation: G1CollectForAllocation done
Event: 40.040 Executing VM operation: Cleanup
Event: 40.040 Executing VM operation: Cleanup done
Event: 41.042 Executing VM operation: Cleanup
Event: 41.042 Executing VM operation: Cleanup done

Events (20 events):
Event: 29.517 Protecting memory [0x0000007090210000,0x000000709021c000] with protection modes 3
Event: 29.517 Thread 0x0000000131e28e00 Thread exited: 0x0000000131e28e00
Event: 31.324 Thread 0x00000001313d7600 Thread added: 0x00000001313d7600
Event: 31.324 Protecting memory [0x0000007087dec000,0x0000007087df8000] with protection modes 0
Event: 40.832 Thread 0x0000007080d34c00 Thread added: 0x0000007080d34c00
Event: 40.832 Protecting memory [0x0000007090210000,0x000000709021c000] with protection modes 0
Event: 40.832 Thread 0x0000007080d35200 Thread added: 0x0000007080d35200
Event: 40.832 Protecting memory [0x000000709041c000,0x0000007090428000] with protection modes 0
Event: 40.832 Thread 0x0000007080ae9600 Thread added: 0x0000007080ae9600
Event: 40.832 Protecting memory [0x0000007090628000,0x0000007090634000] with protection modes 0
Event: 40.899 Thread 0x0000000131d80400 Thread added: 0x0000000131d80400
Event: 40.899 Protecting memory [0x0000007090834000,0x0000007090840000] with protection modes 0
Event: 40.920 Thread 0x000000708092b800 Thread added: 0x000000708092b800
Event: 40.920 Protecting memory [0x0000007090c4c000,0x0000007090c58000] with protection modes 0
Event: 40.920 Thread 0x0000007080a63400 Thread added: 0x0000007080a63400
Event: 40.920 Protecting memory [0x0000007090e58000,0x0000007090e64000] with protection modes 0
Event: 41.163 Protecting memory [0x0000007091064000,0x0000007091070000] with protection modes 3
Event: 41.163 Thread 0x00000001313c3e00 Thread exited: 0x00000001313c3e00
Event: 41.325 Thread 0x000000012e00b800 Thread added: 0x000000012e00b800
Event: 41.325 Protecting memory [0x0000007091064000,0x0000007091070000] with protection modes 0


Dynamic libraries:
0x000000010280c000 	/Library/Java/JavaVirtualMachines/jdk-17.jdk/Contents/Home/lib/libjli.dylib
0x00000001a7e4d000 	/System/Library/Frameworks/Cocoa.framework/Versions/A/Cocoa
0x000000018a2a2000 	/System/Library/Frameworks/AppKit.framework/Versions/C/AppKit
0x000000018dbfd000 	/System/Library/Frameworks/CoreData.framework/Versions/A/CoreData
0x0000000187525000 	/System/Library/Frameworks/Foundation.framework/Versions/C/Foundation
0x0000000196853000 	/usr/lib/libSystem.B.dylib
0x000000018b88d000 	/System/Library/PrivateFrameworks/UIFoundation.framework/Versions/A/UIFoundation
0x0000000234222000 	/System/Library/PrivateFrameworks/CollectionViewCore.framework/Versions/A/CollectionViewCore
0x000000019958b000 	/System/Library/PrivateFrameworks/InternationalSupport.framework/Versions/A/InternationalSupport
0x00000001998dc000 	/System/Library/PrivateFrameworks/UserActivity.framework/Versions/A/UserActivity
0x0000000193347000 	/System/Library/PrivateFrameworks/XCTTargetBootstrap.framework/Versions/A/XCTTargetBootstrap
0x0000000249a06000 	/System/Library/PrivateFrameworks/GenerativeModels.framework/Versions/A/GenerativeModels
0x000000029dba9000 	/System/Library/PrivateFrameworks/UIIntelligenceSupport.framework/Versions/A/UIIntelligenceSupport
0x0000000231c84000 	/System/Library/PrivateFrameworks/CampoServices.framework/Versions/A/CampoServices
0x000000018e2a6000 	/System/Library/PrivateFrameworks/BaseBoard.framework/Versions/A/BaseBoard
0x00000002469b7000 	/System/Library/PrivateFrameworks/FrontBoard.framework/Versions/A/FrontBoard
0x000000018c3c2000 	/System/Library/PrivateFrameworks/TCC.framework/Versions/A/TCC
0x00000001a2b27000 	/System/Library/PrivateFrameworks/FrontBoardServices.framework/Versions/A/FrontBoardServices
0x00000002aafc3000 	/usr/lib/libRosetta.dylib
0x00000002258e0000 	/System/Library/Frameworks/SwiftUICore.framework/Versions/A/SwiftUICore
0x00000002a52f7000 	/System/Library/PrivateFrameworks/WritingTools.framework/Versions/A/WritingTools
0x00000002a3fe8000 	/System/Library/PrivateFrameworks/WindowManagement.framework/Versions/A/WindowManagement
0x000000018718b000 	/System/Library/Frameworks/SystemConfiguration.framework/Versions/A/SystemConfiguration
0x00000001985a1000 	/usr/lib/libspindump.dylib
0x000000018ba02000 	/System/Library/Frameworks/UniformTypeIdentifiers.framework/Versions/A/UniformTypeIdentifiers
0x0000000195ac3000 	/usr/lib/libbsm.0.dylib
0x0000000190a30000 	/usr/lib/libapp_launch_measurement.dylib
0x000000018fd07000 	/System/Library/PrivateFrameworks/CoreAnalytics.framework/Versions/A/CoreAnalytics
0x0000000190a33000 	/System/Library/PrivateFrameworks/CoreAutoLayout.framework/Versions/A/CoreAutoLayout
0x00000001927bd000 	/System/Library/Frameworks/Metal.framework/Versions/A/Metal
0x0000000193ec3000 	/usr/lib/liblangid.dylib
0x000000019334b000 	/System/Library/PrivateFrameworks/CoreSVG.framework/Versions/A/CoreSVG
0x000000018c3e8000 	/System/Library/PrivateFrameworks/SkyLight.framework/Versions/A/SkyLight
0x00000002a9396000 	/System/Library/SubFrameworks/FocusEngine.framework/Versions/A/FocusEngine
0x000000018ca02000 	/System/Library/Frameworks/CoreGraphics.framework/Versions/A/CoreGraphics
0x000000023d235000 	/System/Library/PrivateFrameworks/DesignLibrary.framework/Versions/A/DesignLibrary
0x000000019d466000 	/System/Library/Frameworks/Accelerate.framework/Versions/A/Accelerate
0x0000000198391000 	/System/Library/PrivateFrameworks/IconServices.framework/Versions/A/IconServices
0x000000019279a000 	/System/Library/Frameworks/IOSurface.framework/Versions/A/IOSurface
0x000000018fd3d000 	/usr/lib/libDiagnosticMessagesClient.dylib
0x00000001967a0000 	/usr/lib/libz.1.dylib
0x00000001a5022000 	/System/Library/Frameworks/ApplicationServices.framework/Versions/A/ApplicationServices
0x000000022b687000 	/System/Library/PrivateFrameworks/AnimationKit.framework/Versions/A/AnimationKit
0x0000000193335000 	/System/Library/PrivateFrameworks/DFRFoundation.framework/Versions/A/DFRFoundation
0x0000000189ae9000 	/usr/lib/libicucore.A.dylib
0x000000019b074000 	/System/Library/Frameworks/AudioToolbox.framework/Versions/A/AudioToolbox
0x00000002a9798000 	/System/Library/SubFrameworks/UIUtilities.framework/Versions/A/UIUtilities
0x0000000199892000 	/System/Library/PrivateFrameworks/DataDetectorsCore.framework/Versions/A/DataDetectorsCore
0x000000029e6e7000 	/System/Library/PrivateFrameworks/UpdateCycle.framework/Versions/A/UpdateCycle
0x00000001ba14b000 	/System/Library/PrivateFrameworks/TextInput.framework/Versions/A/TextInput
0x000000018c324000 	/usr/lib/libMobileGestalt.dylib
0x0000000193050000 	/System/Library/Frameworks/Carbon.framework/Versions/A/Frameworks/HIToolbox.framework/Versions/A/HIToolbox
0x0000000190267000 	/System/Library/Frameworks/QuartzCore.framework/Versions/A/QuartzCore
0x00000001896e4000 	/System/Library/Frameworks/Security.framework/Versions/A/Security
0x000000019d2cb000 	/System/Library/Frameworks/Carbon.framework/Versions/A/Frameworks/SpeechRecognition.framework/Versions/A/SpeechRecognition
0x0000000190716000 	/System/Library/PrivateFrameworks/CoreUI.framework/Versions/A/CoreUI
0x0000000188f5b000 	/System/Library/Frameworks/CoreAudio.framework/Versions/A/CoreAudio
0x000000018fe37000 	/System/Library/Frameworks/DiskArbitration.framework/Versions/A/DiskArbitration
0x0000000198b44000 	/System/Library/PrivateFrameworks/MultitouchSupport.framework/Versions/A/MultitouchSupport
0x000000018c323000 	/usr/lib/libenergytrace.dylib
0x00000001ad01f000 	/System/Library/PrivateFrameworks/RenderBox.framework/Versions/A/RenderBox
0x000000018a143000 	/System/Library/Frameworks/IOKit.framework/Versions/A/IOKit
0x000000019d3fd000 	/System/Library/Frameworks/CoreServices.framework/Versions/A/CoreServices
0x000000019098b000 	/System/Library/PrivateFrameworks/PerformanceAnalysis.framework/Versions/A/PerformanceAnalysis
0x00000002120dc000 	/System/Library/Frameworks/OpenGL.framework/Versions/A/OpenGL
0x0000000190a72000 	/usr/lib/libxml2.2.dylib
0x000000019543c000 	/System/Library/PrivateFrameworks/MobileKeyBag.framework/Versions/A/MobileKeyBag
0x00000001858e0000 	/usr/lib/libobjc.A.dylib
0x0000000185c72000 	/usr/lib/libc++.1.dylib
0x000000019d386000 	/System/Library/Frameworks/Accessibility.framework/Versions/A/Accessibility
0x000000018d1b1000 	/System/Library/Frameworks/ColorSync.framework/Versions/A/ColorSync
0x0000000185da6000 	/System/Library/Frameworks/CoreFoundation.framework/Versions/A/CoreFoundation
0x000000019384c000 	/System/Library/Frameworks/CoreImage.framework/Versions/A/CoreImage
0x0000000188d3c000 	/System/Library/Frameworks/CoreText.framework/Versions/A/CoreText
0x000000021d34a000 	/System/Library/Frameworks/CoreTransferable.framework/Versions/A/CoreTransferable
0x000000021d393000 	/System/Library/Frameworks/DataDetection.framework/Versions/A/DataDetection
0x000000021d3cb000 	/System/Library/Frameworks/DeveloperToolsSupport.framework/Versions/A/DeveloperToolsSupport
0x0000000193389000 	/System/Library/Frameworks/ImageIO.framework/Versions/A/ImageIO
0x0000000225439000 	/System/Library/Frameworks/Symbols.framework/Versions/A/Symbols
0x00000001bf7d3000 	/System/Library/PrivateFrameworks/AttributeGraph.framework/Versions/A/AttributeGraph
0x00000001a498d000 	/System/Library/PrivateFrameworks/BackBoardServices.framework/Versions/A/BackBoardServices
0x00000001a2bdb000 	/System/Library/PrivateFrameworks/BoardServices.framework/Versions/A/BoardServices
0x00000002340d1000 	/System/Library/PrivateFrameworks/CollectionsInternal.framework/Versions/A/CollectionsInternal
0x00000001e45f7000 	/System/Library/PrivateFrameworks/FeatureFlags.framework/Versions/A/FeatureFlags
0x000000024ac27000 	/System/Library/PrivateFrameworks/Gestures.framework/Versions/A/Gestures
0x00000002883c3000 	/System/Library/PrivateFrameworks/SceneHosting.framework/Versions/A/SceneHosting
0x0000000196857000 	/System/Library/PrivateFrameworks/SoftLinking.framework/Versions/A/SoftLinking
0x00000001cdb14000 	/usr/lib/swift/libswiftAccelerate.dylib
0x00000001c3d34000 	/usr/lib/swift/libswiftCompression.dylib
0x000000019a9f6000 	/usr/lib/swift/libswiftCore.dylib
0x00000001b6805000 	/usr/lib/swift/libswiftCoreFoundation.dylib
0x00000001b685e000 	/usr/lib/swift/libswiftCoreImage.dylib
0x00000001a2880000 	/usr/lib/swift/libswiftDispatch.dylib
0x00000001b685f000 	/usr/lib/swift/libswiftIOKit.dylib
0x00000001c3d2c000 	/usr/lib/swift/libswiftMetal.dylib
0x00000001d3558000 	/usr/lib/swift/libswiftOSLog.dylib
0x00000001a5aa6000 	/usr/lib/swift/libswiftObjectiveC.dylib
0x00000002ab693000 	/usr/lib/swift/libswiftObservation.dylib
0x00000001c9420000 	/usr/lib/swift/libswiftQuartzCore.dylib
0x00000002ab7c0000 	/usr/lib/swift/libswiftSpatial.dylib
0x00000002ab83c000 	/usr/lib/swift/libswiftSynchronization.dylib
0x00000001cd451000 	/usr/lib/swift/libswiftUniformTypeIdentifiers.dylib
0x00000001b6814000 	/usr/lib/swift/libswiftXPC.dylib
0x00000002ab44e000 	/usr/lib/swift/libswift_Builtin_float.dylib
0x00000002ab44f000 	/usr/lib/swift/libswift_Concurrency.dylib
0x00000001a5aaa000 	/usr/lib/swift/libswiftos.dylib
0x00000001b9ee4000 	/usr/lib/swift/libswiftsimd.dylib
0x0000000196a74000 	/usr/lib/libcompression.dylib
0x00000001994ed000 	/System/Library/PrivateFrameworks/TextureIO.framework/Versions/A/TextureIO
0x000000018d35d000 	/System/Library/Frameworks/ApplicationServices.framework/Versions/A/Frameworks/HIServices.framework/Versions/A/HIServices
0x0000000198055000 	/usr/lib/libate.dylib
0x000000019684e000 	/usr/lib/system/libcache.dylib
0x000000019680b000 	/usr/lib/system/libcommonCrypto.dylib
0x0000000196834000 	/usr/lib/system/libcompiler_rt.dylib
0x0000000196829000 	/usr/lib/system/libcopyfile.dylib
0x0000000185a9a000 	/usr/lib/system/libcorecrypto.dylib
0x0000000185ba5000 	/usr/lib/system/libdispatch.dylib
0x000000018593c000 	/usr/lib/system/libdyld.dylib
0x0000000196844000 	/usr/lib/system/libkeymgr.dylib
0x00000001967ee000 	/usr/lib/system/libmacho.dylib
0x000000019548e000 	/usr/lib/system/libquarantine.dylib
0x0000000196841000 	/usr/lib/system/libremovefile.dylib
0x000000018c3aa000 	/usr/lib/system/libsystem_asl.dylib
0x0000000185a20000 	/usr/lib/system/libsystem_blocks.dylib
0x0000000185bef000 	/usr/lib/system/libsystem_c.dylib
0x0000000196838000 	/usr/lib/system/libsystem_collections.dylib
0x0000000193eb1000 	/usr/lib/system/libsystem_configuration.dylib
0x0000000192760000 	/usr/lib/system/libsystem_containermanager.dylib
0x00000001961e2000 	/usr/lib/system/libsystem_coreservices.dylib
0x0000000189dcd000 	/usr/lib/system/libsystem_darwin.dylib
0x00000002ab9d8000 	/usr/lib/system/libsystem_darwindirectory.dylib
0x0000000196845000 	/usr/lib/system/libsystem_dnssd.dylib
0x00000002ab9dc000 	/usr/lib/system/libsystem_eligibility.dylib
0x0000000185bec000 	/usr/lib/system/libsystem_featureflags.dylib
0x0000000185d77000 	/usr/lib/system/libsystem_info.dylib
0x00000001967af000 	/usr/lib/system/libsystem_m.dylib
0x0000000185b4f000 	/usr/lib/system/libsystem_malloc.dylib
0x000000018c309000 	/usr/lib/system/libsystem_networkextension.dylib
0x000000018a228000 	/usr/lib/system/libsystem_notify.dylib
0x0000000193eb6000 	/usr/lib/system/libsystem_sandbox.dylib
0x00000002ab9e7000 	/usr/lib/system/libsystem_sanitizers.dylib
0x000000019683e000 	/usr/lib/system/libsystem_secinit.dylib
0x0000000185d21000 	/usr/lib/system/libsystem_kernel.dylib
0x0000000185d6d000 	/usr/lib/system/libsystem_platform.dylib
0x0000000185d60000 	/usr/lib/system/libsystem_pthread.dylib
0x000000018e458000 	/usr/lib/system/libsystem_symptoms.dylib
0x0000000185a7a000 	/usr/lib/system/libsystem_trace.dylib
0x00000002ab9f1000 	/usr/lib/system/libsystem_trial.dylib
0x0000000196818000 	/usr/lib/system/libunwind.dylib
0x0000000185a24000 	/usr/lib/system/libxpc.dylib
0x0000000185d07000 	/usr/lib/libc++abi.dylib
0x000000018d4dc000 	/usr/lib/objc/libobjcMsgSend.dylib
0x0000000197f01000 	/usr/lib/liblzma.5.dylib
0x000000026df7c000 	/System/Library/PrivateFrameworks/NSPredicateSecurityPolicy.framework/Versions/A/NSPredicateSecurityPolicy
0x0000000196855000 	/usr/lib/libfakelink.dylib
0x000000018bf8d000 	/System/Library/Frameworks/CFNetwork.framework/Versions/A/CFNetwork
0x00000001968a8000 	/usr/lib/libarchive.2.dylib
0x000000019d1af000 	/System/Library/Frameworks/Combine.framework/Versions/A/Combine
0x0000000287065000 	/System/Library/PrivateFrameworks/ReflectionInternal.framework/Versions/A/ReflectionInternal
0x00000002881aa000 	/System/Library/PrivateFrameworks/RuntimeInternal.framework/Versions/A/RuntimeInternal
0x00000001b316c000 	/usr/lib/swift/libswiftDarwin.dylib
0x00000002ab850000 	/usr/lib/swift/libswiftSystem.dylib
0x00000002ab4db000 	/usr/lib/swift/libswift_DarwinFoundation1.dylib
0x00000002ab57d000 	/usr/lib/swift/libswift_StringProcessing.dylib
0x000000018a0cb000 	/System/Library/PrivateFrameworks/CoreServicesInternal.framework/Versions/A/CoreServicesInternal
0x0000000196822000 	/usr/lib/liboah.dylib
0x00000001a4b68000 	/System/Library/PrivateFrameworks/DiskImages.framework/Versions/A/DiskImages
0x00000001b2cab000 	/System/Library/Frameworks/NetFS.framework/Versions/A/NetFS
0x0000000190a02000 	/System/Library/Frameworks/CoreServices.framework/Versions/A/Frameworks/FSEvents.framework/Versions/A/FSEvents
0x0000000189dd7000 	/System/Library/Frameworks/CoreServices.framework/Versions/A/Frameworks/CarbonCore.framework/Versions/A/CarbonCore
0x000000018fdac000 	/System/Library/Frameworks/CoreServices.framework/Versions/A/Frameworks/Metadata.framework/Versions/A/Metadata
0x00000001961e9000 	/System/Library/Frameworks/CoreServices.framework/Versions/A/Frameworks/OSServices.framework/Versions/A/OSServices
0x00000001969a0000 	/System/Library/Frameworks/CoreServices.framework/Versions/A/Frameworks/SearchKit.framework/Versions/A/SearchKit
0x000000018e3d4000 	/System/Library/Frameworks/CoreServices.framework/Versions/A/Frameworks/AE.framework/Versions/A/AE
0x0000000186234000 	/System/Library/Frameworks/CoreServices.framework/Versions/A/Frameworks/LaunchServices.framework/Versions/A/LaunchServices
0x0000000197eab000 	/System/Library/Frameworks/CoreServices.framework/Versions/A/Frameworks/DictionaryServices.framework/Versions/A/DictionaryServices
0x0000000190a0e000 	/System/Library/Frameworks/CoreServices.framework/Versions/A/Frameworks/SharedFileList.framework/Versions/A/SharedFileList
0x0000000196a31000 	/usr/lib/libapple_nghttp2.dylib
0x000000018e039000 	/usr/lib/libsqlite3.dylib
0x000000018e461000 	/System/Library/Frameworks/Network.framework/Versions/A/Network
0x00000001967f2000 	/usr/lib/system/libkxld.dylib
0x000000022ceed000 	/System/Library/PrivateFrameworks/AppleKeyStore.framework/Versions/A/AppleKeyStore
0x00000002aa00d000 	/usr/lib/libCoreEntitlements.dylib
0x00000002ab1d8000 	/usr/lib/libTLE.dylib
0x0000000263c9c000 	/System/Library/PrivateFrameworks/MessageSecurity.framework/Versions/A/MessageSecurity
0x000000018d47a000 	/System/Library/PrivateFrameworks/ProtocolBuffer.framework/Versions/A/ProtocolBuffer
0x00000001a1d83000 	/System/Library/PrivateFrameworks/SymptomDiagnosticReporter.framework/Versions/A/SymptomDiagnosticReporter
0x00000001980ee000 	/System/Library/PrivateFrameworks/CrashReporterSupport.framework/Versions/A/CrashReporterSupport
0x00000001961ca000 	/System/Library/PrivateFrameworks/AppleFSCompression.framework/Versions/A/AppleFSCompression
0x0000000195aab000 	/usr/lib/libcoretls.dylib
0x0000000197f20000 	/usr/lib/libcoretls_cfhelpers.dylib
0x0000000196a6e000 	/usr/lib/libpam.2.dylib
0x0000000197f95000 	/usr/lib/libxar.1.dylib
0x0000000197f22000 	/System/Library/PrivateFrameworks/APFS.framework/Versions/A/APFS
0x0000000297812000 	/System/Library/PrivateFrameworks/SwiftASN1Internal.framework/Versions/A/SwiftASN1Internal
0x0000000197fa4000 	/usr/lib/libutil.dylib
0x00000002ab11f000 	/usr/lib/libswiftPrespecialized.dylib
0x0000000193ebf000 	/System/Library/PrivateFrameworks/AppleSystemInfo.framework/Versions/A/AppleSystemInfo
0x0000000195388000 	/System/Library/PrivateFrameworks/IOMobileFramebuffer.framework/Versions/A/IOMobileFramebuffer
0x00000002345a6000 	/System/Library/PrivateFrameworks/ConnectedMode.framework/Versions/A/ConnectedMode
0x000000022529f000 	/System/Library/Frameworks/SwiftData.framework/Versions/A/SwiftData
0x000000018beb8000 	/usr/lib/libboringssl.dylib
0x000000018e446000 	/usr/lib/libdns_services.dylib
0x00000001b5298000 	/usr/lib/libquic.dylib
0x000000019a98a000 	/usr/lib/libusrtcp.dylib
0x000000022fa04000 	/System/Library/PrivateFrameworks/AtomicsInternal.framework/Versions/A/AtomicsInternal
0x00000001dc501000 	/System/Library/PrivateFrameworks/InternalSwiftProtobuf.framework/Versions/A/InternalSwiftProtobuf
0x00000002ab66d000 	/usr/lib/swift/libswiftDistributed.dylib
0x00000002ab4de000 	/usr/lib/swift/libswift_DarwinFoundation2.dylib
0x00000002ab4df000 	/usr/lib/swift/libswift_DarwinFoundation3.dylib
0x00000002ab4e2000 	/usr/lib/swift/libswift_RegexParser.dylib
0x0000000198333000 	/usr/lib/libheimdal-asn1.dylib
0x0000000196a0d000 	/System/Library/PrivateFrameworks/AppleSauce.framework/Versions/A/AppleSauce
0x00000001c80d0000 	/System/Library/PrivateFrameworks/OSAnalytics.framework/Versions/A/OSAnalytics
0x0000000243090000 	/System/Library/PrivateFrameworks/DeviceRecovery.framework/Versions/A/DeviceRecovery
0x00000001a2fd7000 	/System/Library/PrivateFrameworks/CoreSymbolication.framework/Versions/A/CoreSymbolication
0x00000001d3efd000 	/System/Library/PrivateFrameworks/Symbolication.framework/Versions/A/Symbolication
0x00000001a2fb6000 	/System/Library/PrivateFrameworks/DebugSymbols.framework/Versions/A/DebugSymbols
0x00000002a9890000 	/usr/lib/libAppleArchive.dylib
0x00000001961d5000 	/usr/lib/libbz2.1.0.dylib
0x00000001b6761000 	/System/Library/PrivateFrameworks/MallocStackLogging.framework/Versions/A/MallocStackLogging
0x0000000195491000 	/usr/lib/libCheckFix.dylib
0x0000000193ec5000 	/System/Library/PrivateFrameworks/CoreNLP.framework/Versions/A/CoreNLP
0x000000018fd3f000 	/System/Library/PrivateFrameworks/MetadataUtilities.framework/Versions/A/MetadataUtilities
0x0000000195ad4000 	/usr/lib/libmecab.dylib
0x000000018721d000 	/usr/lib/libCRFSuite.dylib
0x0000000195b35000 	/usr/lib/libgermantok.dylib
0x0000000196a05000 	/usr/lib/libThaiTokenizer.dylib
0x000000018fe41000 	/System/Library/Frameworks/Accelerate.framework/Versions/A/Frameworks/vImage.framework/Versions/A/vImage
0x000000019d3e0000 	/System/Library/Frameworks/Accelerate.framework/Versions/A/Frameworks/vecLib.framework/Versions/A/vecLib
0x0000000197fda000 	/System/Library/Frameworks/Accelerate.framework/Versions/A/Frameworks/vecLib.framework/Versions/A/libvMisc.dylib
0x00000001866d6000 	/System/Library/Frameworks/Accelerate.framework/Versions/A/Frameworks/vecLib.framework/Versions/A/libBLAS.dylib
0x0000000190b59000 	/System/Library/Frameworks/CoreVideo.framework/Versions/A/CoreVideo
0x000000019b2c3000 	/System/Library/Frameworks/ApplicationServices.framework/Versions/A/Frameworks/ATS.framework/Versions/A/ATS
0x0000000199481000 	/System/Library/Frameworks/ApplicationServices.framework/Versions/A/Frameworks/PrintCore.framework/Versions/A/PrintCore
0x000000019b614000 	/System/Library/Frameworks/ApplicationServices.framework/Versions/A/Frameworks/QD.framework/Versions/A/QD
0x000000019b60f000 	/System/Library/Frameworks/ApplicationServices.framework/Versions/A/Frameworks/ColorSyncLegacy.framework/Versions/A/ColorSyncLegacy
0x000000019b2b8000 	/System/Library/Frameworks/ApplicationServices.framework/Versions/A/Frameworks/SpeechSynthesis.framework/Versions/A/SpeechSynthesis
0x0000000192db3000 	/System/Library/PrivateFrameworks/FontServices.framework/libFontParser.dylib
0x000000023052b000 	/System/Library/PrivateFrameworks/BiomeLibrary.framework/Versions/A/BiomeLibrary
0x00000002303d7000 	/System/Library/PrivateFrameworks/BackBoardHIDEventFoundation.framework/Versions/A/BackBoardHIDEventFoundation
0x0000000188860000 	/System/Library/Frameworks/CoreDisplay.framework/Versions/A/CoreDisplay
0x0000000198b89000 	/System/Library/Frameworks/VideoToolbox.framework/Versions/A/VideoToolbox
0x0000000196a6c000 	/System/Library/Frameworks/MetalPerformanceShaders.framework/Versions/A/MetalPerformanceShaders
0x00000002863b3000 	/System/Library/PrivateFrameworks/ProDisplayLibrary.framework/Versions/A/ProDisplayLibrary
0x00000001a88fd000 	/System/Library/PrivateFrameworks/IOSurfaceAccelerator.framework/Versions/A/IOSurfaceAccelerator
0x000000018e37b000 	/System/Library/PrivateFrameworks/RunningBoardServices.framework/Versions/A/RunningBoardServices
0x00000001927b3000 	/System/Library/PrivateFrameworks/IOAccelerator.framework/Versions/A/IOAccelerator
0x0000000192a6c000 	/System/Library/Frameworks/CoreMedia.framework/Versions/A/CoreMedia
0x0000000198b42000 	/System/Library/PrivateFrameworks/WatchdogClient.framework/Versions/A/WatchdogClient
0x0000000230426000 	/System/Library/PrivateFrameworks/BackBoardHIDTouchEventProcessor.framework/Versions/A/BackBoardHIDTouchEventProcessor
0x00000001b67e6000 	/usr/lib/swift/libswiftCoreAudio.dylib
0x00000001c4c54000 	/System/Library/PrivateFrameworks/BiomeStreams.framework/Versions/A/BiomeStreams
0x00000001cb0b5000 	/System/Library/PrivateFrameworks/BiomeStorage.framework/Versions/A/BiomeStorage
0x00000001c14cd000 	/System/Library/PrivateFrameworks/BiomeFoundation.framework/Versions/A/BiomeFoundation
0x000000025ca2a000 	/System/Library/PrivateFrameworks/IntelligencePlatformLibrary.framework/Versions/A/IntelligencePlatformLibrary
0x0000000274339000 	/System/Library/PrivateFrameworks/PoirotSchematizer.framework/Versions/A/PoirotSchematizer
0x0000000230d57000 	/System/Library/PrivateFrameworks/BiomeSync.framework/Versions/A/BiomeSync
0x0000000230517000 	/System/Library/PrivateFrameworks/BiomeDSL.framework/Versions/A/BiomeDSL
0x00000001cb064000 	/System/Library/PrivateFrameworks/BiomePubSub.framework/Versions/A/BiomePubSub
0x00000001b66e7000 	/System/Library/PrivateFrameworks/LoggingSupport.framework/Versions/A/LoggingSupport
0x00000001a69e1000 	/System/Library/PrivateFrameworks/ProactiveSupport.framework/Versions/A/ProactiveSupport
0x00000002743f6000 	/System/Library/PrivateFrameworks/PoirotUDFs.framework/Versions/A/PoirotUDFs
0x00000001a3137000 	/System/Library/PrivateFrameworks/CoreTime.framework/Versions/A/CoreTime
0x000000019b6a7000 	/System/Library/PrivateFrameworks/MobileAsset.framework/Versions/A/MobileAsset
0x00000001a5023000 	/System/Library/PrivateFrameworks/InternationalTextSearch.framework/Versions/A/InternationalTextSearch
0x00000001bdb4c000 	/System/Library/PrivateFrameworks/SoftwareUpdateCoreSupport.framework/Versions/A/SoftwareUpdateCoreSupport
0x00000001c5385000 	/System/Library/PrivateFrameworks/SoftwareUpdateCoreConnect.framework/Versions/A/SoftwareUpdateCoreConnect
0x00000001a5a3b000 	/System/Library/PrivateFrameworks/StreamingZip.framework/Versions/A/StreamingZip
0x00000001a4c5b000 	/System/Library/PrivateFrameworks/RemoteServiceDiscovery.framework/Versions/A/RemoteServiceDiscovery
0x00000001bd281000 	/System/Library/PrivateFrameworks/MSUDataAccessor.framework/Versions/A/MSUDataAccessor
0x00000001b8559000 	/usr/lib/libbootpolicy.dylib
0x0000000190c34000 	/System/Library/PrivateFrameworks/UserManagement.framework/Versions/A/UserManagement
0x00000001cdcb2000 	/usr/lib/libpartition2_dynamic.dylib
0x00000001a4c71000 	/System/Library/PrivateFrameworks/RemoteXPC.framework/Versions/A/RemoteXPC
0x00000001c4b2d000 	/usr/lib/libFDR.dylib
0x00000001cac82000 	/usr/lib/libamsupport.dylib
0x00000002aafbc000 	/usr/lib/libReverseProxyDevice.dylib
0x000000022c6ec000 	/System/Library/PrivateFrameworks/AppleDeviceQuerySupport.framework/Versions/A/AppleDeviceQuerySupport
0x0000000193ebd000 	/System/Library/PrivateFrameworks/AggregateDictionary.framework/Versions/A/AggregateDictionary
0x000000019688d000 	/usr/lib/libiconv.2.dylib
0x00000001967ed000 	/usr/lib/libcharset.1.dylib
0x00000002743b9000 	/System/Library/PrivateFrameworks/PoirotSQLite.framework/Versions/A/PoirotSQLite
0x0000000232212000 	/System/Library/PrivateFrameworks/CascadeSets.framework/Versions/A/CascadeSets
0x00000001a4d8f000 	/System/Library/PrivateFrameworks/AppSupport.framework/Versions/A/AppSupport
0x000000019b7e6000 	/System/Library/PrivateFrameworks/CorePhoneNumbers.framework/Versions/A/CorePhoneNumbers
0x000000019893b000 	/System/Library/PrivateFrameworks/AppleJPEG.framework/Versions/A/AppleJPEG
0x0000000198317000 	/usr/lib/libexpat.1.dylib
0x000000019935a000 	/System/Library/Frameworks/ImageIO.framework/Versions/A/Resources/libPng.dylib
0x0000000199384000 	/System/Library/Frameworks/ImageIO.framework/Versions/A/Resources/libTIFF.dylib
0x000000019946a000 	/System/Library/Frameworks/ImageIO.framework/Versions/A/Resources/libGIF.dylib
0x0000000198980000 	/System/Library/Frameworks/ImageIO.framework/Versions/A/Resources/libJP2.dylib
0x0000000199412000 	/System/Library/Frameworks/ImageIO.framework/Versions/A/Resources/libJPEG.dylib
0x000000019940a000 	/System/Library/Frameworks/ImageIO.framework/Versions/A/Resources/libRadiance.dylib
0x00000002ab6b8000 	/usr/lib/swift/libswiftRegexBuilder.dylib
0x000000024bec5000 	/System/Library/PrivateFrameworks/GPUCompiler.framework/Versions/32023/Libraries/libllvm-flatbuffers.dylib
0x000000024692c000 	/System/Library/PrivateFrameworks/FramePacing.framework/Versions/A/FramePacing
0x00000002120cf000 	/System/Library/Frameworks/OpenGL.framework/Versions/A/Libraries/libCoreFSCache.dylib
0x000000024bebe000 	/System/Library/PrivateFrameworks/GPUCompiler.framework/Versions/32023/Libraries/libGPUCompilerUtils.dylib
0x000000021548d000 	/System/Library/Frameworks/_LocationEssentials.framework/Versions/A/_LocationEssentials
0x000000019d8e0000 	/System/Library/PrivateFrameworks/GeoServices.framework/Versions/A/GeoServices
0x000000019aff0000 	/System/Library/PrivateFrameworks/LocationSupport.framework/Versions/A/LocationSupport
0x00000001a1c7a000 	/System/Library/Frameworks/CoreBluetooth.framework/Versions/A/CoreBluetooth
0x000000024a753000 	/System/Library/PrivateFrameworks/GeoServicesCore.framework/Versions/A/GeoServicesCore
0x00000001aed81000 	/System/Library/PrivateFrameworks/PhoneNumbers.framework/Versions/A/PhoneNumbers
0x00000001a1d90000 	/System/Library/PrivateFrameworks/PowerLog.framework/Versions/A/PowerLog
0x00000001d5203000 	/System/Library/Frameworks/OSLog.framework/Versions/A/OSLog
0x000000021dd0b000 	/System/Library/Frameworks/ExtensionFoundation.framework/Versions/A/ExtensionFoundation
0x0000000198595000 	/System/Library/PrivateFrameworks/AppServerSupport.framework/Versions/A/AppServerSupport
0x0000000270172000 	/System/Library/PrivateFrameworks/OSEligibility.framework/Versions/A/OSEligibility
0x000000021fafa000 	/System/Library/Frameworks/LightweightCodeRequirements.framework/Versions/A/LightweightCodeRequirements
0x0000000198226000 	/System/Library/PrivateFrameworks/PlugInKit.framework/Versions/A/PlugInKit
0x0000000195452000 	/System/Library/PrivateFrameworks/AssertionServices.framework/Versions/A/AssertionServices
0x000000021212c000 	/System/Library/Frameworks/OpenGL.framework/Versions/A/Libraries/libGLU.dylib
0x00000002120ef000 	/System/Library/Frameworks/OpenGL.framework/Versions/A/Libraries/libGFXShared.dylib
0x00000002122bc000 	/System/Library/Frameworks/OpenGL.framework/Versions/A/Libraries/libGL.dylib
0x00000002120f8000 	/System/Library/Frameworks/OpenGL.framework/Versions/A/Libraries/libGLImage.dylib
0x00000002120ec000 	/System/Library/Frameworks/OpenGL.framework/Versions/A/Libraries/libCVMSPluginSupport.dylib
0x00000002120d6000 	/System/Library/Frameworks/OpenGL.framework/Versions/A/Libraries/libCoreVMClient.dylib
0x00000001a6b1d000 	/System/Library/PrivateFrameworks/ASEProcessing.framework/Versions/A/ASEProcessing
0x0000000272cf2000 	/System/Library/PrivateFrameworks/PhotosensitivityProcessing.framework/Versions/A/PhotosensitivityProcessing
0x00000001c4be0000 	/System/Library/PrivateFrameworks/TimeSync.framework/Versions/A/TimeSync
0x000000022d20d000 	/System/Library/PrivateFrameworks/AppleMSG.framework/Versions/A/AppleMSG
0x000000028b2fa000 	/System/Library/PrivateFrameworks/SILManager.framework/Versions/A/SILManager
0x0000000198545000 	/System/Library/PrivateFrameworks/GraphVisualizer.framework/Versions/A/GraphVisualizer
0x0000000246928000 	/System/Library/PrivateFrameworks/FontServices.framework/Versions/A/FontServices
0x000000019855c000 	/System/Library/PrivateFrameworks/OTSVG.framework/Versions/A/OTSVG
0x00000001906ca000 	/System/Library/Frameworks/ApplicationServices.framework/Versions/A/Frameworks/ATS.framework/Versions/A/Resources/libFontRegistry.dylib
0x00000002aa514000 	/usr/lib/libhvf.dylib
0x000000027028e000 	/System/Library/PrivateFrameworks/ParsingInternal.framework/Versions/A/ParsingInternal
0x0000000246819000 	/System/Library/PrivateFrameworks/FontServices.framework/libXTFontStaticRegistryData.dylib
0x0000000193e00000 	/System/Library/Frameworks/MetalPerformanceShaders.framework/Versions/A/Frameworks/MPSCore.framework/Versions/A/MPSCore
0x000000019613b000 	/System/Library/Frameworks/MetalPerformanceShaders.framework/Versions/A/Frameworks/MPSImage.framework/Versions/A/MPSImage
0x0000000195b4c000 	/System/Library/Frameworks/MetalPerformanceShaders.framework/Versions/A/Frameworks/MPSNeuralNetwork.framework/Versions/A/MPSNeuralNetwork
0x0000000195f39000 	/System/Library/Frameworks/MetalPerformanceShaders.framework/Versions/A/Frameworks/MPSMatrix.framework/Versions/A/MPSMatrix
0x0000000195d9e000 	/System/Library/Frameworks/MetalPerformanceShaders.framework/Versions/A/Frameworks/MPSRayIntersector.framework/Versions/A/MPSRayIntersector
0x0000000195f68000 	/System/Library/Frameworks/MetalPerformanceShaders.framework/Versions/A/Frameworks/MPSNDArray.framework/Versions/A/MPSNDArray
0x0000000220985000 	/System/Library/Frameworks/MetalPerformanceShaders.framework/Versions/A/Frameworks/MPSFunctions.framework/Versions/A/MPSFunctions
0x0000000220973000 	/System/Library/Frameworks/MetalPerformanceShaders.framework/Versions/A/Frameworks/MPSBenchmarkLoop.framework/Versions/A/MPSBenchmarkLoop
0x0000000220998000 	/System/Library/Frameworks/MetalPerformanceShaders.framework/Versions/A/Frameworks/MPSHost.framework/Versions/A/MPSHost
0x000000018652a000 	/System/Library/PrivateFrameworks/MetalTools.framework/Versions/A/MetalTools
0x000000026b15e000 	/System/Library/PrivateFrameworks/MTL3On4.framework/Versions/A/MTL3On4
0x00000001bb39c000 	/System/Library/PrivateFrameworks/IOAccelMemoryInfo.framework/Versions/A/IOAccelMemoryInfo
0x00000001c9764000 	/System/Library/PrivateFrameworks/kperf.framework/Versions/A/kperf
0x00000001b67e3000 	/System/Library/PrivateFrameworks/GPURawCounter.framework/Versions/A/GPURawCounter
0x00000001c5492000 	/System/Library/PrivateFrameworks/IOKitten.framework/Versions/A/IOKitten
0x000000029b0bf000 	/System/Library/PrivateFrameworks/Tightbeam.framework/Versions/A/Tightbeam
0x00000001ce151000 	/System/Library/PrivateFrameworks/AFKUser.framework/Versions/A/AFKUser
0x0000000190993000 	/System/Library/Frameworks/OpenDirectory.framework/Versions/A/OpenDirectory
0x0000000261f3f000 	/System/Library/PrivateFrameworks/LocationLogEncryption.framework/Versions/A/LocationLogEncryption
0x000000019099d000 	/System/Library/Frameworks/OpenDirectory.framework/Versions/A/Frameworks/CFOpenDirectory.framework/Versions/A/CFOpenDirectory
0x0000000195a2b000 	/System/Library/Frameworks/SecurityFoundation.framework/Versions/A/SecurityFoundation
0x00000001958e0000 	/System/Library/PrivateFrameworks/CoreUtils.framework/Versions/A/CoreUtils
0x000000023c704000 	/System/Library/PrivateFrameworks/CoreUtilsExtras.framework/Versions/A/CoreUtilsExtras
0x000000025d415000 	/System/Library/PrivateFrameworks/IO80211.framework/Versions/A/IO80211
0x00000001a2697000 	/System/Library/Frameworks/CoreTelephony.framework/Versions/A/CoreTelephony
0x00000001a3141000 	/System/Library/PrivateFrameworks/Rapport.framework/Versions/A/Rapport
0x000000019b7f5000 	/usr/lib/libTelephonyUtilDynamic.dylib
0x00000001b5183000 	/System/Library/Frameworks/AVFoundation.framework/Versions/A/AVFoundation
0x000000018e230000 	/System/Library/Frameworks/Accounts.framework/Versions/A/Accounts
0x000000019cff4000 	/System/Library/PrivateFrameworks/ProtectedCloudStorage.framework/Versions/A/ProtectedCloudStorage
0x00000001df821000 	/System/Library/Frameworks/CryptoKit.framework/Versions/A/CryptoKit
0x00000001d37cb000 	/usr/lib/swift/libswiftAVFoundation.dylib
0x00000001bcada000 	/usr/lib/swift/libswiftCoreMIDI.dylib
0x000000018a23a000 	/usr/lib/libsandbox.1.dylib
0x000000019b602000 	/System/Library/PrivateFrameworks/NetAuth.framework/Versions/A/NetAuth
0x00000001a1e9b000 	/System/Library/PrivateFrameworks/DiskManagement.framework/Versions/A/DiskManagement
0x00000001a4cfe000 	/usr/lib/libcsfde.dylib
0x0000000198260000 	/usr/lib/libCoreStorage.dylib
0x00000001a1e6a000 	/System/Library/PrivateFrameworks/MediaKit.framework/Versions/A/MediaKit
0x00000001a1dc0000 	/System/Library/Frameworks/DiscRecording.framework/Versions/A/DiscRecording
0x00000001a4cfa000 	/System/Library/PrivateFrameworks/EFILogin.framework/Versions/A/EFILogin
0x0000000228960000 	/System/Library/PrivateFrameworks/AAAFoundation.framework/Versions/A/AAAFoundation
0x00000001ad301000 	/System/Library/PrivateFrameworks/CloudServices.framework/Versions/A/CloudServices
0x00000001a214d000 	/System/Library/PrivateFrameworks/OctagonTrust.framework/Versions/A/OctagonTrust
0x00000001a1db5000 	/System/Library/PrivateFrameworks/AppleIDAuthSupport.framework/Versions/A/AppleIDAuthSupport
0x000000019b7ae000 	/System/Library/PrivateFrameworks/KeychainCircle.framework/Versions/A/KeychainCircle
0x000000019621a000 	/System/Library/PrivateFrameworks/AuthKit.framework/Versions/A/AuthKit
0x000000019b312000 	/System/Library/PrivateFrameworks/MultiverseSupport.framework/Versions/A/MultiverseSupport
0x00000001aed82000 	/System/Library/PrivateFrameworks/URLFormatting.framework/Versions/A/URLFormatting
0x0000000188978000 	/System/Library/PrivateFrameworks/AudioToolboxCore.framework/Versions/A/AudioToolboxCore
0x000000019b24b000 	/System/Library/PrivateFrameworks/AudioSession.framework/Versions/A/AudioSession
0x00000001a7c9e000 	/System/Library/Frameworks/CoreMIDI.framework/Versions/A/CoreMIDI
0x000000019b2b5000 	/usr/lib/libAudioStatistics.dylib
0x0000000192a41000 	/System/Library/PrivateFrameworks/caulk.framework/Versions/A/caulk
0x000000019b61d000 	/System/Library/PrivateFrameworks/perfdata.framework/Versions/A/perfdata
0x00000001b5389000 	/System/Library/PrivateFrameworks/SystemPolicy.framework/Versions/A/SystemPolicy
0x000000019b4c4000 	/usr/lib/libSMC.dylib
0x000000019b628000 	/usr/lib/libperfcheck.dylib
0x000000022faad000 	/System/Library/PrivateFrameworks/AudioAnalytics.framework/Versions/A/AudioAnalytics
0x00000001b6789000 	/usr/lib/libmis.dylib
0x0000000198434000 	/System/Library/PrivateFrameworks/MediaExperience.framework/Versions/A/MediaExperience
0x000000019b021000 	/System/Library/PrivateFrameworks/AudioSession.framework/libSessionUtility.dylib
0x0000000199470000 	/System/Library/PrivateFrameworks/CMCaptureCore.framework/Versions/A/CMCaptureCore
0x00000001ad33e000 	/System/Library/PrivateFrameworks/HID.framework/Versions/A/HID
0x00000001a44c0000 	/System/Library/PrivateFrameworks/CoreWiFi.framework/Versions/A/CoreWiFi
0x000000019cf50000 	/System/Library/Frameworks/IOBluetooth.framework/Versions/A/IOBluetooth
0x000000019833d000 	/System/Library/PrivateFrameworks/IconFoundation.framework/Versions/A/IconFoundation
0x0000000257d5f000 	/System/Library/PrivateFrameworks/IconRendering.framework/Versions/A/IconRendering
0x000000028ac47000 	/System/Library/PrivateFrameworks/SFSymbols.framework/Versions/A/SFSymbols
0x00000001980e5000 	/usr/lib/libIOReport.dylib
0x00000001e466a000 	/System/Library/PrivateFrameworks/WiFiPeerToPeer.framework/Versions/A/WiFiPeerToPeer
0x0000000232631000 	/System/Library/PrivateFrameworks/Centauri.framework/Versions/A/Centauri
0x0000000186f08000 	/System/Library/PrivateFrameworks/Lexicon.framework/Versions/A/Lexicon
0x00000002aaa21000 	/usr/lib/libmrc.dylib
0x000000025d47f000 	/System/Library/PrivateFrameworks/IPConfiguration.framework/Versions/A/IPConfiguration
0x00000001d46aa000 	/System/Library/PrivateFrameworks/Netrb.framework/Versions/A/Netrb
0x0000000193fe1000 	/System/Library/PrivateFrameworks/LinguisticData.framework/Versions/A/LinguisticData
0x00000001a2cae000 	/System/Library/PrivateFrameworks/GraphicsServices.framework/Versions/A/GraphicsServices
0x000000019657c000 	/System/Library/Frameworks/UserNotifications.framework/Versions/A/UserNotifications
0x00000001a5a1a000 	/System/Library/Frameworks/AudioUnit.framework/Versions/A/AudioUnit
0x00000001a2cbe000 	/System/Library/Frameworks/CryptoTokenKit.framework/Versions/A/CryptoTokenKit
0x0000000190bfd000 	/System/Library/PrivateFrameworks/login.framework/Versions/A/Frameworks/loginsupport.framework/Versions/A/loginsupport
0x0000000198258000 	/usr/lib/libMatch.1.dylib
0x00000001a5a16000 	/System/Library/PrivateFrameworks/CryptoKitCBridging.framework/Versions/A/CryptoKitCBridging
0x00000001a537c000 	/System/Library/PrivateFrameworks/AppleIDSSOAuthentication.framework/Versions/A/AppleIDSSOAuthentication
0x00000002a0ef1000 	/System/Library/PrivateFrameworks/VideoToolboxParavirtualizationSupport.framework/Versions/A/VideoToolboxParavirtualizationSupport
0x00000001982ce000 	/System/Library/PrivateFrameworks/AppleVA.framework/Versions/A/AppleVA
0x000000021c9c6000 	/System/Library/Frameworks/AVFAudio.framework/Versions/A/AVFAudio
0x00000001a2897000 	/System/Library/PrivateFrameworks/AVFCore.framework/Versions/A/AVFCore
0x00000001ac444000 	/System/Library/PrivateFrameworks/AVFCapture.framework/Versions/A/AVFCapture
0x000000021caf6000 	/System/Library/Frameworks/AVRouting.framework/Versions/A/AVRouting
0x00000002606d5000 	/System/Library/PrivateFrameworks/IsolatedCoreAudioClient.framework/Versions/A/IsolatedCoreAudioClient
0x0000000234d50000 	/System/Library/PrivateFrameworks/CoreAudioOrchestration.framework/Versions/A/CoreAudioOrchestration
0x00000001a0eac000 	/System/Library/Frameworks/MediaAccessibility.framework/Versions/A/MediaAccessibility
0x0000000199938000 	/System/Library/Frameworks/MediaToolbox.framework/Versions/A/MediaToolbox
0x00000001a1f7d000 	/System/Library/PrivateFrameworks/CoreAVCHD.framework/Versions/A/CoreAVCHD
0x00000001a1f79000 	/System/Library/PrivateFrameworks/Mangrove.framework/Versions/A/Mangrove
0x00000001a1f6d000 	/System/Library/PrivateFrameworks/CoreAUC.framework/Versions/A/CoreAUC
0x0000000199405000 	/System/Library/PrivateFrameworks/GPUWrangler.framework/Versions/A/GPUWrangler
0x00000001993e6000 	/System/Library/PrivateFrameworks/IOPresentment.framework/Versions/A/IOPresentment
0x000000019940d000 	/System/Library/PrivateFrameworks/DSExternalDisplay.framework/Versions/A/DSExternalDisplay
0x00000001ac7f8000 	/System/Library/PrivateFrameworks/CMCapture.framework/Versions/A/CMCapture
0x00000002339e7000 	/System/Library/PrivateFrameworks/CMPhoto.framework/Versions/A/CMPhoto
0x00000002337cb000 	/System/Library/PrivateFrameworks/CMImaging.framework/Versions/A/CMImaging
0x00000001ac6ca000 	/System/Library/PrivateFrameworks/Quagga.framework/Versions/A/Quagga
0x000000019b3d7000 	/System/Library/Frameworks/CoreMediaIO.framework/Versions/A/CoreMediaIO
0x00000002336cd000 	/System/Library/PrivateFrameworks/CMCaptureDevice.framework/Versions/A/CMCaptureDevice
0x0000000232b8b000 	/System/Library/PrivateFrameworks/CinematicFraming.framework/Versions/A/CinematicFraming
0x0000000269dfe000 	/System/Library/PrivateFrameworks/ModelManagerServices.framework/Versions/A/ModelManagerServices
0x0000000231584000 	/System/Library/PrivateFrameworks/ByteMatrixVerification.framework/Versions/A/ByteMatrixVerification
0x00000001e27fc000 	/usr/lib/libFDRDecode.dylib
0x000000022cd1b000 	/System/Library/PrivateFrameworks/AppleJPEGXL.framework/Versions/A/AppleJPEGXL
0x000000023cc26000 	/System/Library/PrivateFrameworks/CryptoKitPrivate.framework/Versions/A/CryptoKitPrivate
0x00000001a5b54000 	/System/Library/PrivateFrameworks/Espresso.framework/Versions/A/Espresso
0x00000001b4d92000 	/System/Library/Frameworks/CoreMotion.framework/Versions/A/CoreMotion
0x000000020e3f1000 	/System/Library/PrivateFrameworks/ANECompiler.framework/Versions/A/ANECompiler
0x00000001a7b28000 	/System/Library/PrivateFrameworks/AppleNeuralEngine.framework/Versions/A/AppleNeuralEngine
0x0000000264398000 	/System/Library/PrivateFrameworks/MIL.framework/Versions/A/MIL
0x000000022099d000 	/System/Library/Frameworks/MetalPerformanceShadersGraph.framework/Versions/A/MetalPerformanceShadersGraph
0x0000000264c81000 	/System/Library/PrivateFrameworks/MLCompilerServices.framework/Versions/A/MLCompilerServices
0x00000001a6987000 	/System/Library/PrivateFrameworks/ANEServices.framework/Versions/A/ANEServices
0x00000001bb35f000 	/usr/lib/libncurses.5.4.dylib
0x00000002a8e5d000 	/System/Library/SubFrameworks/CoreAIRuntime.framework/Versions/A/CoreAIRuntime
0x00000002a7e1d000 	/System/Library/SubFrameworks/CoreAICompiler.framework/Versions/A/CoreAICompiler
0x00000002a7dfd000 	/System/Library/SubFrameworks/CoreAICommon.framework/Versions/A/CoreAICommon
0x000000026f069000 	/System/Library/PrivateFrameworks/ODIE.framework/Versions/A/ODIE
0x0000000264c26000 	/System/Library/PrivateFrameworks/MLCompilerRuntime.framework/Versions/A/MLCompilerRuntime
0x0000000243571000 	/System/Library/PrivateFrameworks/DistributedSensing.framework/Versions/A/DistributedSensing
0x00000001c0957000 	/System/Library/PrivateFrameworks/MobileBluetooth.framework/Versions/A/MobileBluetooth
0x000000022cb6d000 	/System/Library/PrivateFrameworks/AppleIntelligenceReporting.framework/Versions/A/AppleIntelligenceReporting
0x00000001dc6cf000 	/System/Library/PrivateFrameworks/HIDDisplay.framework/Versions/A/HIDDisplay
0x00000002a2f74000 	/System/Library/PrivateFrameworks/WallpaperServices.framework/Versions/A/WallpaperServices
0x000000019943d000 	/System/Library/Frameworks/ApplicationServices.framework/Versions/A/Frameworks/ATSUI.framework/Versions/A/ATSUI
0x000000019b5a4000 	/usr/lib/libcups.2.dylib
0x000000019b635000 	/System/Library/Frameworks/Kerberos.framework/Versions/A/Kerberos
0x000000019b646000 	/System/Library/Frameworks/GSS.framework/Versions/A/GSS
0x000000019b2e3000 	/usr/lib/libresolv.9.dylib
0x00000001985a8000 	/System/Library/PrivateFrameworks/Heimdal.framework/Versions/A/Heimdal
0x00000001a5a19000 	/System/Library/Frameworks/Kerberos.framework/Versions/A/Libraries/libHeimdalProxy.dylib
0x000000019b696000 	/System/Library/PrivateFrameworks/CommonAuth.framework/Versions/A/CommonAuth
0x00000001aed8a000 	/System/Library/PrivateFrameworks/AXCoreUtilities.framework/Versions/A/AXCoreUtilities
0x00000001e2845000 	/usr/lib/libedit.3.dylib
0x00000002a9fc1000 	/usr/lib/libAXSafeCategoryBundle.dylib
0x00000001aeee0000 	/usr/lib/libAccessibility.dylib
0x0000000226962000 	/System/Library/Frameworks/TabularData.framework/Versions/A/TabularData
0x000000022f07f000 	/System/Library/PrivateFrameworks/ArgumentParserInternal.framework/Versions/A/ArgumentParserInternal
0x000000019520f000 	/System/Library/Frameworks/Accelerate.framework/Versions/A/Frameworks/vecLib.framework/Versions/A/libvDSP.dylib
0x0000000196b57000 	/System/Library/Frameworks/Accelerate.framework/Versions/A/Frameworks/vecLib.framework/Versions/A/libLAPACK.dylib
0x0000000195b38000 	/System/Library/Frameworks/Accelerate.framework/Versions/A/Frameworks/vecLib.framework/Versions/A/libLinearAlgebra.dylib
0x0000000196a4a000 	/System/Library/Frameworks/Accelerate.framework/Versions/A/Frameworks/vecLib.framework/Versions/A/libSparseBLAS.dylib
0x0000000196b52000 	/System/Library/Frameworks/Accelerate.framework/Versions/A/Frameworks/vecLib.framework/Versions/A/libQuadrature.dylib
0x0000000193fe7000 	/System/Library/Frameworks/Accelerate.framework/Versions/A/Frameworks/vecLib.framework/Versions/A/libBNNS.dylib
0x000000018701a000 	/System/Library/Frameworks/Accelerate.framework/Versions/A/Frameworks/vecLib.framework/Versions/A/libSparse.dylib
0x0000000243cc0000 	/System/Library/PrivateFrameworks/Ecosystem.framework/Versions/A/Ecosystem
0x0000000258d9f000 	/System/Library/PrivateFrameworks/InstalledContentLibrary.framework/Versions/A/InstalledContentLibrary
0x000000018a10a000 	/System/Library/PrivateFrameworks/CoreServicesStore.framework/Versions/A/CoreServicesStore
0x00000001a7aec000 	/System/Library/PrivateFrameworks/Seeding.framework/Versions/A/Seeding
0x00000002ab051000 	/usr/lib/libSpatial.dylib
0x000000022d1f8000 	/System/Library/PrivateFrameworks/AppleMobileFileIntegrity.framework/Versions/A/AppleMobileFileIntegrity
0x00000001c9870000 	/System/Library/PrivateFrameworks/MobileSystemServices.framework/Versions/A/MobileSystemServices
0x000000020deb2000 	/System/Library/PrivateFrameworks/ConfigProfileHelper.framework/Versions/A/ConfigProfileHelper
0x0000000197fa8000 	/usr/lib/libxslt.1.dylib
0x000000019545d000 	/System/Library/PrivateFrameworks/BackgroundTaskManagement.framework/Versions/A/BackgroundTaskManagement
0x00000001a4d09000 	/usr/lib/libcurl.4.dylib
0x00000002aa16a000 	/usr/lib/libcrypto.46.dylib
0x00000002ab0ae000 	/usr/lib/libssl.48.dylib
0x00000001a49ff000 	/System/Library/Frameworks/LDAP.framework/Versions/A/LDAP
0x00000001a4a3a000 	/System/Library/PrivateFrameworks/TrustEvaluationAgent.framework/Versions/A/TrustEvaluationAgent
0x000000019b2ff000 	/usr/lib/libsasl2.2.dylib
0x0000000249af6000 	/System/Library/PrivateFrameworks/GenerativeModelsFoundation.framework/Versions/A/GenerativeModelsFoundation
0x000000029b5a7000 	/System/Library/PrivateFrameworks/TokenGeneration.framework/Versions/A/TokenGeneration
0x00000002498b1000 	/System/Library/PrivateFrameworks/GenerativeFunctions.framework/Versions/A/GenerativeFunctions
0x00000002494e2000 	/System/Library/PrivateFrameworks/GenerativeAgents.framework/Versions/A/GenerativeAgents
0x0000000249901000 	/System/Library/PrivateFrameworks/GenerativeFunctionsFoundation.framework/Versions/A/GenerativeFunctionsFoundation
0x0000000269821000 	/System/Library/PrivateFrameworks/ModelCatalog.framework/Versions/A/ModelCatalog
0x0000000289ed9000 	/System/Library/PrivateFrameworks/SensitiveContentAnalysisML.framework/Versions/A/SensitiveContentAnalysisML
0x000000024999a000 	/System/Library/PrivateFrameworks/GenerativeFunctionsInstrumentation.framework/Versions/A/GenerativeFunctionsInstrumentation
0x0000000286718000 	/System/Library/PrivateFrameworks/PromptKit.framework/Versions/A/PromptKit
0x000000028601a000 	/System/Library/PrivateFrameworks/ProactiveDaemonSupport.framework/Versions/A/ProactiveDaemonSupport
0x00000001b642f000 	/System/Library/Frameworks/NaturalLanguage.framework/Versions/A/NaturalLanguage
0x0000000195355000 	/System/Library/PrivateFrameworks/CoreEmoji.framework/Versions/A/CoreEmoji
0x000000029b71d000 	/System/Library/PrivateFrameworks/TokenGenerationCore.framework/Versions/A/TokenGenerationCore
0x00000002ab688000 	/usr/lib/swift/libswiftMLCompute.dylib
0x00000001e4600000 	/usr/lib/swift/libswiftNaturalLanguage.dylib
0x000000029de1b000 	/System/Library/PrivateFrameworks/UnifiedAssetFramework.framework/Versions/A/UnifiedAssetFramework
0x000000028b3b7000 	/System/Library/PrivateFrameworks/SiriAnalytics.framework/Versions/A/SiriAnalytics
0x00000001bbb27000 	/System/Library/PrivateFrameworks/SiriInstrumentation.framework/Versions/A/SiriInstrumentation
0x00000001b70fa000 	/System/Library/PrivateFrameworks/Trial.framework/Versions/A/Trial
0x00000001b708a000 	/System/Library/PrivateFrameworks/TrialProto.framework/Versions/A/TrialProto
0x00000001b94ea000 	/System/Library/PrivateFrameworks/FeedbackLogger.framework/Versions/A/FeedbackLogger
0x000000023d1ad000 	/System/Library/PrivateFrameworks/Dendrite.framework/Versions/A/Dendrite
0x000000022c74f000 	/System/Library/PrivateFrameworks/AppleFlatBuffers.framework/Versions/A/AppleFlatBuffers
0x000000028a23b000 	/System/Library/PrivateFrameworks/SentencePieceInternal.framework/Versions/A/SentencePieceInternal
0x000000023abda000 	/System/Library/PrivateFrameworks/CoreSceneUnderstanding.framework/Versions/A/CoreSceneUnderstanding
0x00000002a0ef3000 	/System/Library/PrivateFrameworks/VisionCore.framework/Versions/A/VisionCore
0x00000001886b1000 	/System/Library/PrivateFrameworks/LanguageModeling.framework/Versions/A/LanguageModeling
0x000000019113a000 	/System/Library/Frameworks/CoreML.framework/Versions/A/CoreML
0x0000000195df2000 	/System/Library/Frameworks/MLCompute.framework/Versions/A/MLCompute
0x0000000264bab000 	/System/Library/PrivateFrameworks/MLAssetIO.framework/Versions/A/MLAssetIO
0x000000018d925000 	/System/Library/PrivateFrameworks/Montreal.framework/Versions/A/Montreal
0x0000000196895000 	/usr/lib/libcmph.dylib
0x00000001b316b000 	/usr/lib/swift/libswiftCoreGraphics.dylib
0x00000001a16f2000 	/usr/lib/swift/libswiftFoundation.dylib
0x000000020d47a000 	/usr/lib/swift/libswiftSwiftOnoneSupport.dylib
0x00000002ab84f000 	/usr/lib/swift/libswiftsys_time.dylib
0x00000001d46da000 	/System/Library/PrivateFrameworks/CoreMaterial.framework/Versions/A/CoreMaterial
0x000000019d467000 	/System/Library/PrivateFrameworks/PrototypeTools.framework/Versions/A/PrototypeTools
0x0000000185931000 	/usr/lib/libsharedcache.dylib
0x00000001954dc000 	/usr/lib/objc/libobjcMsgSend1.dylib
0x000000019d4dc000 	/usr/lib/objc/libobjcMsgSend2.dylib
0x00000001a54dc000 	/usr/lib/objc/libobjcMsgSend3.dylib
0x00000001ad4dc000 	/usr/lib/objc/libobjcMsgSend4.dylib
0x00000001b54dc000 	/usr/lib/objc/libobjcMsgSend5.dylib
0x00000001bd4dc000 	/usr/lib/objc/libobjcMsgSend6.dylib
0x00000001c54dc000 	/usr/lib/objc/libobjcMsgSend7.dylib
0x00000001cd4dc000 	/usr/lib/objc/libobjcMsgSend8.dylib
0x00000001d54dc000 	/usr/lib/objc/libobjcMsgSend9.dylib
0x00000001dd4dc000 	/usr/lib/objc/libobjcMsgSend10.dylib
0x00000001e54dc000 	/usr/lib/objc/libobjcMsgSend11.dylib
0x000000020d4dc000 	/usr/lib/objc/libobjcMsgSend12.dylib
0x00000002154dc000 	/usr/lib/objc/libobjcMsgSend13.dylib
0x000000021d4dc000 	/usr/lib/objc/libobjcMsgSend14.dylib
0x00000002254dc000 	/usr/lib/objc/libobjcMsgSend15.dylib
0x000000022d4dc000 	/usr/lib/objc/libobjcMsgSend16.dylib
0x00000002354dc000 	/usr/lib/objc/libobjcMsgSend17.dylib
0x000000023d4dc000 	/usr/lib/objc/libobjcMsgSend18.dylib
0x00000002454dc000 	/usr/lib/objc/libobjcMsgSend19.dylib
0x000000024d4dc000 	/usr/lib/objc/libobjcMsgSend20.dylib
0x00000002554dc000 	/usr/lib/objc/libobjcMsgSend21.dylib
0x000000025d4dc000 	/usr/lib/objc/libobjcMsgSend22.dylib
0x00000002654dc000 	/usr/lib/objc/libobjcMsgSend23.dylib
0x000000026d4dc000 	/usr/lib/objc/libobjcMsgSend24.dylib
0x00000002754dc000 	/usr/lib/objc/libobjcMsgSend25.dylib
0x000000028d4dc000 	/usr/lib/objc/libobjcMsgSend26.dylib
0x00000002954dc000 	/usr/lib/objc/libobjcMsgSend27.dylib
0x000000029d4dc000 	/usr/lib/objc/libobjcMsgSend28.dylib
0x00000002a54dc000 	/usr/lib/objc/libobjcMsgSend29.dylib
0x00000002ad4dc000 	/usr/lib/objc/libobjcMsgSend30.dylib
0x00000002b54dc000 	/usr/lib/objc/libobjcMsgSend31.dylib
0x00000002bd4dc000 	/usr/lib/objc/libobjcMsgSend32.dylib
0x00000002c54dc000 	/usr/lib/objc/libobjcMsgSend33.dylib
0x0000000103c24000 	/Library/Java/JavaVirtualMachines/jdk-17.jdk/Contents/Home/lib/server/libjvm.dylib
0x00000001028b0000 	/Library/Java/JavaVirtualMachines/jdk-17.jdk/Contents/Home/lib/libjimage.dylib
0x0000000102938000 	/Library/Java/JavaVirtualMachines/jdk-17.jdk/Contents/Home/lib/libjava.dylib
0x0000000102bcc000 	/Library/Java/JavaVirtualMachines/jdk-17.jdk/Contents/Home/lib/libnio.dylib
0x0000000102c10000 	/Library/Java/JavaVirtualMachines/jdk-17.jdk/Contents/Home/lib/libnet.dylib
0x0000000102c5c000 	/Library/Java/JavaVirtualMachines/jdk-17.jdk/Contents/Home/lib/libzip.dylib
0x0000000135820000 	/private/var/folders/qs/1z8n9dmd7zzb94z08tkj426h0000gn/T/opencv_openpnp266645464510199609/nu/pattern/opencv/osx/ARMv8/libopencv_java490.dylib
0x000000021244b000 	/System/Library/Frameworks/OpenCL.framework/Versions/A/OpenCL
0x0000000198668000 	/System/Library/PrivateFrameworks/login.framework/Versions/A/login
0x00000001a2d49000 	/System/Library/Frameworks/LocalAuthentication.framework/Versions/A/LocalAuthentication
0x0000000261bec000 	/System/Library/PrivateFrameworks/LocalAuthenticationCore.framework/Versions/A/LocalAuthenticationCore
0x0000000261dee000 	/System/Library/PrivateFrameworks/LocalAuthenticationCredentialServices.framework/Versions/A/LocalAuthenticationCredentialServices
0x00000001a2da6000 	/System/Library/Frameworks/LocalAuthentication.framework/Support/SharedUtils.framework/Versions/A/SharedUtils
0x000000012f1d8000 	/System/Library/Frameworks/CoreMediaIO.framework/Versions/A/Resources/BaseUnits/CMIOBaseUnits.bundle/Contents/MacOS/CMIOBaseUnits
0x00000001a0ef6000 	/System/Library/Frameworks/Vision.framework/Versions/A/Vision
0x00000001bf94f000 	/System/Library/Frameworks/Vision.framework/libfaceCore.dylib
0x00000001c0474000 	/System/Library/PrivateFrameworks/Futhark.framework/Versions/A/Futhark
0x00000001c3b4e000 	/System/Library/PrivateFrameworks/InertiaCam.framework/Versions/A/InertiaCam
0x00000001c01f6000 	/System/Library/PrivateFrameworks/TextRecognition.framework/Versions/A/TextRecognition
0x000000022b750000 	/System/Library/PrivateFrameworks/ANSTKit.framework/Versions/A/ANSTKit
0x000000019811a000 	/System/Library/PrivateFrameworks/CVNLP.framework/Versions/A/CVNLP
0x00000002747c9000 	/System/Library/PrivateFrameworks/Portrait.framework/Versions/A/Portrait
0x000000022c51e000 	/System/Library/PrivateFrameworks/AppleDepth.framework/Versions/A/AppleDepth
0x0000000246a53000 	/System/Library/PrivateFrameworks/FusionTracker.framework/Versions/A/FusionTracker
0x0000000232bcb000 	/System/Library/PrivateFrameworks/CinematicUtil.framework/Versions/A/CinematicUtil
0x0000000232b79000 	/System/Library/PrivateFrameworks/CinematicCommunication.framework/Versions/A/CinematicCommunication
0x000000022c677000 	/System/Library/PrivateFrameworks/AppleDepthCore.framework/Versions/A/AppleDepthCore
0x00000001d40bd000 	/System/Library/PrivateFrameworks/DiagnosticRequest.framework/Versions/A/DiagnosticRequest
0x000000011f500000 	/System/Library/Frameworks/CoreMediaIO.framework/Versions/A/Resources/CMIOUnits.bundle/Contents/MacOS/CMIOUnits
0x00000001c941a000 	/System/Library/PrivateFrameworks/FWAVC.framework/Versions/A/FWAVC
0x00000001b4d91000 	/System/Library/Frameworks/Carbon.framework/Versions/A/Carbon
0x00000001aa283000 	/System/Library/Frameworks/Carbon.framework/Versions/A/Frameworks/CommonPanels.framework/Versions/A/CommonPanels
0x00000001a4cf6000 	/System/Library/Frameworks/Carbon.framework/Versions/A/Frameworks/Help.framework/Versions/A/Help
0x00000001aa287000 	/System/Library/Frameworks/Carbon.framework/Versions/A/Frameworks/ImageCapture.framework/Versions/A/ImageCapture
0x00000001aa263000 	/System/Library/Frameworks/Carbon.framework/Versions/A/Frameworks/OpenScripting.framework/Versions/A/OpenScripting
0x00000001aa282000 	/System/Library/Frameworks/Carbon.framework/Versions/A/Frameworks/Ink.framework/Versions/A/Ink
0x00000001aa27f000 	/System/Library/Frameworks/Carbon.framework/Versions/A/Frameworks/SecurityHI.framework/Versions/A/SecurityHI
0x00000002aa9bb000 	/usr/lib/libInterpreterSecurity.dylib
0x00000001cb37f000 	/System/Library/PrivateFrameworks/XprotectFramework.framework/Versions/A/XprotectFramework
0x00000001ae27a000 	/System/Library/PrivateFrameworks/yara.framework/Versions/A/yara
0x00000002aa4d8000 	/usr/lib/libEndpointSecuritySystem.dylib
0x0000000134268000 	/System/Library/Components/AudioCodecs.component/Contents/MacOS/AudioCodecs
0x0000000171bec000 	/Users/dimasadipratama/.skiko/b575009fb1c6be00b2247acc8cb2294d1ffef4caeaa19a53956270917362bdd4/libskiko-macos-arm64.dylib
0x000000012e900000 	/Library/Java/JavaVirtualMachines/jdk-17.jdk/Contents/Home/lib/libawt.dylib
0x000000012e9b0000 	/Library/Java/JavaVirtualMachines/jdk-17.jdk/Contents/Home/lib/libmlib_image.dylib
0x000000021faf3000 	/System/Library/Frameworks/JavaRuntimeSupport.framework/Versions/A/JavaRuntimeSupport
0x000000012f330000 	/Library/Java/JavaVirtualMachines/jdk-17.jdk/Contents/Home/lib/libawt_lwawt.dylib
0x000000011f398000 	/Library/Java/JavaVirtualMachines/jdk-17.jdk/Contents/Home/lib/libosxapp.dylib
0x00000001b31b9000 	/System/Library/Frameworks/ExceptionHandling.framework/Versions/A/ExceptionHandling
0x0000000130d28000 	/Library/Java/JavaVirtualMachines/jdk-17.jdk/Contents/Home/lib/libfontmanager.dylib
0x000000012eabc000 	/Library/Java/JavaVirtualMachines/jdk-17.jdk/Contents/Home/lib/libfreetype.dylib
0x000000021bfda000 	/System/Library/Frameworks/AppIntents.framework/Versions/A/AppIntents
0x000000022487a000 	/System/Library/Frameworks/RelevanceKit.framework/Versions/A/RelevanceKit
0x00000001965bb000 	/System/Library/Frameworks/CoreSpotlight.framework/Versions/A/CoreSpotlight
0x00000002619af000 	/System/Library/PrivateFrameworks/LinkServices.framework/Versions/A/LinkServices
0x000000021c57a000 	/System/Library/Frameworks/AppIntentsTypeSupport.framework/Versions/A/AppIntentsTypeSupport
0x00000001a1926000 	/System/Library/Frameworks/Contacts.framework/Versions/A/Contacts
0x0000000243923000 	/System/Library/PrivateFrameworks/DoNotDisturb.framework/Versions/A/DoNotDisturb
0x00000002617f0000 	/System/Library/PrivateFrameworks/LinkMetadata.framework/Versions/A/LinkMetadata
0x00000001b680b000 	/usr/lib/swift/libswiftIntents.dylib
0x000000029626c000 	/System/Library/PrivateFrameworks/SpotlightEmbeddingCore.framework/Versions/A/SpotlightEmbeddingCore
0x00000001a17a9000 	/System/Library/PrivateFrameworks/ContactsPersistence.framework/Versions/A/ContactsPersistence
0x000000019d2cf000 	/System/Library/PrivateFrameworks/AppleLDAP.framework/Versions/A/AppleLDAP
0x00000001a5026000 	/System/Library/Frameworks/ClassKit.framework/Versions/A/ClassKit
0x00000001a761b000 	/System/Library/PrivateFrameworks/CoreSuggestions.framework/Versions/A/CoreSuggestions
0x00000001a16f3000 	/System/Library/PrivateFrameworks/ContactsFoundation.framework/Versions/A/ContactsFoundation
0x00000001a2c7f000 	/System/Library/PrivateFrameworks/vCard.framework/Versions/A/vCard
0x000000023465c000 	/System/Library/PrivateFrameworks/ContactsMetrics.framework/Versions/A/ContactsMetrics
0x00000002625a7000 	/System/Library/PrivateFrameworks/ManagedOrganizationContacts.framework/Versions/A/ManagedOrganizationContacts
0x0000000191090000 	/System/Library/PrivateFrameworks/CloudDocs.framework/Versions/A/CloudDocs
0x00000001ae7e4000 	/System/Library/PrivateFrameworks/ProactiveEventTracker.framework/Versions/A/ProactiveEventTracker
0x00000001bb496000 	/System/Library/PrivateFrameworks/IntentsCore.framework/Versions/A/IntentsCore
0x00000002301ab000 	/System/Library/PrivateFrameworks/AvailabilityKit.framework/Versions/A/AvailabilityKit
0x000000022beca000 	/System/Library/PrivateFrameworks/AppIntentSchemas.framework/Versions/A/AppIntentSchemas
0x000000021ef68000 	/System/Library/Frameworks/GeoToolbox.framework/Versions/A/GeoToolbox
0x0000000220876000 	/System/Library/Frameworks/MediaIntents.framework/Versions/A/MediaIntents
0x000000024cc9c000 	/System/Library/PrivateFrameworks/GRDBInternal.framework/Versions/A/GRDBInternal
0x000000026269c000 	/System/Library/PrivateFrameworks/MarketplaceIntents.framework/Versions/A/MarketplaceIntents
0x0000000296b03000 	/System/Library/PrivateFrameworks/StatusKit.framework/Versions/A/StatusKit
0x000000019251d000 	/System/Library/Frameworks/CoreLocation.framework/Versions/A/CoreLocation
0x00000001a3f30000 	/System/Library/Frameworks/Intents.framework/Versions/A/Intents
0x0000000190c00000 	/System/Library/PrivateFrameworks/ApplePushService.framework/Versions/A/ApplePushService
0x0000000190c5b000 	/System/Library/Frameworks/CloudKit.framework/Versions/A/CloudKit
0x000000018d491000 	/System/Library/PrivateFrameworks/CommonUtilities.framework/Versions/A/CommonUtilities
0x00000001988c2000 	/System/Library/PrivateFrameworks/Bom.framework/Versions/A/Bom
0x000000019b31d000 	/usr/lib/libParallelCompression.dylib
0x0000000224ab7000 	/System/Library/Frameworks/SharedWithYouCore.framework/Versions/A/SharedWithYouCore
0x0000000233668000 	/System/Library/PrivateFrameworks/CloudTelemetry.framework/Versions/A/CloudTelemetry
0x00000001a50cc000 	/System/Library/PrivateFrameworks/AppleAccount.framework/Versions/A/AppleAccount
0x000000019b768000 	/System/Library/PrivateFrameworks/CacheDelete.framework/Versions/A/CacheDelete
0x0000000233273000 	/System/Library/PrivateFrameworks/CloudCoreInternal.framework/Versions/A/CloudCoreInternal
0x0000000232fee000 	/System/Library/PrivateFrameworks/CloudAsset.framework/Versions/A/CloudAsset
0x00000001a5ad3000 	/System/Library/Frameworks/PushKit.framework/Versions/A/PushKit
0x00000001a5ada000 	/System/Library/PrivateFrameworks/C2.framework/Versions/A/C2
0x00000001bcab9000 	/usr/lib/swift/libswiftCoreLocation.dylib
0x00000001a1fab000 	/System/Library/Frameworks/FileProvider.framework/Versions/A/FileProvider
0x00000001a212d000 	/System/Library/PrivateFrameworks/GenerationalStorage.framework/Versions/A/GenerationalStorage
0x000000018ba15000 	/System/Library/PrivateFrameworks/DesktopServicesPriv.framework/Versions/A/DesktopServicesPriv
0x000000019cb77000 	/System/Library/PrivateFrameworks/Sharing.framework/Versions/A/Sharing
0x000000022ff9c000 	/System/Library/PrivateFrameworks/AutoUnlock.framework/Versions/A/AutoUnlock
0x000000019c573000 	/System/Library/PrivateFrameworks/IDSFoundation.framework/Versions/A/IDSFoundation
0x00000001a44bf000 	/System/Library/PrivateFrameworks/Apple80211.framework/Versions/A/Apple80211
0x00000001953d0000 	/System/Library/Frameworks/CoreWLAN.framework/Versions/A/CoreWLAN
0x000000028ad23000 	/System/Library/PrivateFrameworks/SharingCore.framework/Versions/A/SharingCore
0x00000001b65a4000 	/System/Library/PrivateFrameworks/BiometricKit.framework/Versions/A/BiometricKit
0x000000019af92000 	/System/Library/PrivateFrameworks/IMFoundation.framework/Versions/A/IMFoundation
0x00000001ae279000 	/System/Library/PrivateFrameworks/Marco.framework/Versions/A/Marco
0x00000001aa250000 	/System/Library/PrivateFrameworks/Engram.framework/Versions/A/Engram
0x00000002a538a000 	/System/Library/PrivateFrameworks/XPCDistributed.framework/Versions/A/XPCDistributed
0x00000001aa1fd000 	/usr/lib/libtidy.A.dylib
0x000000023368c000 	/System/Library/PrivateFrameworks/CloudTelemetryShared.framework/Versions/A/CloudTelemetryShared
0x00000001a78ca000 	/System/Library/PrivateFrameworks/RTCReporting.framework/Versions/A/RTCReporting
0x000000019c373000 	/System/Library/PrivateFrameworks/IDS.framework/Versions/A/IDS
0x0000000228979000 	/System/Library/PrivateFrameworks/AAAFoundationSwift.framework/Versions/A/AAAFoundationSwift
0x00000001ad252000 	/System/Library/PrivateFrameworks/AccountsDaemon.framework/Versions/A/AccountsDaemon
0x00000001a541e000 	/System/Library/PrivateFrameworks/CoreUtilsSwift.framework/Versions/A/CoreUtilsSwift
0x00000001b633a000 	/System/Library/PrivateFrameworks/FTServices.framework/Versions/A/FTServices
0x000000022f964000 	/System/Library/PrivateFrameworks/AsyncAlgorithmsInternal.framework/Versions/A/AsyncAlgorithmsInternal
0x00000001c469f000 	/System/Library/PrivateFrameworks/FTAWD.framework/Versions/A/FTAWD
0x00000001ad2f9000 	/System/Library/PrivateFrameworks/OAuth.framework/Versions/A/OAuth
0x00000001a5ac6000 	/System/Library/PrivateFrameworks/IntentsFoundation.framework/Versions/A/IntentsFoundation
0x000000011f5e8000 	/usr/lib/libobjc-trampolines.dylib
0x00000001c0532000 	/System/Library/CoreServices/RawCamera.bundle/Contents/MacOS/RawCamera
0x00000001dc609000 	/usr/lib/libAppleEXR.dylib
0x00000001bca9e000 	/System/Library/Frameworks/Accelerate.framework/Versions/A/Frameworks/vImage.framework/Versions/A/Libraries/libCGInterfaces.dylib
0x00000002a9855000 	/usr/lib/libAccessibilityBaseImplementations.dylib
0x00000002a5300000 	/System/Library/PrivateFrameworks/WritingToolsUI.framework/Versions/A/WritingToolsUI
0x0000000258cbc000 	/System/Library/PrivateFrameworks/InputTestFoundation.framework/Versions/A/InputTestFoundation
0x0000000249731000 	/System/Library/PrivateFrameworks/GenerativeAssistantSettings.framework/Versions/A/GenerativeAssistantSettings
0x0000000298d7c000 	/System/Library/PrivateFrameworks/TextComposer.framework/Versions/A/TextComposer
0x000000019088c000 	/System/Library/PrivateFrameworks/ViewBridge.framework/Versions/A/ViewBridge
0x00000001bdfa8000 	/System/Library/Frameworks/SwiftUI.framework/Versions/A/SwiftUI
0x0000000249706000 	/System/Library/PrivateFrameworks/GenerativeAssistantCommon.framework/Versions/A/GenerativeAssistantCommon
0x000000022b997000 	/System/Library/PrivateFrameworks/Anvil.framework/Versions/A/Anvil
0x0000000249b6e000 	/System/Library/PrivateFrameworks/GenerativePartnerService.framework/Versions/A/GenerativePartnerService
0x0000000249c05000 	/System/Library/PrivateFrameworks/GenerativePartnerServiceUI.framework/Versions/A/GenerativePartnerServiceUI
0x00000001a8cc4000 	/System/Library/PrivateFrameworks/AssistantServices.framework/Versions/A/AssistantServices
0x00000001a2f28000 	/System/Library/PrivateFrameworks/SAObjects.framework/Versions/A/SAObjects
0x00000001a892e000 	/System/Library/PrivateFrameworks/MediaRemote.framework/Versions/A/MediaRemote
0x00000002939da000 	/System/Library/PrivateFrameworks/SiriTTSService.framework/Versions/A/SiriTTSService
0x00000002447c2000 	/System/Library/PrivateFrameworks/FaceTimeNameUtility.framework/Versions/A/FaceTimeNameUtility
0x000000028d923000 	/System/Library/PrivateFrameworks/SiriCrossDeviceArbitrationFeedback.framework/Versions/A/SiriCrossDeviceArbitrationFeedback
0x000000028d8e0000 	/System/Library/PrivateFrameworks/SiriCrossDeviceArbitration.framework/Versions/A/SiriCrossDeviceArbitration
0x00000001d1f2f000 	/usr/lib/swift/libswiftCoreMedia.dylib
0x00000001ca0c0000 	/System/Library/PrivateFrameworks/UIKitServices.framework/Versions/A/UIKitServices
0x00000001ae141000 	/System/Library/PrivateFrameworks/MediaServices.framework/Versions/A/MediaServices
0x0000000198523000 	/System/Library/PrivateFrameworks/PersistentConnection.framework/Versions/A/PersistentConnection
0x00000002959d9000 	/System/Library/PrivateFrameworks/SonicFoundation.framework/Versions/A/SonicFoundation
0x00000001bdf75000 	/usr/lib/libtailspin.dylib
0x0000000295fcb000 	/System/Library/PrivateFrameworks/SpeechEngine.framework/Versions/A/SpeechEngine
0x00000001d16f1000 	/System/Library/PrivateFrameworks/Osprey.framework/Versions/A/Osprey
0x0000000293045000 	/System/Library/PrivateFrameworks/SiriTTS.framework/Versions/A/SiriTTS
0x00000001bf817000 	/System/Library/PrivateFrameworks/EmojiFoundation.framework/Versions/A/EmojiFoundation
0x00000002919e0000 	/System/Library/PrivateFrameworks/SiriPowerInstrumentation.framework/Versions/A/SiriPowerInstrumentation
0x00000002987b6000 	/System/Library/PrivateFrameworks/TailspinSymbolication.framework/Versions/A/TailspinSymbolication
0x000000023ce5c000 	/System/Library/PrivateFrameworks/Darwinup.framework/Versions/A/Darwinup
0x00000001c9ea5000 	/System/Library/PrivateFrameworks/SignpostSupport.framework/Versions/A/SignpostSupport
0x00000001b6325000 	/System/Library/PrivateFrameworks/FeatureFlagsSupport.framework/Versions/A/FeatureFlagsSupport
0x00000001c976a000 	/System/Library/PrivateFrameworks/ktrace.framework/Versions/A/ktrace
0x00000001ca0eb000 	/System/Library/PrivateFrameworks/SampleAnalysis.framework/Versions/A/SampleAnalysis
0x00000001d30f3000 	/System/Library/PrivateFrameworks/kperfdata.framework/Versions/A/kperfdata
0x000000019d1a8000 	/usr/lib/libdscsym.dylib
0x00000001d3548000 	/System/Library/PrivateFrameworks/BulkSymbolication.framework/Versions/A/BulkSymbolication
0x00000001a3215000 	/System/Library/PrivateFrameworks/EmbeddedAcousticRecognition.framework/Versions/A/EmbeddedAcousticRecognition
0x000000029eed2000 	/System/Library/PrivateFrameworks/VectorSearch.framework/Versions/A/VectorSearch
0x00000001c845b000 	/System/Library/PrivateFrameworks/SDAPI.framework/Versions/A/SDAPI
0x000000025d48a000 	/System/Library/PrivateFrameworks/IsolatedContextLogging.framework/Versions/A/IsolatedContextLogging
0x00000001c048a000 	/System/Library/PrivateFrameworks/DifferentialPrivacy.framework/Versions/A/DifferentialPrivacy
0x000000029edc4000 	/System/Library/PrivateFrameworks/VDAF.framework/Versions/A/VDAF
0x00000001c8152000 	/System/Library/PrivateFrameworks/NetworkServiceProxy.framework/Versions/A/NetworkServiceProxy
0x000000019c0e4000 	/System/Library/Frameworks/NetworkExtension.framework/Versions/A/NetworkExtension
0x00000001baf92000 	/System/Library/PrivateFrameworks/CaptiveNetwork.framework/Versions/A/CaptiveNetwork
0x000000019d344000 	/usr/lib/libnetworkextension.dylib
0x00000001a4c1e000 	/System/Library/PrivateFrameworks/EAP8021X.framework/Versions/A/EAP8021X
0x00000001a7e98000 	/System/Library/PrivateFrameworks/AppleMediaServices.framework/Versions/A/AppleMediaServices
0x000000029bd1e000 	/System/Library/PrivateFrameworks/ToolKit.framework/Versions/A/ToolKit
0x000000022895b000 	/System/Library/PrivateFrameworks/_ToolKit_AppIntents.framework/Versions/A/_ToolKit_AppIntents
0x0000000298527000 	/System/Library/PrivateFrameworks/Symptoms.framework/Versions/A/Frameworks/SymptomPresentationFeed.framework/Versions/A/SymptomPresentationFeed
0x000000019b3aa000 	/System/Library/PrivateFrameworks/CoreFollowUp.framework/Versions/A/CoreFollowUp
0x00000001cc593000 	/System/Library/PrivateFrameworks/DeviceIdentity.framework/Versions/A/DeviceIdentity
0x00000001a0ec5000 	/System/Library/PrivateFrameworks/SystemAdministration.framework/Versions/A/SystemAdministration
0x000000022d8e0000 	/System/Library/PrivateFrameworks/AppleMediaServicesKitInternal.framework/Versions/A/AppleMediaServicesKitInternal
0x000000028a5b6000 	/System/Library/PrivateFrameworks/ServicesAnalyticsKit.framework/Versions/A/ServicesAnalyticsKit
0x0000000298549000 	/System/Library/PrivateFrameworks/SymptomShared.framework/Versions/A/SymptomShared
0x00000002982bb000 	/System/Library/PrivateFrameworks/Symptoms.framework/Versions/A/Frameworks/SymptomAnalytics.framework/Versions/A/SymptomAnalytics
0x000000019d29c000 	/System/Library/Frameworks/DirectoryService.framework/Versions/A/DirectoryService
0x0000000195485000 	/System/Library/Frameworks/ServiceManagement.framework/Versions/A/ServiceManagement
0x00000001a4d89000 	/System/Library/PrivateFrameworks/LoginUIKit.framework/Versions/A/Frameworks/LoginUICore.framework/Versions/A/LoginUICore
0x00000001988c0000 	/usr/lib/libodfde.dylib
0x00000002607ab000 	/System/Library/PrivateFrameworks/JetAsset.framework/Versions/A/JetAsset
0x0000000260ae4000 	/System/Library/PrivateFrameworks/JetFoundation.framework/Versions/A/JetFoundation
0x0000000260af2000 	/System/Library/PrivateFrameworks/JetPack.framework/Versions/A/JetPack
0x000000028a44d000 	/System/Library/PrivateFrameworks/ServicesAnalyticsCore.framework/Versions/A/ServicesAnalyticsCore
0x000000020dba0000 	/System/Library/PrivateFrameworks/VoiceShortcutClient.framework/Versions/A/VoiceShortcutClient
0x00000001bdc96000 	/System/Library/PrivateFrameworks/ChronoServices.framework/Versions/A/ChronoServices
0x00000002879e0000 	/System/Library/PrivateFrameworks/ReplicatorEngine.framework/Versions/A/ReplicatorEngine
0x00000001c51a3000 	/System/Library/PrivateFrameworks/Categories.framework/Versions/A/Categories
0x0000000287ba3000 	/System/Library/PrivateFrameworks/ReplicatorServices.framework/Versions/A/ReplicatorServices
0x00000002879ad000 	/System/Library/PrivateFrameworks/ReplicatorDependencies.framework/Versions/A/ReplicatorDependencies
0x0000000261e9c000 	/System/Library/PrivateFrameworks/LocalStatusKit.framework/Versions/A/LocalStatusKit
0x00000002987a4000 	/System/Library/PrivateFrameworks/SystemWake.framework/Versions/A/SystemWake
0x00000001b7cc9000 	/System/Library/PrivateFrameworks/ContextKit.framework/Versions/A/ContextKit
0x0000000234787000 	/System/Library/PrivateFrameworks/ContextKitCore.framework/Versions/A/ContextKitCore
0x00000001b6496000 	/System/Library/Frameworks/SafariServices.framework/Versions/A/SafariServices
0x00000001b3257000 	/System/Library/Frameworks/WebKit.framework/Versions/A/WebKit
0x0000000215381000 	/System/Library/Frameworks/_AuthenticationServices_SwiftUI.framework/Versions/A/_AuthenticationServices_SwiftUI
0x00000001bd109000 	/System/Library/PrivateFrameworks/AppStoreDaemon.framework/Versions/A/AppStoreDaemon
0x00000001b950f000 	/System/Library/PrivateFrameworks/AppleMediaServicesUI.framework/Versions/A/AppleMediaServicesUI
0x000000020ca26000 	/System/Library/PrivateFrameworks/JetEngine.framework/Versions/A/JetEngine
0x00000001b6fc0000 	/System/Library/PrivateFrameworks/OnBoardingKit.framework/Versions/A/OnBoardingKit
0x000000028a9e4000 	/System/Library/PrivateFrameworks/Settings.framework/Versions/A/Settings
0x000000021de5c000 	/System/Library/Frameworks/ExtensionKit.framework/Versions/A/ExtensionKit
0x000000021ee00000 	/System/Library/Frameworks/FSKit.framework/Versions/A/FSKit
0x0000000298c6c000 	/System/Library/PrivateFrameworks/TextAnimationSupport.framework/Versions/A/TextAnimationSupport
0x0000000286fb1000 	/System/Library/PrivateFrameworks/RecapPerformanceTesting.framework/Versions/A/RecapPerformanceTesting
0x00000001b6fb4000 	/System/Library/PrivateFrameworks/SignpostCollection.framework/Versions/A/SignpostCollection
0x00000001a78f7000 	/System/Library/Frameworks/WebKit.framework/Versions/A/Frameworks/WebKitLegacy.framework/Versions/A/WebKitLegacy
0x00000001a53ca000 	/System/Library/PrivateFrameworks/CorePrediction.framework/Versions/A/CorePrediction
0x0000000191951000 	/System/Library/Frameworks/WebKit.framework/Versions/A/Frameworks/WebCore.framework/Versions/A/Frameworks/libwebrtc.dylib
0x000000019b385000 	/System/Library/Frameworks/SecurityInterface.framework/Versions/A/SecurityInterface
0x00000001b6fbf000 	/System/Library/PrivateFrameworks/WebInspectorUI.framework/Versions/A/WebInspectorUI
0x00000001aef1a000 	/System/Library/Frameworks/WebKit.framework/Versions/A/Frameworks/WebCore.framework/Versions/A/WebCore
0x0000000286f88000 	/System/Library/PrivateFrameworks/Recap.framework/Versions/A/Recap
0x0000000227800000 	/System/Library/Frameworks/WebKit.framework/Versions/A/Frameworks/WebCore.framework/Versions/A/Frameworks/libANGLE-shared.dylib
0x00000002a39d1000 	/System/Library/PrivateFrameworks/WebGPU.framework/Versions/A/WebGPU
0x00000001b6320000 	/System/Library/PrivateFrameworks/CoreOptimization.framework/Versions/A/CoreOptimization
0x000000022fe71000 	/System/Library/PrivateFrameworks/AuthenticationServicesCore.framework/Versions/A/AuthenticationServicesCore
0x00000001c0995000 	/System/Library/Frameworks/AuthenticationServices.framework/Versions/A/AuthenticationServices
0x0000000198208000 	/System/Library/PrivateFrameworks/SharedWebCredentials.framework/Versions/A/SharedWebCredentials
0x00000001b7cdd000 	/System/Library/PrivateFrameworks/SafariCore.framework/Versions/A/SafariCore
0x00000001a6b2e000 	/System/Library/PrivateFrameworks/ConfigurationProfiles.framework/Versions/A/ConfigurationProfiles
0x00000001c04e2000 	/System/Library/PrivateFrameworks/SafariFoundation.framework/Versions/A/SafariFoundation
0x00000002322f7000 	/System/Library/PrivateFrameworks/CBORLibrary.framework/Versions/A/CBORLibrary
0x00000002326a2000 	/System/Library/PrivateFrameworks/Chirp.framework/Versions/A/Chirp
0x000000023351d000 	/System/Library/PrivateFrameworks/CloudSubscriptionFeatures.framework/Versions/A/CloudSubscriptionFeatures
0x000000020e158000 	/System/Library/PrivateFrameworks/RemoteManagement.framework/Versions/A/RemoteManagement
0x0000000287536000 	/System/Library/PrivateFrameworks/RemoteManagementModel.framework/Versions/A/RemoteManagementModel
0x00000002875aa000 	/System/Library/PrivateFrameworks/RemoteManagementStore.framework/Versions/A/RemoteManagementStore
0x000000019d0ec000 	/usr/lib/libxcselect.dylib
0x00000002625ac000 	/System/Library/PrivateFrameworks/ManagedSettingsObjC.framework/Versions/A/ManagedSettingsObjC
0x0000000261f43000 	/System/Library/PrivateFrameworks/LockdownMode.framework/Versions/A/LockdownMode
0x000000021eb78000 	/System/Library/Frameworks/FoundationModels.framework/Versions/A/FoundationModels
0x0000000297214000 	/System/Library/PrivateFrameworks/StorageContainersPrivate.framework/Versions/A/StorageContainersPrivate
0x00000001ac377000 	/System/Library/PrivateFrameworks/PowerlogControl.framework/Versions/A/PowerlogControl
0x00000001ac379000 	/usr/lib/libUniversalAccess.dylib
0x00000001a8907000 	/System/Library/PrivateFrameworks/FamilyControls.framework/Versions/A/FamilyControls
0x00000001a8902000 	/System/Library/PrivateFrameworks/UniversalAccess.framework/Versions/A/Libraries/libUAPreferences.dylib
0x00000001a8924000 	/System/Library/PrivateFrameworks/CommerceKit.framework/Versions/A/Frameworks/CommerceCore.framework/Versions/A/CommerceCore
0x00000002436e7000 	/System/Library/PrivateFrameworks/DMCUtilities.framework/Versions/A/DMCUtilities
0x000000026291a000 	/System/Library/PrivateFrameworks/MDMClientLibrary.framework/Versions/A/MDMClientLibrary
0x00000002875a1000 	/System/Library/PrivateFrameworks/RemoteManagementProtocol.framework/Versions/A/RemoteManagementProtocol
0x000000023d22d000 	/System/Library/PrivateFrameworks/DEPClientLibrary.framework/Versions/A/DEPClientLibrary
0x000000024368b000 	/System/Library/PrivateFrameworks/DMCEnrollmentLibrary.framework/Versions/A/DMCEnrollmentLibrary
0x00000001ac433000 	/System/Library/PrivateFrameworks/SetupAssistantFramework.framework/Versions/A/SetupAssistantFramework
0x00000001a58e0000 	/System/Library/PrivateFrameworks/AuthKitUI.framework/Versions/A/AuthKitUI
0x00000001a4dca000 	/System/Library/PrivateFrameworks/AppSSO.framework/Versions/A/AppSSO
0x00000001bcf02000 	/System/Library/PrivateFrameworks/LocalAuthenticationUI.framework/Versions/A/LocalAuthenticationUI
0x0000000273d44000 	/System/Library/PrivateFrameworks/PlatformSSO.framework/Versions/A/PlatformSSO
0x0000000273e7a000 	/System/Library/PrivateFrameworks/PlatformSSOCore.framework/Versions/A/PlatformSSOCore
0x000000021fb7b000 	/System/Library/Frameworks/LocalAuthenticationEmbeddedUI.framework/Versions/A/LocalAuthenticationEmbeddedUI
0x00000001bdde1000 	/System/Library/PrivateFrameworks/AOSUI.framework/Versions/A/AOSUI
0x00000001ae619000 	/System/Library/Frameworks/ContactsUI.framework/Versions/A/ContactsUI
0x00000001a1b80000 	/System/Library/PrivateFrameworks/FamilyCircle.framework/Versions/A/FamilyCircle
0x00000001cb714000 	/System/Library/Frameworks/LinkPresentation.framework/Versions/A/LinkPresentation
0x00000001ad467000 	/System/Library/PrivateFrameworks/IASUtilities.framework/Versions/A/IASUtilities
0x0000000255422000 	/System/Library/PrivateFrameworks/IASUtilitiesCore.framework/Versions/A/IASUtilitiesCore
0x0000000287602000 	/System/Library/PrivateFrameworks/RemoteUI.framework/Versions/A/RemoteUI
0x0000000226ced000 	/System/Library/Frameworks/TipKit.framework/Versions/A/TipKit
0x00000002289f0000 	/System/Library/PrivateFrameworks/AAAFoundationUI.framework/Versions/A/AAAFoundationUI
0x0000000261161000 	/System/Library/PrivateFrameworks/LiftUI.framework/Versions/A/LiftUI
0x00000002281ca000 	/System/Library/PrivateFrameworks/_IconServices_SwiftUI.framework/Versions/A/_IconServices_SwiftUI
0x0000000233458000 	/System/Library/PrivateFrameworks/CloudSettings.framework/Versions/A/CloudSettings
0x00000001a76c9000 	/System/Library/Frameworks/EventKit.framework/Versions/A/EventKit
0x00000001b7185000 	/System/Library/PrivateFrameworks/SearchFoundation.framework/Versions/A/SearchFoundation
0x00000001cd8e0000 	/System/Library/PrivateFrameworks/Email.framework/Versions/A/Email
0x00000001b541c000 	/System/Library/PrivateFrameworks/CoreRoutine.framework/Versions/A/CoreRoutine
0x000000023170d000 	/System/Library/PrivateFrameworks/CalendarDatabase.framework/Versions/A/CalendarDatabase
0x0000000231676000 	/System/Library/PrivateFrameworks/CalendarDaemon.framework/Versions/A/CalendarDaemon
0x00000001a6aa0000 	/System/Library/PrivateFrameworks/CalendarFoundation.framework/Versions/A/CalendarFoundation
0x00000001a6a6a000 	/System/Library/PrivateFrameworks/iCalendar.framework/Versions/A/iCalendar
0x000000023cf52000 	/System/Library/PrivateFrameworks/DataAccessExpress.framework/Versions/A/DataAccessExpress
0x00000001ae72c000 	/System/Library/PrivateFrameworks/ContactsAutocomplete.framework/Versions/A/ContactsAutocomplete
0x0000000233411000 	/System/Library/PrivateFrameworks/CloudKitSharingManagement.framework/Versions/A/CloudKitSharingManagement
0x00000001bdbac000 	/System/Library/PrivateFrameworks/FTClientServices.framework/Versions/A/FTClientServices
0x00000002ab668000 	/usr/lib/swift/libswiftCoreMediaIO.dylib
0x00000001ad3ae000 	/System/Library/PrivateFrameworks/CoreDAV.framework/Versions/A/CoreDAV
0x00000001a75d5000 	/System/Library/PrivateFrameworks/CalDAV.framework/Versions/A/CalDAV
0x00000001b2f25000 	/System/Library/PrivateFrameworks/TelephonyUtilities.framework/Versions/A/TelephonyUtilities
0x000000021fb3b000 	/System/Library/Frameworks/LiveCommunicationKit.framework/Versions/A/LiveCommunicationKit
0x0000000234257000 	/System/Library/PrivateFrameworks/CommunicationTrust.framework/Versions/A/CommunicationTrust
0x00000001b7b1c000 	/System/Library/Frameworks/CallKit.framework/Versions/A/CallKit
0x00000001a1b7a000 	/System/Library/PrivateFrameworks/CommunicationsFilter.framework/Versions/A/CommunicationsFilter
0x00000001e2960000 	/System/Library/PrivateFrameworks/IMTransferServices.framework/Versions/A/IMTransferServices
0x00000001b6334000 	/System/Library/PrivateFrameworks/IncomingCallFilter.framework/Versions/A/IncomingCallFilter
0x000000026ce51000 	/System/Library/PrivateFrameworks/NeighborhoodActivityConduit.framework/Versions/A/NeighborhoodActivityConduit
0x00000001b9efc000 	/System/Library/PrivateFrameworks/CallHistory.framework/Versions/A/CallHistory
0x00000002a9fc5000 	/usr/lib/libBASupport.dylib
0x0000000231bb3000 	/System/Library/PrivateFrameworks/CallsUtilities.framework/Versions/A/CallsUtilities
0x0000000231bbe000 	/System/Library/PrivateFrameworks/CallsXPC.framework/Versions/A/CallsXPC
0x000000020e29d000 	/usr/lib/swift/libswiftCallKit.dylib
0x0000000231b96000 	/System/Library/PrivateFrameworks/CallsPersistence.framework/Versions/A/CallsPersistence
0x0000000224913000 	/System/Library/Frameworks/SensitiveContentAnalysis.framework/Versions/A/SensitiveContentAnalysis
0x00000001bae11000 	/System/Library/PrivateFrameworks/PeopleSuggester.framework/Versions/A/PeopleSuggester
0x00000001c40ee000 	/System/Library/PrivateFrameworks/SpotlightReceiver.framework/Versions/A/SpotlightReceiver
0x0000000225493000 	/System/Library/PrivateFrameworks/_AppIntentsServices_AppIntents.framework/Versions/A/_AppIntentsServices_AppIntents
0x000000022c0e4000 	/System/Library/PrivateFrameworks/AppIntentsServices.framework/Versions/A/AppIntentsServices
0x00000001a6a59000 	/System/Library/PrivateFrameworks/CoreRecents.framework/Versions/A/CoreRecents
0x00000002153e4000 	/System/Library/Frameworks/_Contacts_AppIntents.framework/Versions/A/_Contacts_AppIntents
0x0000000215425000 	/System/Library/Frameworks/_GeoToolbox_AppIntents.framework/Versions/A/_GeoToolbox_AppIntents
0x000000028706e000 	/System/Library/PrivateFrameworks/RegulatoryDomain.framework/Versions/A/RegulatoryDomain
0x000000019d3de000 	/usr/lib/libCTGreenTeaLogger.dylib
0x00000001b2e39000 	/System/Library/PrivateFrameworks/CoreParsec.framework/Versions/A/CoreParsec
0x00000001cd446000 	/System/Library/PrivateFrameworks/EmailAddressing.framework/Versions/A/EmailAddressing
0x00000001c9909000 	/System/Library/PrivateFrameworks/EmailCore.framework/Versions/A/EmailCore
0x00000001ca877000 	/System/Library/PrivateFrameworks/EmailFoundation.framework/Versions/A/EmailFoundation
0x000000027139d000 	/System/Library/PrivateFrameworks/PegasusAPI.framework/Versions/A/PegasusAPI
0x0000000272231000 	/System/Library/PrivateFrameworks/PegasusConfiguration.framework/Versions/A/PegasusConfiguration
0x000000023ab9f000 	/System/Library/PrivateFrameworks/CoreRoutineDiagnostics.framework/Versions/A/CoreRoutineDiagnostics
0x00000001b656b000 	/System/Library/Frameworks/LocalAuthentication.framework/Support/DaemonUtils.framework/Versions/A/DaemonUtils
0x0000000261d7a000 	/System/Library/PrivateFrameworks/LocalAuthenticationCoreUI.framework/Versions/A/LocalAuthenticationCoreUI
0x00000001b94e1000 	/System/Library/PrivateFrameworks/BridgeXPC.framework/Versions/A/BridgeXPC
0x0000000198688000 	/System/Library/PrivateFrameworks/CoreBrightness.framework/Versions/A/CoreBrightness
0x00000001b707d000 	/System/Library/PrivateFrameworks/CoreKDL.framework/Versions/A/CoreKDL
0x00000001b5383000 	/System/Library/PrivateFrameworks/EmbeddedOSSupportHost.framework/Versions/A/EmbeddedOSSupportHost
0x00000001d08fe000 	/System/Library/PrivateFrameworks/CPMS.framework/Versions/A/CPMS
0x000000029873f000 	/System/Library/PrivateFrameworks/SystemStatus.framework/Versions/A/SystemStatus
0x00000001bafa0000 	/System/Library/PrivateFrameworks/UniversalAccess.framework/Versions/A/UniversalAccess
0x00000001d46b4000 	/System/Library/PrivateFrameworks/PreferencePanesSupport.framework/Versions/A/PreferencePanesSupport
0x00000001c975c000 	/System/Library/PrivateFrameworks/AccessibilitySupport.framework/Versions/A/AccessibilitySupport
0x00000001c98c7000 	/System/Library/Frameworks/PreferencePanes.framework/Versions/A/PreferencePanes
0x00000001cb1bc000 	/System/Library/PrivateFrameworks/UniversalAccess.framework/Versions/A/Frameworks/UniversalAccessCore.framework/Versions/A/UniversalAccessCore
0x00000001d4814000 	/System/Library/PrivateFrameworks/MachineSettings.framework/Versions/A/MachineSettings
0x00000001c9855000 	/System/Library/PrivateFrameworks/BezelServices.framework/Versions/A/BezelServices
0x00000001b79ee000 	/System/Library/PrivateFrameworks/IntlPreferences.framework/Versions/A/IntlPreferences
0x00000001d352c000 	/System/Library/PrivateFrameworks/AccessibilitySupport.framework/Versions/A/Frameworks/AccessibilityEvents.framework/Versions/A/AccessibilityEvents
0x00000001ca266000 	/System/Library/PrivateFrameworks/AccessibilitySupport.framework/Versions/A/Frameworks/AccessibilityFoundation.framework/Versions/A/AccessibilityFoundation
0x00000001d3495000 	/System/Library/PrivateFrameworks/AccessibilitySupport.framework/Versions/A/Frameworks/AccessibilityKit.framework/Versions/A/AccessibilityKit
0x00000001d34e7000 	/System/Library/PrivateFrameworks/AccessibilitySupport.framework/Versions/A/Frameworks/AccessibilityVisuals.framework/Versions/A/AccessibilityVisuals
0x00000001a2efc000 	/System/Library/PrivateFrameworks/BatteryUIKit.framework/Versions/A/BatteryUIKit
0x000000029e4b9000 	/System/Library/PrivateFrameworks/UniversalControl.framework/Versions/A/UniversalControl
0x00000001a5a1b000 	/usr/lib/libScreenReader.dylib
0x00000001b5b9a000 	/System/Library/PrivateFrameworks/AccessibilitySharedSupport.framework/Versions/A/AccessibilitySharedSupport
0x000000020df27000 	/System/Library/PrivateFrameworks/AXMediaUtilities.framework/Versions/A/AXMediaUtilities
0x00000001cad10000 	/System/Library/Frameworks/Speech.framework/Versions/A/Speech
0x00000001ca6b2000 	/System/Library/PrivateFrameworks/AXAssetLoader.framework/Versions/A/AXAssetLoader
0x00000001c58e0000 	/System/Library/PrivateFrameworks/TextToSpeech.framework/Versions/A/TextToSpeech
0x000000022a7da000 	/System/Library/PrivateFrameworks/AIMLExperimentationAnalytics.framework/Versions/A/AIMLExperimentationAnalytics
0x000000022ae85000 	/System/Library/PrivateFrameworks/AlgorithmsInternal.framework/Versions/A/AlgorithmsInternal
0x0000000297c59000 	/System/Library/PrivateFrameworks/SwiftSQLite.framework/Versions/A/SwiftSQLite
0x000000029b247000 	/System/Library/PrivateFrameworks/TipKitCore.framework/Versions/A/TipKitCore
0x0000000273fa2000 	/System/Library/PrivateFrameworks/PlatformSSOCoreUI.framework/Versions/A/PlatformSSOCoreUI
0x00000001a933d000 	/System/Library/PrivateFrameworks/LoginUIKit.framework/Versions/A/LoginUIKit
0x00000001c53a7000 	/System/Library/PrivateFrameworks/StorageKit.framework/Versions/A/StorageKit
0x0000000198100000 	/System/Library/PrivateFrameworks/AppSSOCore.framework/Versions/A/AppSSOCore
0x000000021033e000 	/System/Library/Frameworks/DeviceCheck.framework/Versions/A/DeviceCheck
0x0000000243316000 	/System/Library/PrivateFrameworks/DiskImages2.framework/Versions/A/DiskImages2
0x00000001c5405000 	/System/Library/PrivateFrameworks/CoreWLANKit.framework/Versions/A/CoreWLANKit
0x00000002a2d64000 	/System/Library/PrivateFrameworks/Wallpaper.framework/Versions/A/Wallpaper
0x00000002a2f0b000 	/System/Library/PrivateFrameworks/WallpaperFoundation.framework/Versions/A/WallpaperFoundation
0x00000002a2f82000 	/System/Library/PrivateFrameworks/WallpaperTypes.framework/Versions/A/WallpaperTypes
0x00000001e4459000 	/System/Library/PrivateFrameworks/SystemDesktopAppearance.framework/Versions/A/SystemDesktopAppearance
0x0000000257a81000 	/System/Library/PrivateFrameworks/icloudMCCKit.framework/Versions/A/icloudMCCKit
0x000000022c41d000 	/System/Library/PrivateFrameworks/AppleAccountUI.framework/Versions/A/AppleAccountUI
0x00000001bdf2f000 	/System/Library/PrivateFrameworks/FindMyDeviceUI.framework/Versions/A/FindMyDeviceUI
0x0000000257b50000 	/System/Library/PrivateFrameworks/iCloudQuotaUI.framework/Versions/A/iCloudQuotaUI
0x00000001d4817000 	/System/Library/PrivateFrameworks/CoreCDPUI.framework/Versions/A/CoreCDPUI
0x00000001b7a52000 	/System/Library/PrivateFrameworks/CoreFollowUpUI.framework/Versions/A/CoreFollowUpUI
0x00000001c42fc000 	/System/Library/PrivateFrameworks/IMCore.framework/Versions/A/IMCore
0x00000001ac3c7000 	/System/Library/PrivateFrameworks/CoreCDP.framework/Versions/A/CoreCDP
0x00000001a7e89000 	/System/Library/PrivateFrameworks/AskPermission.framework/Versions/A/AskPermission
0x00000001bb411000 	/System/Library/Frameworks/Quartz.framework/Versions/A/Quartz
0x00000001b53a9000 	/System/Library/PrivateFrameworks/FindMyDevice.framework/Versions/A/FindMyDevice
0x00000001c81e1000 	/System/Library/PrivateFrameworks/CloudPhotoServicesConfiguration.framework/Versions/A/CloudPhotoServicesConfiguration
0x00000001b9d21000 	/System/Library/PrivateFrameworks/CommerceKit.framework/Versions/A/CommerceKit
0x00000001c99c9000 	/System/Library/PrivateFrameworks/FindMyMac.framework/Versions/A/FindMyMac
0x00000001bcfc4000 	/System/Library/Frameworks/AddressBook.framework/Versions/A/AddressBook
0x00000001bb598000 	/System/Library/PrivateFrameworks/AOSKit.framework/Versions/A/AOSKit
0x00000001a6e21000 	/System/Library/PrivateFrameworks/AOSAccounts.framework/Versions/A/AOSAccounts
0x00000001a0ebf000 	/System/Library/PrivateFrameworks/AppleSRP.framework/Versions/A/AppleSRP
0x00000001a5a28000 	/System/Library/PrivateFrameworks/NetFSServer.framework/Versions/A/NetFSServer
0x00000001b8b37000 	/System/Library/Frameworks/PDFKit.framework/Versions/A/PDFKit
0x00000002ab6ae000 	/usr/lib/swift/libswiftPassKit.dylib
0x00000001dc608000 	/System/Library/Frameworks/PassKit.framework/Versions/A/PassKit
0x00000001a9421000 	/System/Library/PrivateFrameworks/PassKitCore.framework/Versions/A/PassKitCore
0x000000027088c000 	/System/Library/PrivateFrameworks/PassKitMacHelperTemp.framework/Versions/A/PassKitMacHelperTemp
0x00000002a992a000 	/usr/lib/libAppleSSE.dylib
0x000000028a5cc000 	/System/Library/PrivateFrameworks/SEService.framework/Versions/A/SEService
0x000000021deeb000 	/System/Library/Frameworks/FinanceKit.framework/Versions/A/FinanceKit
0x000000022d319000 	/System/Library/PrivateFrameworks/AppletTranslationFramework.framework/Versions/A/AppletTranslationFramework
0x00000001bb4ad000 	/System/Library/PrivateFrameworks/NearField.framework/Versions/A/NearField
0x000000028a6ea000 	/System/Library/PrivateFrameworks/SESShared.framework/Versions/A/SESShared
0x0000000297291000 	/System/Library/PrivateFrameworks/STSXPCHelperClient.framework/Versions/A/STSXPCHelperClient
0x00000001bd37f000 	/usr/lib/libnfshared.dylib
0x00000001dfa1d000 	/System/Library/PrivateFrameworks/PassKitUIFoundation.framework/Versions/A/PassKitUIFoundation
0x00000001a0aa0000 	/System/Library/Frameworks/MapKit.framework/Versions/A/MapKit
0x000000024a458000 	/System/Library/PrivateFrameworks/GeoAnalytics.framework/Versions/A/GeoAnalytics
0x00000001bd8e0000 	/System/Library/PrivateFrameworks/Navigation.framework/Versions/A/Navigation
0x00000001c71e2000 	/System/Library/PrivateFrameworks/VectorKit.framework/Versions/A/VectorKit
0x00000002281c4000 	/System/Library/PrivateFrameworks/_GeoServices_GeoToolbox.framework/Versions/A/_GeoServices_GeoToolbox
0x00000001ae22b000 	/System/Library/PrivateFrameworks/VirtualGarage.framework/Versions/A/VirtualGarage
0x00000001bd3aa000 	/System/Library/Frameworks/ExternalAccessory.framework/ExternalAccessory
0x00000001bd3c0000 	/System/Library/PrivateFrameworks/IAP.framework/Versions/A/IAP
0x00000001ae340000 	/System/Library/PrivateFrameworks/ContactsUICore.framework/Versions/A/ContactsUICore
0x00000001a8f32000 	/System/Library/PrivateFrameworks/IMSharedUtilities.framework/Versions/A/IMSharedUtilities
0x00000002ab60d000 	/usr/lib/swift/libswiftAppleArchive.dylib
0x00000001b6419000 	/System/Library/PrivateFrameworks/ContactsDonation.framework/Versions/A/ContactsDonation
0x00000001b53ee000 	/System/Library/PrivateFrameworks/DataDetectors.framework/Versions/A/DataDetectors
0x00000001a75c5000 	/System/Library/Frameworks/MediaLibrary.framework/Versions/A/MediaLibrary
0x00000001a1b6d000 	/System/Library/PrivateFrameworks/PersonaKit.framework/Versions/A/PersonaKit
0x00000001ae333000 	/System/Library/PrivateFrameworks/PersonaUI.framework/Versions/A/PersonaUI
0x00000001c93ba000 	/System/Library/PrivateFrameworks/Transparency.framework/Versions/A/Transparency
0x0000000245b04000 	/System/Library/PrivateFrameworks/FindMyLocate.framework/Versions/A/FindMyLocate
0x000000028a02c000 	/System/Library/PrivateFrameworks/SensitiveContentAnalysisUI.framework/Versions/A/SensitiveContentAnalysisUI
0x000000023b3cd000 	/System/Library/PrivateFrameworks/CoreTransparency.framework/Versions/A/CoreTransparency
0x0000000245477000 	/System/Library/PrivateFrameworks/FindMyCommon.framework/Versions/A/FindMyCommon
0x00000002452a7000 	/System/Library/PrivateFrameworks/FindMyBase.framework/Versions/A/FindMyBase
0x0000000223680000 	/System/Library/Frameworks/NearbyInteraction.framework/Versions/A/NearbyInteraction
0x0000000245491000 	/System/Library/PrivateFrameworks/FindMyFeatureFlags.framework/Versions/A/FindMyFeatureFlags
0x0000000215398000 	/System/Library/Frameworks/_AVKit_SwiftUI.framework/Versions/A/_AVKit_SwiftUI
0x000000029c78a000 	/System/Library/PrivateFrameworks/TrustKit.framework/Versions/A/TrustKit
0x00000001a180d000 	/System/Library/PrivateFrameworks/AddressBookCore.framework/Versions/A/AddressBookCore
0x00000001bd0f3000 	/System/Library/PrivateFrameworks/ToneKit.framework/Versions/A/ToneKit
0x00000001b7a23000 	/System/Library/PrivateFrameworks/ToneLibrary.framework/Versions/A/ToneLibrary
0x000000023462a000 	/System/Library/PrivateFrameworks/ContactsAccounts.framework/Versions/A/ContactsAccounts
0x00000001bb34c000 	/System/Library/PrivateFrameworks/Lookup.framework/Versions/A/Lookup
0x0000000224016000 	/System/Library/Frameworks/QuickLookUI.framework/Versions/A/QuickLookUI
0x00000001b311d000 	/System/Library/PrivateFrameworks/DeviceManagement.framework/Versions/A/DeviceManagement
0x00000001d3fe3000 	/System/Library/PrivateFrameworks/ScreenTimeUI.framework/Versions/A/ScreenTimeUI
0x000000022489c000 	/System/Library/Frameworks/ScreenCaptureKit.framework/Versions/A/ScreenCaptureKit
0x00000001a5b19000 	/System/Library/Frameworks/QuickLookThumbnailing.framework/Versions/A/QuickLookThumbnailing
0x00000001b2e13000 	/System/Library/PrivateFrameworks/QuickLookSupport.framework/Versions/A/QuickLookSupport
0x00000001b53ea000 	/System/Library/PrivateFrameworks/QuickLookNonBaseSystem.framework/Versions/A/QuickLookNonBaseSystem
0x000000019d07e000 	/System/Library/Frameworks/QuickLook.framework/Versions/A/QuickLook
0x0000000215324000 	/System/Library/Frameworks/_AppIntents_AppKit.framework/Versions/A/_AppIntents_AppKit
0x00000001b64ca000 	/System/Library/PrivateFrameworks/Catalyst.framework/Versions/A/Catalyst
0x00000001b7b9f000 	/System/Library/PrivateFrameworks/ScreenTimeCore.framework/Versions/A/ScreenTimeCore
0x00000001cb05f000 	/System/Library/PrivateFrameworks/ScreenTimeServiceUI.framework/Versions/A/ScreenTimeServiceUI
0x0000000288dc9000 	/System/Library/PrivateFrameworks/ScreenTimeSettingsServices.framework/Versions/A/ScreenTimeSettingsServices
0x0000000289614000 	/System/Library/PrivateFrameworks/ScreenTimeSwift.framework/Versions/A/ScreenTimeSwift
0x00000001c3c10000 	/System/Library/PrivateFrameworks/ConfigurationEngineModel.framework/Versions/A/ConfigurationEngineModel
0x00000001c71a9000 	/System/Library/PrivateFrameworks/UsageTracking.framework/Versions/A/UsageTracking
0x000000021d3e2000 	/System/Library/Frameworks/DeviceActivity.framework/Versions/A/DeviceActivity
0x00000001c7185000 	/System/Library/PrivateFrameworks/KnowledgeMonitor.framework/Versions/A/KnowledgeMonitor
0x00000001df9db000 	/System/Library/PrivateFrameworks/BluetoothManager.framework/Versions/A/BluetoothManager
0x000000022f13a000 	/System/Library/PrivateFrameworks/AskToCore.framework/Versions/A/AskToCore
0x000000021fc7b000 	/System/Library/Frameworks/ManagedSettings.framework/Versions/A/ManagedSettings
0x00000002625ec000 	/System/Library/PrivateFrameworks/ManagedSettingsSupport.framework/Versions/A/ManagedSettingsSupport
0x00000001dc6d9000 	/System/Library/Frameworks/ReplayKit.framework/Versions/A/ReplayKit
0x00000001cba64000 	/System/Library/PrivateFrameworks/PhotosFormats.framework/Versions/A/PhotosFormats
0x00000001a2db0000 	/System/Library/PrivateFrameworks/AVFoundationCF.framework/Versions/A/AVFoundationCF
0x00000001c3aae000 	/System/Library/PrivateFrameworks/MMCS.framework/Versions/A/MMCS
0x00000001a8f0a000 	/System/Library/PrivateFrameworks/PhotoFoundation.framework/Versions/A/PhotoFoundation
0x00000001a745f000 	/System/Library/PrivateFrameworks/ChunkingLibrary.framework/Versions/A/ChunkingLibrary
0x000000019d48b000 	/System/Library/PrivateFrameworks/AssetCacheServices.framework/Versions/A/AssetCacheServices
0x00000001aa231000 	/System/Library/PrivateFrameworks/MarkupUI.framework/Versions/A/MarkupUI
0x00000001b53ca000 	/System/Library/PrivateFrameworks/SidecarCore.framework/Versions/A/SidecarCore
0x00000001b85a0000 	/System/Library/PrivateFrameworks/AnnotationKit.framework/Versions/A/AnnotationKit
0x00000001b4d90000 	/System/Library/PrivateFrameworks/CorePDF.framework/Versions/A/CorePDF
0x00000001b86a4000 	/System/Library/Frameworks/Quartz.framework/Versions/A/Frameworks/QuartzComposer.framework/Versions/A/QuartzComposer
0x00000001b79d0000 	/System/Library/Frameworks/Quartz.framework/Versions/A/Frameworks/QuartzFilters.framework/Versions/A/QuartzFilters
0x00000001b6c57000 	/System/Library/Frameworks/Quartz.framework/Versions/A/Frameworks/ImageKit.framework/Versions/A/ImageKit
0x00000001a9338000 	/System/Library/PrivateFrameworks/DisplayServices.framework/Versions/A/DisplayServices
0x00000001b796e000 	/System/Library/Frameworks/ImageCaptureCore.framework/Versions/A/ImageCaptureCore
0x00000002a0f48000 	/System/Library/PrivateFrameworks/VisionKitCore.framework/Versions/A/VisionKitCore
0x0000000243f10000 	/System/Library/PrivateFrameworks/EmbeddingCore.framework/Versions/A/EmbeddingCore
0x0000000262fb8000 	/System/Library/PrivateFrameworks/MediaAnalysisServices.framework/Versions/A/MediaAnalysisServices
0x00000001ba4e2000 	/System/Library/PrivateFrameworks/PhotoLibraryServices.framework/Versions/A/PhotoLibraryServices
0x00000001b75f0000 	/System/Library/Frameworks/Photos.framework/Versions/A/Photos
0x00000001c8202000 	/System/Library/PrivateFrameworks/CloudPhotoLibrary.framework/Versions/A/CloudPhotoLibrary
0x00000001d1606000 	/System/Library/PrivateFrameworks/CloudPhotoServices.framework/Versions/A/CloudPhotoServices
0x00000001cda14000 	/System/Library/PrivateFrameworks/CoreMediaStream.framework/Versions/A/CoreMediaStream
0x00000001a217c000 	/System/Library/PrivateFrameworks/CPAnalytics.framework/Versions/A/CPAnalytics
0x0000000260fe3000 	/System/Library/PrivateFrameworks/Leo.framework/Versions/A/Leo
0x00000001c9e77000 	/System/Library/PrivateFrameworks/MediaConversionService.framework/Versions/A/MediaConversionService
0x0000000272892000 	/System/Library/PrivateFrameworks/PhotoLibraryServicesCore.framework/Versions/A/PhotoLibraryServicesCore
0x00000001e2874000 	/usr/lib/swift/libswiftDemangle.dylib
0x0000000257e12000 	/System/Library/PrivateFrameworks/ImageCaptureDevices.framework/Versions/A/ImageCaptureDevices
0x00000002a99f6000 	/usr/lib/libaxis.dylib
0x00000001b5f08000 	/System/Library/PrivateFrameworks/MediaStream.framework/Versions/A/MediaStream
0x00000001ca309000 	/System/Library/PrivateFrameworks/NeutrinoCore.framework/Versions/A/NeutrinoCore
0x000000018db0f000 	/System/Library/PrivateFrameworks/NLP.framework/Versions/A/NLP
0x00000001d0457000 	/System/Library/PrivateFrameworks/PhotoImaging.framework/Versions/A/PhotoImaging
0x00000001d15d1000 	/System/Library/PrivateFrameworks/PhotosImagingFoundation.framework/Versions/A/PhotosImagingFoundation
0x000000027355b000 	/System/Library/PrivateFrameworks/PhotosIntelligenceCore.framework/Versions/A/PhotosIntelligenceCore
0x00000001d1612000 	/System/Library/PrivateFrameworks/AutoLoop.framework/Versions/A/AutoLoop
0x0000000272d06000 	/System/Library/PrivateFrameworks/PhotosGenerativeServices.framework/Versions/A/PhotosGenerativeServices
0x00000002a12b4000 	/System/Library/PrivateFrameworks/VisualGeneration.framework/Versions/A/VisualGeneration
0x000000022b0e2000 	/System/Library/PrivateFrameworks/ANEClientSignals.framework/Versions/A/ANEClientSignals
0x0000000232be3000 	/System/Library/PrivateFrameworks/CipherML.framework/Versions/A/CipherML
0x0000000269dcb000 	/System/Library/PrivateFrameworks/ModelInterfaces.framework/Versions/A/ModelInterfaces
0x0000000187252000 	/usr/lib/libmecabra.dylib
0x000000024d093000 	/System/Library/PrivateFrameworks/GRPCCoreInternal.framework/Versions/A/GRPCCoreInternal
0x000000024d13d000 	/System/Library/PrivateFrameworks/GRPCProtobufInternal.framework/Versions/A/GRPCProtobufInternal
0x000000027228f000 	/System/Library/PrivateFrameworks/PegasusKit.framework/Versions/A/PegasusKit
0x000000024d164000 	/System/Library/PrivateFrameworks/GRPCURLSessionTransportInternal.framework/Versions/A/GRPCURLSessionTransportInternal
0x0000000197fd3000 	/usr/lib/libChineseTokenizer.dylib
0x00000001b81b7000 	/System/Library/PrivateFrameworks/iTunesCloud.framework/Versions/A/iTunesCloud
0x00000001c1515000 	/System/Library/PrivateFrameworks/DAAPKit.framework/Versions/A/DAAPKit
0x0000000226e4a000 	/System/Library/Frameworks/Translation.framework/Versions/A/Translation
0x00000001d311c000 	/System/Library/PrivateFrameworks/RevealCore.framework/Versions/A/RevealCore
0x00000001d3114000 	/System/Library/PrivateFrameworks/Reveal.framework/Versions/A/Reveal
0x000000022a559000 	/System/Library/PrivateFrameworks/AgentSessionKit.framework/Versions/A/AgentSessionKit
0x0000000258cda000 	/System/Library/PrivateFrameworks/InputToolKit.framework/Versions/A/InputToolKit
0x000000029c706000 	/System/Library/PrivateFrameworks/TranslationUIServices.framework/Versions/A/TranslationUIServices
0x00000001b6e09000 	/System/Library/Frameworks/PencilKit.framework/Versions/A/PencilKit
0x00000001b6fa5000 	/System/Library/PrivateFrameworks/SidecarUI.framework/Versions/A/SidecarUI
0x00000001b6860000 	/System/Library/PrivateFrameworks/CoreHandwriting.framework/Versions/A/CoreHandwriting
0x00000001ae8d8000 	/System/Library/PrivateFrameworks/Calculate.framework/Versions/A/Calculate
0x000000020e0aa000 	/System/Library/PrivateFrameworks/ScreenReaderCore.framework/Versions/A/ScreenReaderCore
0x000000029719c000 	/System/Library/PrivateFrameworks/StocksKit.framework/Versions/A/StocksKit
0x0000000296eca000 	/System/Library/PrivateFrameworks/StocksCore.framework/Versions/A/StocksCore
0x0000000298840000 	/System/Library/PrivateFrameworks/TeaFoundation.framework/Versions/A/TeaFoundation
0x0000000298a1f000 	/System/Library/PrivateFrameworks/TeaSettings.framework/Versions/A/TeaSettings
0x00000001e3dcc000 	/System/Library/PrivateFrameworks/NewsCore.framework/Versions/A/NewsCore
0x00000002987d7000 	/System/Library/PrivateFrameworks/TeaDB.framework/Versions/A/TeaDB
0x00000001e091e000 	/System/Library/PrivateFrameworks/RemoteConfiguration.framework/Versions/A/RemoteConfiguration
0x00000001e3a39000 	/System/Library/PrivateFrameworks/NewsTransport.framework/Versions/A/NewsTransport
0x00000001e3dc0000 	/System/Library/PrivateFrameworks/NewsFoundation.framework/Versions/A/NewsFoundation
0x000000026d3c1000 	/System/Library/PrivateFrameworks/NewsURLBucket.framework/Versions/A/NewsURLBucket
0x00000001ba11c000 	/System/Library/PrivateFrameworks/MobileInstallation.framework/Versions/A/MobileInstallation
0x00000001bf88e000 	/System/Library/PrivateFrameworks/CoreCDPInternal.framework/Versions/A/CoreCDPInternal
0x0000000258c03000 	/System/Library/PrivateFrameworks/InputAnalytics.framework/Versions/A/InputAnalytics
0x00000001c4b1e000 	/System/Library/Frameworks/InstantMessage.framework/Versions/A/InstantMessage
0x00000001bcefc000 	/System/Library/PrivateFrameworks/IDSKVStore.framework/Versions/A/IDSKVStore
0x00000001bcb0e000 	/System/Library/PrivateFrameworks/IMDPersistence.framework/Versions/A/IMDPersistence
0x000000022f536000 	/System/Library/PrivateFrameworks/AssistantActionSuggestion.framework/Versions/A/AssistantActionSuggestion
0x000000022f7e6000 	/System/Library/PrivateFrameworks/AssistantActionSuggestionSupport.framework/Versions/A/AssistantActionSuggestionSupport
0x000000029ed3d000 	/System/Library/PrivateFrameworks/UserSafety.framework/Versions/A/UserSafety
0x00000001cb38f000 	/System/Library/Frameworks/IdentityLookup.framework/Versions/A/IdentityLookup
0x00000001dea80000 	/System/Library/PrivateFrameworks/BlastDoor.framework/Versions/A/BlastDoor
0x000000029dcf1000 	/System/Library/PrivateFrameworks/UIIntelligenceSupportAgent.framework/Versions/A/UIIntelligenceSupportAgent
0x0000000261981000 	/System/Library/PrivateFrameworks/LinkPresentationStyleSheetParsing.framework/Versions/A/LinkPresentationStyleSheetParsing
0x0000000274889000 	/System/Library/PrivateFrameworks/PosterFoundation.framework/Versions/A/PosterFoundation
0x0000000274900000 	/System/Library/PrivateFrameworks/PosterModel.framework/Versions/A/PosterModel
0x00000002748e2000 	/System/Library/PrivateFrameworks/PosterFuturesKit.framework/Versions/A/PosterFuturesKit
0x0000000244c8b000 	/System/Library/PrivateFrameworks/FeedbackService.framework/Versions/A/FeedbackService
0x00000001b638e000 	/System/Library/PrivateFrameworks/CoreSDB.framework/Versions/A/CoreSDB
0x00000001c158a000 	/System/Library/PrivateFrameworks/SPOwner.framework/Versions/A/SPOwner
0x00000001b9d71000 	/System/Library/PrivateFrameworks/FMCore.framework/Versions/A/FMCore
0x00000001a9409000 	/System/Library/PrivateFrameworks/FMCoreLite.framework/Versions/A/FMCoreLite
0x0000000257ac4000 	/System/Library/PrivateFrameworks/iCloudQuota.framework/Versions/A/iCloudQuota
0x00000001ae2c2000 	/System/Library/PrivateFrameworks/CoreRecognition.framework/Versions/A/CoreRecognition
0x00000001c98f0000 	/System/Library/PrivateFrameworks/InAppMessages.framework/Versions/A/InAppMessages
0x000000020c94c000 	/System/Library/PrivateFrameworks/JetUI.framework/Versions/A/JetUI
0x00000001c98ea000 	/System/Library/PrivateFrameworks/InAppMessagesCore.framework/Versions/A/InAppMessagesCore
0x00000002281db000 	/System/Library/PrivateFrameworks/_JetEngine_SwiftUI.framework/Versions/A/_JetEngine_SwiftUI
0x0000000298553000 	/System/Library/PrivateFrameworks/Synapse.framework/Versions/A/Synapse
0x000000023ccf8000 	/System/Library/PrivateFrameworks/CSExattrCrypto.framework/Versions/A/CSExattrCrypto
0x00000001bb0df000 	/System/Library/PrivateFrameworks/StoreFoundation.framework/Versions/A/StoreFoundation
0x00000001b9d6c000 	/System/Library/PrivateFrameworks/ServerInformation.framework/Versions/A/ServerInformation
0x00000001b9743000 	/System/Library/PrivateFrameworks/Install.framework/Frameworks/DistributionKit.framework/Versions/A/DistributionKit
0x00000001b2bfd000 	/System/Library/PrivateFrameworks/PackageKit.framework/Versions/A/PackageKit
0x00000001b6771000 	/System/Library/PrivateFrameworks/StorageManagement.framework/Versions/A/StorageManagement
0x00000001c99cf000 	/System/Library/PrivateFrameworks/MobileActivationMacOS.framework/Versions/A/MobileActivationMacOS
0x000000022ef08000 	/System/Library/PrivateFrameworks/Archetype.framework/Versions/A/Archetype
0x000000023046f000 	/System/Library/PrivateFrameworks/BackgroundSystemTasks.framework/Versions/A/BackgroundSystemTasks
0x00000001a5a58000 	/System/Library/PrivateFrameworks/DuetActivityScheduler.framework/Versions/A/DuetActivityScheduler
0x00000001a3eed000 	/System/Library/PrivateFrameworks/CoreDuetContext.framework/Versions/A/CoreDuetContext
0x000000018bcdc000 	/System/Library/PrivateFrameworks/CoreDuet.framework/Versions/A/CoreDuet
0x00000001a6b1c000 	/System/Library/PrivateFrameworks/CoreDuetDaemonProtocol.framework/Versions/A/CoreDuetDaemonProtocol
0x00000001b8c33000 	/System/Library/Frameworks/SceneKit.framework/Versions/A/SceneKit
0x00000001aa289000 	/System/Library/Frameworks/JavaScriptCore.framework/Versions/A/JavaScriptCore
0x00000001c9f50000 	/System/Library/Frameworks/ModelIO.framework/Versions/A/ModelIO
0x000000019d0d5000 	/System/Library/Frameworks/MetalKit.framework/Versions/A/MetalKit
0x00000002ab684000 	/usr/lib/swift/libswiftGLKit.dylib
0x00000002ab686000 	/usr/lib/swift/libswiftMetalKit.dylib
0x00000002ab68f000 	/usr/lib/swift/libswiftModelIO.dylib
0x00000002ab7bd000 	/usr/lib/swift/libswiftSceneKit.dylib
0x000000019d317000 	/System/Library/Frameworks/GLKit.framework/Versions/A/GLKit
0x00000002ad8e0000 	/usr/lib/usd/libusd_ms.dylib
0x000000029e6ea000 	/System/Library/PrivateFrameworks/USDLib_FormatLoaderProxy.framework/Versions/A/USDLib_FormatLoaderProxy
0x00000002ab4e0000 	/usr/lib/swift/libswift_errno.dylib
0x000000021cc20000 	/System/Library/Frameworks/BrowserEngineCore.framework/Versions/A/BrowserEngineCore
0x0000000263b25000 	/System/Library/PrivateFrameworks/MenuBarClientCore.framework/Versions/A/MenuBarClientCore
0x0000000212cc2000 	/System/Library/Extensions/AGXMetalG14G.bundle/Contents/MacOS/AGXMetalG14G
0x00000001ad359000 	/System/Library/PrivateFrameworks/IOGPU.framework/Versions/A/IOGPU
0x000000012f4b8000 	/Library/Java/JavaVirtualMachines/jdk-17.jdk/Contents/Home/lib/libosxui.dylib
0x00000002122c6000 	/System/Library/Frameworks/OpenGL.framework/Versions/A/Resources/GLEngine.bundle/GLEngine
0x0000000212166000 	/System/Library/Frameworks/OpenGL.framework/Versions/A/Libraries/libGLProgrammability.dylib
0x0000000130f50000 	/System/Library/Extensions/AppleMetalOpenGLRenderer.bundle/Contents/MacOS/AppleMetalOpenGLRenderer
0x0000000212426000 	/System/Library/Frameworks/OpenGL.framework/Versions/A/Resources/GLRendererFloat.bundle/GLRendererFloat
0x000000017b194000 	/Library/Java/JavaVirtualMachines/jdk-17.jdk/Contents/Home/lib/libjawt.dylib
0x000000017b1b8000 	/Library/Java/JavaVirtualMachines/jdk-17.jdk/Contents/Home/lib/libprefs.dylib
0x000000017fb4c000 	/System/Volumes/Preboot/Cryptexes/OS/usr/lib/libMetalMetricsInterpose.dylib
0x00000002250ea000 	/System/Library/Frameworks/StateReporting.framework/Versions/A/StateReporting
0x0000000299139000 	/System/Library/PrivateFrameworks/TextInputUI.framework/Versions/A/TextInputUI
0x0000000299177000 	/System/Library/PrivateFrameworks/TextInputUIMacHelper.framework/Versions/A/TextInputUIMacHelper
0x00000001c0527000 	/System/Library/PrivateFrameworks/SafariPlatformSupport.framework/Versions/A/SafariPlatformSupport
0x0000000296279000 	/System/Library/PrivateFrameworks/SpotlightKnowledge.framework/Versions/A/SpotlightKnowledge
0x0000000296263000 	/System/Library/PrivateFrameworks/SpotlightEmbedding.framework/Versions/A/SpotlightEmbedding
0x000000018bc88000 	/System/Library/PrivateFrameworks/SpotlightLinguistics.framework/Versions/A/SpotlightLinguistics
0x000000029678f000 	/System/Library/PrivateFrameworks/SpotlightResources.framework/Versions/A/SpotlightResources
0x00000001baf5a000 	/System/Library/PrivateFrameworks/DataDeliveryServices.framework/Versions/A/DataDeliveryServices
0x000000023218b000 	/System/Library/PrivateFrameworks/CampoUIServices.framework/Versions/A/CampoUIServices
0x0000007086f50000 	/private/var/folders/qs/1z8n9dmd7zzb94z08tkj426h0000gn/T/libio_grpc_netty_shaded_netty_tcnative_osx_aarch_6415975380200358745452.dylib
0x0000007082e20000 	/Library/Java/JavaVirtualMachines/jdk-17.jdk/Contents/Home/lib/libextnet.dylib


VM Arguments:
jvm_args: -Dcompose.application.configure.swing.globals=true -Dcompose.application.resources.dir=/Users/dimasadipratama/StudioProjects/ScannerKKP_MAC/composeApp/build/compose/tmp/prepareAppResources -Dfile.encoding=UTF-8 -Duser.country=US -Duser.language=en -Duser.variant 
java_command: org.bkkipmsemarang.kkp_scanner.MainKt
java_class_path (initial): /Users/dimasadipratama/StudioProjects/ScannerKKP_MAC/composeApp/build/libs/composeApp-jvm.jar:/Users/dimasadipratama/.gradle/caches/modules-2/files-2.1/org.jetbrains.compose.desktop/desktop-jvm/1.7.3/128a1262fd72c68277ebadf308a07ff086206f8e/desktop-jvm-1.7.3.jar:/Users/dimasadipratama/.gradle/caches/modules-2/files-2.1/org.jetbrains.compose.material/material-desktop/1.7.3/e87876e0c6f36990f13cedb09d820469fd6cc371/material-desktop-1.7.3.jar:/Users/dimasadipratama/.gradle/caches/modules-2/files-2.1/org.jetbrains.compose.material3/material3-desktop/1.7.3/46677287ea3e5da18b2ad62cac38b6c3df70c8cd/material3-desktop-1.7.3.jar:/Users/dimasadipratama/.gradle/caches/modules-2/files-2.1/org.jetbrains.compose.components/components-resources-desktop/1.7.3/aeb1cd8677ec680fcf716aecbaf1a2aafc217622/library-desktop-1.7.3.jar:/Users/dimasadipratama/.gradle/caches/modules-2/files-2.1/org.jetbrains.compose.material/material-ripple-desktop/1.7.3/42b03965266ad123672e8a87f98d914dc8c072bf/material-ripple-desktop-1.7.3.jar:/Users/dimasadipratama/.gradle/caches/modules-2/files-2.1/org.jetbrains.compose.foundation/foundation-desktop/1.7.3/77da4f0c26d63177315b3dce06c48177c5d49704/foundation-desktop-1.7.3.jar:/Users/dimasadipratama/.gradle/caches/modules-2/files-2.1/org.jetbrains.compose.material/material-icons-extended-desktop/1.7.3/c7c5465dd754043076875b32bce0dd7f5a354fe8/material-icons-extended-desktop-1.7.3.jar:/Users/dimasadipratama/.gradle/caches/modules-2/files-2.1/org.jetbrains.androidx.lifecycle/lifecycle-viewmodel-compose-desktop/2.8.4/ec231eb8e04e4e6b06cc18265468a5589c191c6d/lifecycle-viewmodel-compose-desktop-2.8.4.jar:/Users/dimasadipratama/.gradle/caches/modules-2/files-2.1/org.jetbrains.compose.animation/animation-desktop/1.7.3/c1fec150a3d1eadfe4643a550cbc9c83d106ef98/animation-desktop-1.7.3.jar:/Users/dimasadipratama/.gradle/caches/modules-2/files-2.1/org.jetbrains.compose.foundation/foundation-layout-desktop/1.7.3/99ee09906c30143ece1a7e9d1ab25db99ca6
Launcher Type: SUN_STANDARD

[Global flags]
     intx CICompilerCount                          = 4                                         {product} {ergonomic}
     uint ConcGCThreads                            = 2                                         {product} {ergonomic}
     uint G1ConcRefinementThreads                  = 8                                         {product} {ergonomic}
   size_t G1HeapRegionSize                         = 1048576                                   {product} {ergonomic}
    uintx GCDrainStackTargetSize                   = 64                                        {product} {ergonomic}
   size_t InitialHeapSize                          = 134217728                                 {product} {ergonomic}
   size_t MarkStackSize                            = 4194304                                   {product} {ergonomic}
   size_t MaxHeapSize                              = 2147483648                                {product} {ergonomic}
   size_t MaxNewSize                               = 1287651328                                {product} {ergonomic}
   size_t MinHeapDeltaBytes                        = 1048576                                   {product} {ergonomic}
   size_t MinHeapSize                              = 8388608                                   {product} {ergonomic}
    uintx NonNMethodCodeHeapSize                   = 5839564                                {pd product} {ergonomic}
    uintx NonProfiledCodeHeapSize                  = 122909338                              {pd product} {ergonomic}
    uintx ProfiledCodeHeapSize                     = 122909338                              {pd product} {ergonomic}
    uintx ReservedCodeCacheSize                    = 251658240                              {pd product} {ergonomic}
     bool SegmentedCodeCache                       = true                                      {product} {ergonomic}
   size_t SoftMaxHeapSize                          = 2147483648                             {manageable} {ergonomic}
     bool UseCompressedClassPointers               = true                           {product lp64_product} {ergonomic}
     bool UseCompressedOops                        = true                           {product lp64_product} {ergonomic}
     bool UseG1GC                                  = true                                      {product} {ergonomic}
     bool UseNUMA                                  = false                                     {product} {ergonomic}
     bool UseNUMAInterleaving                      = false                                     {product} {ergonomic}

Logging:
Log output configuration:
 #0: stdout all=warning uptime,level,tags
 #1: stderr all=off uptime,level,tags

Environment Variables:
PATH=/Users/dimasadipratama/.bun/bin:/opt/homebrew/bin:/opt/homebrew/sbin:/usr/local/bin:/System/Cryptexes/App/usr/bin:/usr/bin:/bin:/usr/sbin:/sbin:/var/run/com.apple.security.cryptexd/codex.system/bootstrap/usr/local/bin:/var/run/com.apple.security.cryptexd/codex.system/bootstrap/usr/bin:/var/run/com.apple.security.cryptexd/codex.system/bootstrap/usr/appleinternal/bin:/pkg/env/global/bin:/Library/Apple/usr/bin
SHELL=/bin/zsh
LANG=C.UTF-8
LC_CTYPE=UTF-8

Signal Handlers:
   SIGSEGV: crash_handler in libjvm.dylib, mask=11100110000111110111111111111111, flags=SA_RESTART|SA_SIGINFO
    SIGBUS: crash_handler in libjvm.dylib, mask=11100110000111110111111111111111, flags=SA_RESTART|SA_SIGINFO
    SIGFPE: crash_handler in libjvm.dylib, mask=11100110000111110111111111111111, flags=SA_RESTART|SA_SIGINFO
   SIGPIPE: javaSignalHandler in libjvm.dylib, mask=11100110000111110111111111111111, flags=SA_RESTART|SA_SIGINFO
   SIGXFSZ: javaSignalHandler in libjvm.dylib, mask=11100110000111110111111111111111, flags=SA_RESTART|SA_SIGINFO
    SIGILL: crash_handler in libjvm.dylib, mask=11100110000111110111111111111111, flags=SA_RESTART|SA_SIGINFO
   SIGUSR2: SR_handler in libjvm.dylib, mask=00100000000000000000000000000000, flags=SA_RESTART|SA_SIGINFO
    SIGHUP: UserHandler in libjvm.dylib, mask=11100110000111110111111111111111, flags=SA_RESTART|SA_SIGINFO
    SIGINT: UserHandler in libjvm.dylib, mask=11100110000111110111111111111111, flags=SA_RESTART|SA_SIGINFO
   SIGTERM: UserHandler in libjvm.dylib, mask=11100110000111110111111111111111, flags=SA_RESTART|SA_SIGINFO
   SIGQUIT: UserHandler in libjvm.dylib, mask=11100110000111110111111111111111, flags=SA_RESTART|SA_SIGINFO
   SIGTRAP: crash_handler in libjvm.dylib, mask=11100110000111110111111111111111, flags=SA_RESTART|SA_SIGINFO


---------------  S Y S T E M  ---------------

OS:
uname: Darwin 27.0.0 Darwin Kernel Version 27.0.0: Wed May 27 02:08:30 PDT 2026; root:xnu-13361.0.0.501.1~2/RELEASE_ARM64_T8112 arm64
OS uptime: 0 days 22:12 hours
rlimit (soft/hard): STACK 8176k/65520k , CORE 0k/infinity , NPROC 1333/2000 , NOFILE 10240/infinity , AS infinity/infinity , CPU infinity/infinity , DATA infinity/infinity , FSIZE infinity/infinity , MEMLOCK infinity/infinity , RSS infinity/infinity
load average: 6.85 3.78 3.42

CPU: total 8 (initial active 8) 0x61:0x0:0xda33d83d:0, fp, simd, crc, lse

Memory: 16k page, physical 8388608k(2097152k free), swap 5242880k(866688k free)

vm_info: Java HotSpot(TM) 64-Bit Server VM (17.0.12+8-LTS-286) for bsd-aarch64 JRE (17.0.12+8-LTS-286), built on Jun  5 2024 05:44:10 by "mach5one" with clang Apple LLVM 12.0.0 (clang-1200.0.32.29)

END.
