#
# A fatal error has been detected by the Java Runtime Environment:
#
#  SIGSEGV (0xb) at pc=0x0000000186dd1808, pid=39510, tid=115263
#
# JRE version: Java(TM) SE Runtime Environment (17.0.12+8) (build 17.0.12+8-LTS-286)
# Java VM: Java HotSpot(TM) 64-Bit Server VM (17.0.12+8-LTS-286, mixed mode, sharing, tiered, compressed oops, compressed class ptrs, g1 gc, bsd-aarch64)
# Problematic frame:
# C  [libobjc.A.dylib+0x9808]  objc_msgSend+0x8
#
# No core dump will be written. Core dumps have been disabled. To enable core dumping, try "ulimit -c unlimited" before starting Java again
#
# If you would like to submit a bug report, please visit:
#   https://bugreport.java.com/bugreport/crash.jsp
# The crash happened outside the Java Virtual Machine in native code.
# See problematic frame for where to report the bug.
#

---------------  S U M M A R Y ------------

Command Line: -Dfile.encoding=UTF-8 -Duser.country=US -Duser.language=en -Duser.variant org.bkkipmsemarang.kkp_scanner.MainKt

Host: "Mac14,2" arm64 1 MHz, 8 cores, 8G, Darwin 25.6.0, macOS 26.6 (25G5028f)
Time: Thu Jun  4 14:30:55 2026 WIB elapsed time: 27.879451 seconds (0d 0h 0m 27s)

---------------  T H R E A D  ---------------

Current thread (0x000000012d329000):  JavaThread "DefaultDispatcher-worker-1" daemon [_thread_in_native, id=115263, stack(0x0000000174d90000,0x0000000174f93000)]

Stack: [0x0000000174d90000,0x0000000174f93000],  sp=0x0000000174f92140,  free space=2056k
Native frames: (J=compiled Java code, j=interpreted, Vv=VM code, C=native code)
C  [libobjc.A.dylib+0x9808]  objc_msgSend+0x8
C  [libopencv_java490.dylib+0x910818]  CvCaptureCAM::grabFrame()+0x40
C  [libopencv_java490.dylib+0x8f5e28]  cvGrabFrame+0x18
C  [libopencv_java490.dylib+0x912d30]  cv::LegacyCapture::grabFrame()+0x14
C  [libopencv_java490.dylib+0x8f8cac]  cv::VideoCapture::grab()+0x38
C  [libopencv_java490.dylib+0x8f8e90]  cv::VideoCapture::read(cv::_OutputArray const&)+0x38
C  [libopencv_java490.dylib+0x8ca0c]  Java_org_opencv_videoio_VideoCapture_read_10+0x34
j  org.opencv.videoio.VideoCapture.read_0(JJ)Z+0
j  org.opencv.videoio.VideoCapture.read(Lorg/opencv/core/Mat;)Z+8
j  org.bkkipmsemarang.kkp_scanner.OpenPnPWebcamDevice.getImage()Ljava/awt/image/BufferedImage;+30
j  com.github.sarxos.webcam.ds.cgt.WebcamGetImageTask.handle()V+17
j  com.github.sarxos.webcam.WebcamTask.process()V+54
j  com.github.sarxos.webcam.ds.cgt.WebcamGetImageTask.getImage()Ljava/awt/image/BufferedImage;+1
j  com.github.sarxos.webcam.Webcam.getImage()Ljava/awt/image/BufferedImage;+47
j  org.bkkipmsemarang.kkp_scanner.QRScanScreenKt$QRScanScreen$3$1$job$1.invokeSuspend(Ljava/lang/Object;)Ljava/lang/Object;+222
J 5927 c2 kotlin.coroutines.jvm.internal.BaseContinuationImpl.resumeWith(Ljava/lang/Object;)V (124 bytes) @ 0x0000000111a623d0 [0x0000000111a62380+0x0000000000000050]
J 5924 c2 kotlinx.coroutines.DispatchedTask.run()V (387 bytes) @ 0x0000000111a60958 [0x0000000111a60600+0x0000000000000358]
j  kotlinx.coroutines.internal.LimitedDispatcher$Worker.run()V+9
j  kotlinx.coroutines.scheduling.TaskImpl.run()V+4
j  kotlinx.coroutines.scheduling.CoroutineScheduler.runSafely(Lkotlinx/coroutines/scheduling/Task;)V+2
j  kotlinx.coroutines.scheduling.CoroutineScheduler$Worker.executeTask(Lkotlinx/coroutines/scheduling/Task;)V+84
j  kotlinx.coroutines.scheduling.CoroutineScheduler$Worker.runWorker()V+44
j  kotlinx.coroutines.scheduling.CoroutineScheduler$Worker.run()V+1
v  ~StubRoutines::call_stub
V  [libjvm.dylib+0x46d360]  JavaCalls::call_helper(JavaValue*, methodHandle const&, JavaCallArguments*, JavaThread*)+0x38c
V  [libjvm.dylib+0x46c37c]  JavaCalls::call_virtual(JavaValue*, Klass*, Symbol*, Symbol*, JavaCallArguments*, JavaThread*)+0x11c
V  [libjvm.dylib+0x46c448]  JavaCalls::call_virtual(JavaValue*, Handle, Klass*, Symbol*, Symbol*, JavaThread*)+0x64
V  [libjvm.dylib+0x51fefc]  thread_entry(JavaThread*, JavaThread*)+0xc4
V  [libjvm.dylib+0x91b658]  JavaThread::thread_main_inner()+0x148
V  [libjvm.dylib+0x919f40]  Thread::call_run()+0x114
V  [libjvm.dylib+0x7b9f60]  thread_native_entry(Thread*)+0x158
C  [libsystem_pthread.dylib+0x6c58]  _pthread_start+0x88

Java frames: (J=compiled Java code, j=interpreted, Vv=VM code)
j  org.opencv.videoio.VideoCapture.read_0(JJ)Z+0
j  org.opencv.videoio.VideoCapture.read(Lorg/opencv/core/Mat;)Z+8
j  org.bkkipmsemarang.kkp_scanner.OpenPnPWebcamDevice.getImage()Ljava/awt/image/BufferedImage;+30
j  com.github.sarxos.webcam.ds.cgt.WebcamGetImageTask.handle()V+17
j  com.github.sarxos.webcam.WebcamTask.process()V+54
j  com.github.sarxos.webcam.ds.cgt.WebcamGetImageTask.getImage()Ljava/awt/image/BufferedImage;+1
j  com.github.sarxos.webcam.Webcam.getImage()Ljava/awt/image/BufferedImage;+47
j  org.bkkipmsemarang.kkp_scanner.QRScanScreenKt$QRScanScreen$3$1$job$1.invokeSuspend(Ljava/lang/Object;)Ljava/lang/Object;+222
J 5927 c2 kotlin.coroutines.jvm.internal.BaseContinuationImpl.resumeWith(Ljava/lang/Object;)V (124 bytes) @ 0x0000000111a623d0 [0x0000000111a62380+0x0000000000000050]
J 5924 c2 kotlinx.coroutines.DispatchedTask.run()V (387 bytes) @ 0x0000000111a60958 [0x0000000111a60600+0x0000000000000358]
j  kotlinx.coroutines.internal.LimitedDispatcher$Worker.run()V+9
j  kotlinx.coroutines.scheduling.TaskImpl.run()V+4
j  kotlinx.coroutines.scheduling.CoroutineScheduler.runSafely(Lkotlinx/coroutines/scheduling/Task;)V+2
j  kotlinx.coroutines.scheduling.CoroutineScheduler$Worker.executeTask(Lkotlinx/coroutines/scheduling/Task;)V+84
j  kotlinx.coroutines.scheduling.CoroutineScheduler$Worker.runWorker()V+44
j  kotlinx.coroutines.scheduling.CoroutineScheduler$Worker.run()V+1
v  ~StubRoutines::call_stub

siginfo: si_signo: 11 (SIGSEGV), si_code: 2 (SEGV_ACCERR), si_addr: 0x00000000000000b1

Registers:
 x0=0x00000000000000b1  x1=0x00000002018430f0  x2=0x0000000000003900  x3=0x0000000000003a01
 x4=0x0000390000003a00  x5=0x00003a0100003a00  x6=0x0000000000000000  x7=0x000000003b9ab671
 x8=0x47d3532768ca0045  x9=0x47d3532768ca0045 x10=0x00006000022ba1e4 x11=0x00006000022ba1e8
x12=0x0000000000000100 x13=0x0000000000000001 x14=0x0000000000003a00 x15=0x0000000000003900
x16=0x0000000186dd1800 x17=0x0000390000003a00 x18=0x0000000000000000 x19=0x0000600001717b00
x20=0x0000000000000000 x21=0x0000000102181180 x22=0x0000000000000000 x23=0x0000000784ffb4d0
x24=0x0000000174f92318 x25=0x0000000000000001 x26=0x000000012843ca30 x27=0x0000000000000000
x28=0x000000012d329000  fp=0x0000000174f92150  lr=0x000000013c098ec8  sp=0x0000000174f92140
pc=0x0000000186dd1808 cpsr=0x0000000020001000

Register to memory mapping:

 x0=0x00000000000000b1 is an unknown value
 x1=0x00000002018430f0 points into unknown readable memory: 0x61006b636f6c6e75 | 75 6e 6c 6f 63 6b 00 61
 x2=0x0000000000003900 is an unknown value
 x3=0x0000000000003a01 is an unknown value
 x4=0x0000390000003a00 is an unknown value
 x5=0x00003a0100003a00 is an unknown value
 x6=0x0 is NULL
 x7=0x000000003b9ab671 is an unknown value
 x8=0x47d3532768ca0045 is an unknown value
 x9=0x47d3532768ca0045 is an unknown value
x10=0x00006000022ba1e4 points into unknown readable memory: 01 3a 00 00
x11=0x00006000022ba1e8 points into unknown readable memory: 0x0000000000003900 | 00 39 00 00 00 00 00 00
x12=0x0000000000000100 is an unknown value
x13=0x0000000000000001 is an unknown value
x14=0x0000000000003a00 is an unknown value
x15=0x0000000000003900 is an unknown value
x16=0x0000000186dd1800: objc_msgSend+0 in /usr/lib/libobjc.A.dylib at 0x0000000186dc8000
x17=0x0000390000003a00 is an unknown value
x18=0x0 is NULL
x19=0x0000600001717b00 points into unknown readable memory: 0x00004132fb7e7b00 | 00 7b 7e fb 32 41 00 00
x20=0x0 is NULL
x21=0x0000000102181180: _ZN19TemplateInterpreter13_active_tableE+0 in /Library/Java/JavaVirtualMachines/jdk-17.jdk/Contents/Home/lib/server/libjvm.dylib at 0x00000001015c4000
x22=0x0 is NULL
x23=0x0000000784ffb4d0 is an oop: [I 
{0x0000000784ffb4d0} - klass: {type array int}
 - length: 33
x24=0x0000000174f92318 is pointing into the stack for thread: 0x000000012d329000
x25=0x0000000000000001 is an unknown value
x26=0x000000012843ca30 is pointing into metadata
x27=0x0 is NULL
x28=0x000000012d329000 is a thread


Top of Stack: (sp=0x0000000174f92140)
0x0000000174f92140:   0000600002c8fca0 00006000002bbd50
0x0000000174f92150:   0000000174f92180 000000013c098818
0x0000000174f92160:   0000000000000000 0000000102181180
0x0000000174f92170:   0000600002c8f718 0000600002c8f718
0x0000000174f92180:   0000000174f92190 000000013c07de28
0x0000000174f92190:   0000000174f921a0 000000013c09ad30
0x0000000174f921a0:   0000000174f921f0 000000013c080cac
0x0000000174f921b0:   000000012843ca30 0000000000000001
0x0000000174f921c0:   0000000174f92318 0000000784ffb4d0
0x0000000174f921d0:   0000000000000000 0000000100000000
0x0000000174f921e0:   0000600002c8f718 0000000174f92238
0x0000000174f921f0:   0000000174f92220 000000013c080e90
0x0000000174f92200:   0000000000000000 0000000700000000
0x0000000174f92210:   0000000174f92270 000000012d3292b0
0x0000000174f92220:   0000000174f92260 000000013b814a0c
0x0000000174f92230:   0000000000000000 47d3532702010000
0x0000000174f92240:   00006000066a44e0 0000000000000000
0x0000000174f92250:   0000000174f92270 000000011124b700
0x0000000174f92260:   0000000174f922e0 000000011124d8ac
0x0000000174f92270:   0000000174f922a0 000000011124b72c
0x0000000174f92280:   00006000066a44e0 0000000000000000
0x0000000174f92290:   0000000174f92290 0000000000000000
0x0000000174f922a0:   0000000174f92318 000000012843ca30
0x0000000174f922b0:   0000000780bb3468 0000000000000000
0x0000000174f922c0:   0000000000000000 000000012843c638
0x0000000174f922d0:   0000000000000000 0000000174f922e0
0x0000000174f922e0:   0000000174f92370 0000000111249e68
0x0000000174f922f0:   0000000000000000 0000000780bb3468
0x0000000174f92300:   00006000066a44e0 0000000000000000
0x0000000174f92310:   0000600004f18de0 0000000000000000
0x0000000174f92320:   0000000174f92320 000000012843b6b8
0x0000000174f92330:   0000000174f92388 000000012843ca30 

Instructions: (pc=0x0000000186dd1808)
0x0000000186dd1708:   d503201f d503201f d503201f d503201f
0x0000000186dd1718:   d503201f d503201f d503201f d503201f
0x0000000186dd1728:   d503201f d503201f d503201f d503201f
0x0000000186dd1738:   d503201f d503201f d503201f d503201f
0x0000000186dd1748:   d503201f d503201f d503201f d503201f
0x0000000186dd1758:   d503201f d503201f d503201f d503201f
0x0000000186dd1768:   d503201f d503201f d503201f d503201f
0x0000000186dd1778:   d503201f d503201f d503201f d503201f
0x0000000186dd1788:   d503201f d503201f d503201f d503201f
0x0000000186dd1798:   d503201f d503201f d503201f d503201f
0x0000000186dd17a8:   d503201f d503201f d503201f d503201f
0x0000000186dd17b8:   d503201f d503201f d503201f d503201f
0x0000000186dd17c8:   d503201f d503201f d503201f d503201f
0x0000000186dd17d8:   d503201f d503201f d503201f d503201f
0x0000000186dd17e8:   d503201f d503201f d503201f d503201f
0x0000000186dd17f8:   d503201f d503201f f100001f 540003ed
0x0000000186dd1808:   f940000e 927dcdd0 aa0003ea f2ed5c2a
0x0000000186dd1818:   dac11950 aa1003ef f9400a0a d370fd4b
0x0000000186dd1828:   9240bd4a ca411c2c 0a0b018c 8b0c114d
0x0000000186dd1838:   a8ff25b1 eb01013f 54000081 ca01014a
0x0000000186dd1848:   ca10014a d71f0e2a b4001789 eb0a01bf
0x0000000186dd1858:   54ffff02 8b2b514d 8b0c114c a8ff25b1
0x0000000186dd1868:   eb01013f 54fffec0 f100013f fa4c11a0
0x0000000186dd1878:   54ffff68 140000b1 540001a0 9240080a
0x0000000186dd1888:   9377fc0b f1001d5f 9a8a016c b0367a2a
0x0000000186dd1898:   9113c14a 8b0c0d4a f940014e aa0e03f0
0x0000000186dd18a8:   f2f1f3aa dac11d50 17ffffdb d2800001
0x0000000186dd18b8:   2f00e400 2f00e401 2f00e402 2f00e403
0x0000000186dd18c8:   d65f03c0 d503201f d503201f d503201f
0x0000000186dd18d8:   d503201f d503201f f100001f 540004cd
0x0000000186dd18e8:   f940000d 927dcdb0 aa0003ea f2ed5c2a
0x0000000186dd18f8:   dac11950 aa1003ef f9400a0a d370fd4b 


Stack slot to memory mapping:
stack at sp + 0 slots: 0x0000600002c8fca0 points into unknown readable memory: 0x00004132f8c7fca0 | a0 fc c7 f8 32 41 00 00
stack at sp + 1 slots: 0x00006000002bbd50 points into unknown readable memory: 0x01000001f3d4cdf1 | f1 cd d4 f3 01 00 00 01
stack at sp + 2 slots: 0x0000000174f92180 is pointing into the stack for thread: 0x000000012d329000
stack at sp + 3 slots: 0x000000013c098818: _ZN12CvCaptureCAM9grabFrameEv+0x40 in /private/var/folders/qs/1z8n9dmd7zzb94z08tkj426h0000gn/T/opencv_openpnp16443745451846408543/nu/pattern/opencv/osx/ARMv8/libopencv_java490.dylib at 0x000000013b788000
stack at sp + 4 slots: 0x0 is NULL
stack at sp + 5 slots: 0x0000000102181180: _ZN19TemplateInterpreter13_active_tableE+0 in /Library/Java/JavaVirtualMachines/jdk-17.jdk/Contents/Home/lib/server/libjvm.dylib at 0x00000001015c4000
stack at sp + 6 slots: 0x0000600002c8f718 points into unknown readable memory: 0x000000013c86abc8 | c8 ab 86 3c 01 00 00 00
stack at sp + 7 slots: 0x0000600002c8f718 points into unknown readable memory: 0x000000013c86abc8 | c8 ab 86 3c 01 00 00 00


Compiled method (c2)   27892 5927   !   4       kotlin.coroutines.jvm.internal.BaseContinuationImpl::resumeWith (124 bytes)
 total in heap  [0x0000000111a62190,0x0000000111a627f8] = 1640
 relocation     [0x0000000111a622e8,0x0000000111a62350] = 104
 main code      [0x0000000111a62380,0x0000000111a62580] = 512
 stub code      [0x0000000111a62580,0x0000000111a62600] = 128
 oops           [0x0000000111a62600,0x0000000111a62610] = 16
 metadata       [0x0000000111a62610,0x0000000111a62640] = 48
 scopes data    [0x0000000111a62640,0x0000000111a626f0] = 176
 scopes pcs     [0x0000000111a626f0,0x0000000111a62790] = 160
 dependencies   [0x0000000111a62790,0x0000000111a62798] = 8
 handler table  [0x0000000111a62798,0x0000000111a627f8] = 96

[Constant Pool (empty)]

[MachCode]
[Entry Point]
  # {method} {0x0000000128811530} 'resumeWith' '(Ljava/lang/Object;)V' in 'kotlin/coroutines/jvm/internal/BaseContinuationImpl'
  # this:     c_rarg1:c_rarg1 
                        = 'kotlin/coroutines/jvm/internal/BaseContinuationImpl'
  # parm0:    c_rarg2:c_rarg2 
                        = 'java/lang/Object'
  #           [sp+0x40]  (sp of caller)
  0x0000000111a62380: 2808 40b9 | 3f01 086b | 4000 0054 

  0x0000000111a6238c: ;   {runtime_call ic_miss_stub}
  0x0000000111a6238c: 1d67 e017 
[Verified Entry Point]
  0x0000000111a62390: 1f20 03d5 | e953 40d1 | 3f01 00f9 | ff03 01d1 | fd7b 03a9 | 2b0c 40b9 | 7df1 7dd3 | e203 00f9 
  0x0000000111a623b0: 5d09 00b4 | fd07 01a9 | e10f 40f9 | e203 40f9 | e9ff 9fd2 | e9ff bff2 | e9ff dff2 

  0x0000000111a623cc: ; ImmutableOopMap {[16]=Oop [24]=Oop }
                      ;*invokevirtual invokeSuspend {reexecute=0 rethrow=0 return_oop=1}
                      ; - kotlin.coroutines.jvm.internal.BaseContinuationImpl::resumeWith@40 (line 33)
                      ;   {virtual_call}
  0x0000000111a623cc: 5d98 e397 

  0x0000000111a623d0: ;   {oop(a 'kotlin/coroutines/intrinsics/CoroutineSingletons'{0x0000000780925058})}
  0x0000000111a623d0: 0a0b 8ad2 | 4a12 b0f2 | ea00 c0f2 | 1f00 0aeb | 0004 0054 | e003 00f9 | ea0b 40f9 | 4a09 40b9 
  0x0000000111a623f0: 4a01 5ed2 | 5d1d 40f9 | ea07 00f9 | e10f 40f9 | e9ff 9fd2 | e9ff bff2 | e9ff dff2 

  0x0000000111a6240c: ; ImmutableOopMap {[0]=Oop [16]=Oop }
                      ;*invokevirtual releaseIntercepted {reexecute=0 rethrow=0 return_oop=0}
                      ; - kotlin.coroutines.jvm.internal.BaseContinuationImpl::resumeWith@90 (line 39)
                      ;   {virtual_call}
  0x0000000111a6240c: d597 e397 

  0x0000000111a62410: ;   {metadata('kotlin/coroutines/jvm/internal/BaseContinuationImpl')}
  0x0000000111a62410: 0a00 89d2 | ea21 a0f2 | 8a00 c0f2 | bf03 0aeb | c102 0054 

  0x0000000111a62424: ; ImmutableOopMap {[0]=Oop [16]=Oop }
                      ;*goto {reexecute=1 rethrow=0 return_oop=0}
                      ; - (reexecute) kotlin.coroutines.jvm.internal.BaseContinuationImpl::resumeWith@121 (line 29)
  0x0000000111a62424: 8aab 41f9 

  0x0000000111a62428: ;   {poll}
  0x0000000111a62428: 5f01 40b9 | eb07 40f9 | 6a11 40f9 

  0x0000000111a62434: ;   {metadata('kotlin/coroutines/Continuation')}
  0x0000000111a62434: 0042 8bd2 | e021 a0f2 | 8000 c0f2 | 5f01 00eb | 8102 0054 | ea0b 40f9 | 4b0d 40b9 | 7df1 7dd3 
  0x0000000111a62454: 9d04 00b4 | fd2b 01a9 | d7ff ff17 | fd7b 43a9 | ff03 0191 

  0x0000000111a62468: ;   {poll_return}
  0x0000000111a62468: 88a7 41f9 | ff63 28eb | e807 0054 | c003 5fd6 | e10b 40f9 | e203 40f9 | 09ec 8fd2 | 4915 a0f2 
  0x0000000111a62488: 0900 ccf2 

  0x0000000111a6248c: ; ImmutableOopMap {}
                      ;*invokeinterface resumeWith {reexecute=0 rethrow=0 return_oop=0}
                      ; - kotlin.coroutines.jvm.internal.BaseContinuationImpl::resumeWith@114 (line 46)
                      ;   {virtual_call}
  0x0000000111a6248c: 0999 e397 | f4ff ff17 | e403 0baa | 8514 40f9 | a200 40b9 | a520 0091 | ff63 3feb | c200 00b4 
  0x0000000111a624ac: a884 40f8 | 1f00 08eb | 6000 0054 | 4204 00d1 | 82ff ffb5 | 6100 0054 | 8010 00f9 | e503 1faa 
  0x0000000111a624cc: e5fb ffb4 | 2104 8012 

  0x0000000111a624d4: ; ImmutableOopMap {[0]=Oop [16]=Oop }
                      ;*checkcast {reexecute=0 rethrow=0 return_oop=0}
                      ; - kotlin.coroutines.jvm.internal.BaseContinuationImpl::resumeWith@10 (line 28)
                      ;   {runtime_call UncommonTrapBlob}
  0x0000000111a624d4: eb81 e097 | e107 00f9 | 4117 8012 

  0x0000000111a624e0: ; ImmutableOopMap {rfp=Oop [0]=Oop [8]=Oop }
                      ;*ifnonnull {reexecute=1 rethrow=0 return_oop=0}
                      ; - (reexecute) kotlin.jvm.internal.Intrinsics::checkNotNull@1 (line 24)
                      ; - kotlin.coroutines.jvm.internal.BaseContinuationImpl::resumeWith@31 (line 30)
                      ;   {runtime_call UncommonTrapBlob}
  0x0000000111a624e0: e881 e097 | ea07 00f9 | 4117 8012 

  0x0000000111a624ec: ; ImmutableOopMap {rfp=Oop [0]=Oop [8]=Oop }
                      ;*ifnonnull {reexecute=1 rethrow=0 return_oop=0}
                      ; - (reexecute) kotlin.jvm.internal.Intrinsics::checkNotNull@1 (line 24)
                      ; - kotlin.coroutines.jvm.internal.BaseContinuationImpl::resumeWith@31 (line 30)
                      ;   {runtime_call UncommonTrapBlob}
  0x0000000111a624ec: e581 e097 | fd03 00aa | 8087 40f9 | 8a8f 40f9 | 0b40 0091 | 7f01 0aeb | a201 0054 | ea03 40b2 
  0x0000000111a6250c: 8b87 00f9 | 0a00 00f9 

  0x0000000111a62514: ;   {metadata('kotlin/Result$Failure')}
  0x0000000111a62514: 0a22 a0d2 | 0a6b 8ff2 | 0a08 00b9 | 70c1 80f9 | abff 43d3 | 0b0c 00b9 | bf3b 03d5 | e003 00f9 
  0x0000000111a62534: adff ff17 

  0x0000000111a62538: ;   {metadata('kotlin/Result$Failure')}
  0x0000000111a62538: 016b 8fd2 | 0122 a0f2 | 8100 c0f2 

  0x0000000111a62544: ; ImmutableOopMap {rfp=Oop [16]=Oop [24]=Oop }
                      ;*new {reexecute=0 rethrow=0 return_oop=1}
                      ; - kotlin.ResultKt::createFailure@6 (line 122)
                      ; - kotlin.coroutines.jvm.internal.BaseContinuationImpl::resumeWith@76 (line 37)
                      ;   {runtime_call _new_instance_Java}
  0x0000000111a62544: 7f73 e397 | f7ff ff17 | e103 00aa | 0400 0014 | e103 00aa | 0200 0014 | e103 00aa | fd7b 43a9 
  0x0000000111a62564: ff03 0191 

  0x0000000111a62568: ;   {runtime_call _rethrow_Java}
  0x0000000111a62568: 366e e317 

  0x0000000111a6256c: ;   {internal_word}
  0x0000000111a6256c: e8f7 ff10 | 88b3 01f9 

  0x0000000111a62574: ;   {runtime_call SafepointBlob}
  0x0000000111a62574: 2380 e017 | 0000 0000 | 0000 0000 
[Stub Code]
  0x0000000111a62580: ;   {no_reloc}
  0x0000000111a62580: 4800 0058 | 0001 1fd6 | 4085 3411 | 0100 0000 

  0x0000000111a62590: ;   {trampoline_stub}
  0x0000000111a62590: 4800 0058 | 0001 1fd6 | 6083 3411 | 0100 0000 

  0x0000000111a625a0: ;   {trampoline_stub}
  0x0000000111a625a0: 4800 0058 | 0001 1fd6 | b088 3411 | 0100 0000 

  0x0000000111a625b0: ;   {trampoline_stub}
  0x0000000111a625b0: 4800 0058 | 0001 1fd6 | 802c 2811 | 0100 0000 

  0x0000000111a625c0: ;   {trampoline_stub}
  0x0000000111a625c0: 4800 0058 | 0001 1fd6 | 802c 2811 | 0100 0000 

  0x0000000111a625d0: ;   {trampoline_stub}
  0x0000000111a625d0: 4800 0058 | 0001 1fd6 | 802c 2811 | 0100 0000 

  0x0000000111a625e0: ;   {trampoline_stub}
  0x0000000111a625e0: 4800 0058 | 0001 1fd6 | 40f3 3311 | 0100 0000 
[Exception Handler]
  0x0000000111a625f0: ;   {runtime_call ExceptionBlob}
  0x0000000111a625f0: a446 e317 
[Deopt Handler Code]
  0x0000000111a625f4: 1e00 0010 

  0x0000000111a625f8: ;   {runtime_call DeoptimizationBlob}
  0x0000000111a625f8: d280 e017 | 0000 0000 
[/MachCode]


Compiled method (c2)   27898 5924   !   4       kotlinx.coroutines.DispatchedTask::run (387 bytes)
 total in heap  [0x0000000111a60210,0x0000000111a62118] = 7944
 relocation     [0x0000000111a60368,0x0000000111a605c8] = 608
 main code      [0x0000000111a60600,0x0000000111a610c0] = 2752
 stub code      [0x0000000111a610c0,0x0000000111a61430] = 880
 oops           [0x0000000111a61430,0x0000000111a61470] = 64
 metadata       [0x0000000111a61470,0x0000000111a61570] = 256
 scopes data    [0x0000000111a61570,0x0000000111a61c30] = 1728
 scopes pcs     [0x0000000111a61c30,0x0000000111a61f10] = 736
 dependencies   [0x0000000111a61f10,0x0000000111a61f18] = 8
 handler table  [0x0000000111a61f18,0x0000000111a620e0] = 456
 nul chk table  [0x0000000111a620e0,0x0000000111a62118] = 56

[Constant Pool (empty)]

[MachCode]
[Entry Point]
  # {method} {0x0000000128874910} 'run' '()V' in 'kotlinx/coroutines/DispatchedTask'
  #           [sp+0x50]  (sp of caller)
  0x0000000111a60600: 2808 40b9 | 3f01 086b | 4000 0054 

  0x0000000111a6060c: ;   {runtime_call ic_miss_stub}
  0x0000000111a6060c: 7d6e e017 
[Verified Entry Point]
  0x0000000111a60610: 1f20 03d5 | e953 40d1 | 3f01 00f9 | ff43 01d1 | fd7b 04a9 | 2a08 40b9 

  0x0000000111a60628: ;   {metadata('kotlinx/coroutines/internal/DispatchedContinuation')}
  0x0000000111a60628: 0c22 a0d2 | 0c37 8cf2 | 5f01 0c6b | ee03 01aa | a001 0054 

  0x0000000111a6063c: ;   {metadata('kotlinx/coroutines/CancellableContinuationImpl')}
  0x0000000111a6063c: 4c22 a0d2 | 0c98 8cf2 | 5f01 0c6b | e139 0054 | ea03 01aa | 4b21 40b9 | 6af1 7dd3 | ca00 00b5 
  0x0000000111a6065c: 4117 8012 | fd03 0eaa | ea07 00f9 

  0x0000000111a60668: ; ImmutableOopMap {rfp=Oop [8]=Oop }
                      ;*ifnonnull {reexecute=1 rethrow=0 return_oop=0}
                      ; - (reexecute) kotlin.jvm.internal.Intrinsics::checkNotNull@1 (line 30)
                      ; - kotlinx.coroutines.DispatchedTask::run@40 (line 80)
                      ;   {runtime_call UncommonTrapBlob}
  0x0000000111a60668: 8689 e097 | ea03 01aa | 4b09 40b9 

  0x0000000111a60674: ;   {metadata('kotlinx/coroutines/internal/DispatchedContinuation')}
  0x0000000111a60674: 0d22 a0d2 | 0d37 8cf2 | 7f01 0d6b | 613f 0054 | 4c21 40b9 | 4a29 40b9 | 8bf1 7dd3 | e10f 00f9 
  0x0000000111a60694: eb07 00f9 | 5df1 7dd3 | e103 0baa | 0928 87d2 | e914 a0f2 | 0900 ccf2 

  0x0000000111a606ac: ; ImmutableOopMap {rfp=Oop [8]=Oop [24]=Oop }
                      ;*invokeinterface getContext {reexecute=0 rethrow=0 return_oop=1}
                      ; - kotlinx.coroutines.DispatchedTask::run@61 (line 222)
                      ;   {virtual_call}
  0x0000000111a606ac: d59e e397 

  0x0000000111a606b0: ;   {oop(a 'java/lang/Integer'[256] {0x00000007fff78ff0})}
  0x0000000111a606b0: 0afe 91d2 | eafe bff2 | ea00 c0f2 | e00b 00f9 | 4c11 42b9 | bd23 00b4 | ea0f 0c8b | bf03 0aeb 
  0x0000000111a606d0: 2134 0054 | ea0f 40f9 | 5d09 40b9 | e107 40f9 | 09fc 86d2 | e914 a0f2 | 0900 ccf2 

  0x0000000111a606ec: ; ImmutableOopMap {[8]=Oop [16]=Oop [24]=Oop }
                      ;*invokeinterface getContext {reexecute=0 rethrow=0 return_oop=1}
                      ; - kotlinx.coroutines.DispatchedTask::run@103 (line 83)
                      ;   {virtual_call}
  0x0000000111a606ec: c59e e397 

  0x0000000111a606f0: ;   {metadata('kotlinx/coroutines/internal/DispatchedContinuation')}
  0x0000000111a606f0: 0b22 a0d2 | 0b37 8cf2 | bf03 0b6b | f303 00aa | f503 1d2a | 2001 0054 

  0x0000000111a60708: ;   {metadata('kotlinx/coroutines/CancellableContinuationImpl')}
  0x0000000111a60708: 4a22 a0d2 | 0a98 8cf2 | bf03 0a6b | e133 0054 | ea0f 40f9 | 4aa1 0091 | 56fd df88 | 1600 0014 
  0x0000000111a60728: f40f 40f9 | 8be3 c039 | 0b27 0035 

  0x0000000111a60734: ;   {oop(a 'kotlinx/coroutines/internal/Symbol'{0x000000078091e0b8})}
  0x0000000111a60734: 0b17 9cd2 | 2b12 b0f2 | eb00 c0f2 | ea03 14aa | 6b01 0aca | 9626 40b9 

  0x0000000111a6074c: ;   {oop(a 'kotlinx/coroutines/internal/Symbol'{0x000000078091e0b8})}
  0x0000000111a6074c: 4d02 bed2 | ed82 87f2 | 6bfd 54d3 | 8d26 00b9 | 0b01 00b4 | 4afd 49d3 | 0b00 90d2 | 2b9f bff2 
  0x0000000111a6076c: 6001 0a8b | 0a00 c039 | 5f11 0071 | 2126 0054 | ee0f 40f9 | ca09 40b9 

  0x0000000111a60784: ;   {metadata('kotlinx/coroutines/internal/DispatchedContinuation')}
  0x0000000111a60784: 0d22 a0d2 | 0d37 8cf2 | 5f01 0d6b | cff2 7dd3 

  0x0000000111a60794: ;   {metadata('kotlinx/coroutines/CompletedExceptionally')}
  0x0000000111a60794: 0b41 98d2 | 0b22 a0f2 | 8b00 c0f2 | fd03 1faa | 600e 0054 

  0x0000000111a607a8: ;   {metadata('kotlinx/coroutines/CancellableContinuationImpl')}
  0x0000000111a607a8: 4c22 a0d2 | 0c98 8cf2 | 5f01 0c6b | a12d 0054 

  0x0000000111a607b8: ; implicit exception: dispatches to 0x0000000111a60ed4
  0x0000000111a607b8: ea09 40b9 | 4a01 5ed2 | 4a1d 40f9 | 5f01 0beb | a100 0054 | ea03 0faa | 4a11 40b9 | 5df1 7dd3 
  0x0000000111a607d8: 5d00 00b5 | fd03 1faa | bd12 00b5 | cb19 40b9 | 7f05 0071 | 6001 0054 | 7f09 0071 | 2001 0054 
  0x0000000111a607f8: ea07 40f9 | ea03 00f9 | ea0b 40f9 | 4117 8012 | fd03 0eaa | eacf 00a9 | ef0f 00f9 

  0x0000000111a60814: ; ImmutableOopMap {rfp=Oop [0]=Oop [8]=Oop [16]=Oop [24]=Oop }
                      ;*ifeq {reexecute=1 rethrow=0 return_oop=0}
                      ; - (reexecute) kotlinx.coroutines.DispatchedTask::run@136 (line 91)
                      ;   {runtime_call UncommonTrapBlob}
  0x0000000111a60814: 1b89 e097 

  0x0000000111a60818: ; implicit exception: dispatches to 0x0000000111a60e7c
  0x0000000111a60818: 6a0a 40b9 

  0x0000000111a6081c: ;   {metadata('kotlin/coroutines/CombinedContext')}
  0x0000000111a6081c: 0c22 a0d2 | 0c49 86f2 | 5f01 0c6b | 6128 0054 | fd03 13aa | ab13 40b9 | ef13 00f9 | f503 00b9 
  0x0000000111a6083c: 61f1 7dd3 

  0x0000000111a60840: ;   {oop(a 'kotlinx/coroutines/Job$Key'{0x000000078094a858})}
  0x0000000111a60840: 020b 95d2 | 8212 b0f2 | e200 c0f2 | 0994 86d2 | 8914 a0f2 | 0900 ccf2 

  0x0000000111a60858: ; ImmutableOopMap {rfp=Oop [8]=Oop [16]=Oop [24]=Oop [32]=Oop }
                      ;*invokeinterface get {reexecute=0 rethrow=0 return_oop=1}
                      ; - kotlin.coroutines.CombinedContext::get@14 (line 120)
                      ; - kotlinx.coroutines.DispatchedTask::run@147 (line 91)
                      ;   {virtual_call}
  0x0000000111a60858: 6a9e e397 | ec03 00aa | e002 00b5 | 1f20 03d5 | 1f20 03d5 | 1f20 03d5 | aa0f 40b9 | 41f1 7dd3 
  0x0000000111a60878: ; implicit exception: dispatches to 0x0000000111a60e98
  0x0000000111a60878: 2b08 40b9 

  0x0000000111a6087c: ;   {metadata('kotlin/coroutines/CombinedContext')}
  0x0000000111a6087c: 0c22 a0d2 | 0c49 86f2 | 7f01 0c6b | 610b 0054 | fd03 01aa | ab13 40b9 | 61f1 7dd3 

  0x0000000111a60898: ;   {oop(a 'kotlinx/coroutines/Job$Key'{0x000000078094a858})}
  0x0000000111a60898: 020b 95d2 | 8212 b0f2 | e200 c0f2 | 0980 87d2 | e914 a0f2 | 0900 ccf2 

  0x0000000111a608b0: ; ImmutableOopMap {rfp=Oop [8]=Oop [16]=Oop [24]=Oop [32]=Oop }
                      ;*invokeinterface get {reexecute=0 rethrow=0 return_oop=1}
                      ; - kotlin.coroutines.CombinedContext::get@14 (line 120)
                      ; - kotlinx.coroutines.DispatchedTask::run@147 (line 91)
                      ;   {virtual_call}
  0x0000000111a608b0: 549e e397 | ec03 00aa | c0fd ffb4 | 8a09 40b9 | 4401 5ed2 | 8a10 40f9 

  0x0000000111a608c8: ;   {metadata('kotlinx/coroutines/Job')}
  0x0000000111a608c8: 0b64 81d2 | 0b22 a0f2 | 8b00 c0f2 | 5f01 0beb | e105 0054 | fd03 0caa | e103 1daa | 09f0 8ed2 
  0x0000000111a608e8: 8914 a0f2 | 0900 ccf2 

  0x0000000111a608f0: ; ImmutableOopMap {rfp=Oop [8]=Oop [16]=Oop [24]=Oop [32]=Oop }
                      ;*invokeinterface isActive {reexecute=0 rethrow=0 return_oop=0}
                      ; - kotlinx.coroutines.DispatchedTask::run@168 (line 92)
                      ;   {virtual_call}
  0x0000000111a608f0: be9f e397 | c00c 0034 

  0x0000000111a608f8: ;   {metadata('kotlinx/coroutines/internal/DispatchedContinuation')}
  0x0000000111a608f8: 0c22 a0d2 | 0c37 8cf2 | ea03 40b9 | 5f01 0c6b | c001 0054 

  0x0000000111a6090c: ;   {metadata('kotlinx/coroutines/CancellableContinuationImpl')}
  0x0000000111a6090c: 4c22 a0d2 | 0c98 8cf2 | 5f01 0c6b | e213 40f9 | 4b08 40b9 | 6124 0054 

  0x0000000111a60924: ;   {metadata('kotlinx/coroutines/CompletedContinuation')}
  0x0000000111a60924: 4c25 a0d2 | 0c21 8ef2 | 7f01 0c6b | a100 0054 | 4a0c 40b9 | 42f1 7dd3 | 0200 0014 | e213 40f9 
  0x0000000111a60944: e107 40f9 | 097c 87d2 | e914 a0f2 | 0900 ccf2 

  0x0000000111a60954: ; ImmutableOopMap {[16]=Oop [24]=Oop }
                      ;*invokeinterface resumeWith {reexecute=0 rethrow=0 return_oop=0}
                      ; - kotlinx.coroutines.DispatchedTask::run@301 (line 100)
                      ;   {virtual_call}
  0x0000000111a60954: d79f e397 | fd7b 44a9 | ff43 0191 

  0x0000000111a60960: ;   {poll_return}
  0x0000000111a60960: 88a7 41f9 | ff63 28eb | 2839 0054 | c003 5fd6 

  0x0000000111a60970: ; implicit exception: dispatches to 0x0000000111a60eb4
  0x0000000111a60970: ec09 40b9 | 8a01 5ed2 | 4a1d 40f9 | 5f01 0beb | 01f3 ff54 | ea03 0faa | 4b11 40b9 | 7df1 7dd3 
  0x0000000111a60990: 94ff ff17 

  0x0000000111a60994: ;   {metadata('kotlinx/coroutines/Job')}
  0x0000000111a60994: 0064 81d2 | 0022 a0f2 | 8000 c0f2 | 8514 40f9 | a200 40b9 | a520 0091 | ff63 3feb | c200 00b4 
  0x0000000111a609b4: a884 40f8 | 1f00 08eb | 6000 0054 | 4204 00d1 | 82ff ffb5 | 6100 0054 | 8010 00f9 | e503 1faa 
  0x0000000111a609d4: 45f8 ffb4 | ea07 40f9 | ea03 00f9 | ea77 41a9 | 2104 8012 | ea07 00f9 | ec0f 00f9 

  0x0000000111a609f0: ; ImmutableOopMap {rfp=Oop [0]=Oop [8]=Oop [24]=Oop [32]=Oop }
                      ;*checkcast {reexecute=0 rethrow=0 return_oop=0}
                      ; - kotlinx.coroutines.DispatchedTask::run@152 (line 91)
                      ;   {runtime_call UncommonTrapBlob}
  0x0000000111a609f0: a488 e097 

  0x0000000111a609f4: ;   {oop(a 'kotlinx/coroutines/Job$Key'{0x000000078094a858})}
  0x0000000111a609f4: 020b 95d2 | 8212 b0f2 | e200 c0f2 | 09d0 86d2 | 8914 a0f2 | 0900 ccf2 

  0x0000000111a60a0c: ; ImmutableOopMap {[8]=Oop [16]=Oop [24]=Oop [32]=Oop }
                      ;*invokeinterface get {reexecute=0 rethrow=0 return_oop=1}
                      ; - kotlin.coroutines.CombinedContext::get@55 (line 125)
                      ; - kotlinx.coroutines.DispatchedTask::run@147 (line 91)
                      ;   {virtual_call}
  0x0000000111a60a0c: fd9d e397 | ec03 00aa | 40f5 ffb5 | ea07 40f9 | ea03 00f9 | ea0b 40f9 | 6101 8012 | fd0f 40f9 
  0x0000000111a60a2c: ea07 00f9 

  0x0000000111a60a30: ; ImmutableOopMap {rfp=Oop [0]=Oop [8]=Oop [32]=Oop }
                      ;*checkcast {reexecute=0 rethrow=0 return_oop=0}
                      ; - kotlinx.coroutines.DispatchedTask::run@152 (line 91)
                      ;   {runtime_call UncommonTrapBlob}
  0x0000000111a60a30: 9488 e097 | 8287 40f9 | 8a8f 40f9 | 4b40 0091 | 7f01 0aeb | c216 0054 | ea03 40b2 | 8b87 00f9 
  0x0000000111a60a50: 4a00 00f9 

  0x0000000111a60a54: ;   {metadata('kotlin/Result$Failure')}
  0x0000000111a60a54: 0a22 a0d2 | 0a6b 8ff2 | 4a08 00b9 | 70c1 80f9 | 5f0c 00b9 | abff 43d3 | 4b0c 00b9 | bf3b 03d5 
  0x0000000111a60a74: e107 40f9 | 098e 8ad2 | 2927 a0f2 | 8900 c0f2 

  0x0000000111a60a84: ; ImmutableOopMap {[16]=Oop [24]=Oop }
                      ;*invokeinterface resumeWith {reexecute=0 rethrow=0 return_oop=0}
                      ; - kotlinx.coroutines.DispatchedTask::run@279 (line 98)
                      ;   {virtual_call}
  0x0000000111a60a84: 3f06 0094 | b4ff ff17 | ab0b 40b9 

  0x0000000111a60a90: ;   {metadata('kotlinx/coroutines/StandaloneCoroutine')}
  0x0000000111a60a90: 2a22 a0d2 | 0a1d 8ff2 | 7f01 0a6b | ec03 1daa | 810f 0054 | e103 1daa 

  0x0000000111a60aa8: ; ImmutableOopMap {[8]=Oop [16]=Oop [24]=Oop [32]=Oop }
                      ;*invokeinterface getCancellationException {reexecute=0 rethrow=0 return_oop=1}
                      ; - kotlinx.coroutines.DispatchedTask::run@178 (line 93)
                      ;   {optimized virtual_call}
  0x0000000111a60aa8: ba01 0094 | e017 00f9 

  0x0000000111a60ab0: ;   {metadata('kotlinx/coroutines/CancellableContinuationImpl')}
  0x0000000111a60ab0: 4c22 a0d2 | 0c98 8cf2 | ea03 40b9 | 5f01 0c6b | 8111 0054 | ea0f 40f9 | fd03 0aaa | e103 0aaa 
  0x0000000111a60ad0: e20f 42a9 

  0x0000000111a60ad4: ; ImmutableOopMap {rfp=Oop [8]=Oop [16]=Oop [24]=Oop [40]=Oop }
                      ;*invokevirtual cancelCompletedResult$kotlinx_coroutines_core {reexecute=0 rethrow=0 return_oop=0}
                      ; - kotlinx.coroutines.DispatchedTask::run@193 (line 94)
                      ;   {optimized virtual_call}
  0x0000000111a60ad4: bb01 0094 | ec17 40f9 | 2c19 00b4 | 8287 40f9 | 8a8f 40f9 | 4b40 0091 | 7f01 0aeb | a217 0054 
  0x0000000111a60af4: ea03 40b2 | 8b87 00f9 

  0x0000000111a60afc: ;   {metadata('kotlin/Result$Failure')}
  0x0000000111a60afc: 0d22 a0d2 | 0d6b 8ff2 | 4a00 00f9 | 4d08 00b9 | 70c1 80f9 | 5f0c 00b9 | 8bfd 43d3 | 4b0c 00b9 
  0x0000000111a60b1c: bf3b 03d5 | e107 40f9 | 0920 89d2 | 6915 a0f2 | 0900 ccf2 

  0x0000000111a60b30: ; ImmutableOopMap {[16]=Oop [24]=Oop }
                      ;*invokeinterface resumeWith {reexecute=0 rethrow=0 return_oop=0}
                      ; - kotlinx.coroutines.DispatchedTask::run@252 (line 232)
                      ;   {virtual_call}
  0x0000000111a60b30: 609f e397 | 89ff ff17 | ed0f 0c8b 

  0x0000000111a60b3c: ; implicit exception: dispatches to 0x0000000111a60ef4
  0x0000000111a60b3c: 0a08 40b9 

  0x0000000111a60b40: ;   {metadata('kotlin/coroutines/CombinedContext')}
  0x0000000111a60b40: 0c22 a0d2 | 0c49 86f2 | 5f01 0c6b | a116 0054 | fd03 00aa | ac0f 40b9 | 81f1 7dd3 

  0x0000000111a60b5c: ;   {oop(a 'kotlinx/coroutines/internal/ThreadContextKt$$Lambda$66+0x0000000401106ac0'{0x00000007809b6b48})}
  0x0000000111a60b5c: 0369 8dd2 | 6313 b0f2 | e300 c0f2 | e203 0daa | e9ff 9fd2 | e9ff bff2 | e9ff dff2 

  0x0000000111a60b78: ; ImmutableOopMap {rfp=Oop [8]=Oop [16]=Oop [24]=Oop }
                      ;*invokeinterface fold {reexecute=0 rethrow=0 return_oop=1}
                      ; - kotlin.coroutines.CombinedContext::fold@13 (line 131)
                      ; - kotlinx.coroutines.internal.ThreadContextKt::threadContextElements@8 (line 55)
                      ; - kotlinx.coroutines.internal.ThreadContextKt::updateThreadContext@7 (line 61)
                      ; - kotlinx.coroutines.DispatchedTask::run@71 (line 223)
                      ;   {virtual_call}
  0x0000000111a60b78: a26e e097 | ab13 40b9 | ea03 00aa | 7df1 7dd3 

  0x0000000111a60b88: ; implicit exception: dispatches to 0x0000000111a60f0c
  0x0000000111a60b88: ac0b 40b9 | 8401 5ed2 | 8b10 40f9 

  0x0000000111a60b94: ;   {metadata('kotlin/coroutines/CoroutineContext$Element')}
  0x0000000111a60b94: 0009 91d2 | e021 a0f2 | 8000 c0f2 | 7f01 00eb | 6108 0054 

  0x0000000111a60ba8: ;   {metadata('kotlinx/coroutines/ThreadContextElement')}
  0x0000000111a60ba8: 0000 9cd2 | e021 a0f2 | 8000 c0f2 | 7f01 00eb | a012 0054 | 8514 40f9 | a200 40b9 | a520 0091 
  0x0000000111a60bc8: ff63 3feb | c200 00b4 | a884 40f8 | 1f00 08eb | 6000 0054 | 4204 00d1 | 82ff ffb5 | 6100 0054 
  0x0000000111a60be8: 8010 00f9 | e503 1faa 

  0x0000000111a60bf0: ;   {oop(a 'java/lang/Integer'[256] {0x00000007fff78ff0})}
  0x0000000111a60bf0: 0bfe 91d2 | ebfe bff2 | eb00 c0f2 | 6c11 42b9 | 6510 00b4 | aa11 00b4 | fd03 0aaa | affe ff17 
  0x0000000111a60c10: 8a26 40b9 | 40f1 7dd3 | e0d8 ffb4 | 8a13 40f9 | 0a0d 00b4 | 8b1b 40f9 | 4c21 00d1 | 6a01 0a8b 
  0x0000000111a60c30: 4081 1ff8 | 8c13 00f9 | bffe ff17 | 8a23 40f9 | 8b2b 40f9 | bf3b 03d5 | 0c00 c039 | 8cd9 ff34 
  0x0000000111a60c50: 1f00 0039 | 4a01 00b5 | e103 1caa | c900 0010 

  0x0000000111a60c60: ;   {runtime_call G1BarrierSetRuntime::write_ref_field_post_entry(unsigned char volatile*, JavaThread*)}
  0x0000000111a60c60: 08d1 80d2 | 6832 a0f2 | 2800 c0f2 | ff27 bfa9 | 0001 3fd6 | ff43 0091 | c1fe ff17 | 4c21 00d1 
  0x0000000111a60c80: 6a01 0a8b | 4081 1ff8 | 8c23 00f9 | bcfe ff17 

  0x0000000111a60c90: ;   {metadata('kotlinx/coroutines/internal/ScopeCoroutine')}
  0x0000000111a60c90: 0a22 a0d2 | 0adb 9bf2 | 7f01 0a6b | a10d 0054 | e103 1daa 

  0x0000000111a60ca4: ; ImmutableOopMap {[8]=Oop [16]=Oop [24]=Oop [32]=Oop }
                      ;*invokeinterface getCancellationException {reexecute=0 rethrow=0 return_oop=1}
                      ; - kotlinx.coroutines.DispatchedTask::run@178 (line 93)
                      ;   {optimized virtual_call}
  0x0000000111a60ca4: 976d e097 | e017 00f9 | 81ff ff17 | 8514 40f9 | a200 40b9 | a520 0091 | ff63 3feb | c200 00b4 
  0x0000000111a60cc4: a884 40f8 | 1f00 08eb | 6000 0054 | 4204 00d1 | 82ff ffb5 | 6100 0054 | 8010 00f9 | e503 1faa 
  0x0000000111a60ce4: 25f6 ffb4 | 2104 8012 

  0x0000000111a60cec: ; ImmutableOopMap {rfp=Oop [8]=Oop [16]=Oop [24]=Oop }
                      ;*checkcast {reexecute=0 rethrow=0 return_oop=0}
                      ; - kotlinx.coroutines.internal.ThreadContextKt$$Lambda$66/0x0000000401106ac0::invoke@2
                      ; - kotlin.coroutines.CombinedContext::fold@22 (line 131)
                      ; - kotlinx.coroutines.internal.ThreadContextKt::threadContextElements@8 (line 55)
                      ; - kotlinx.coroutines.internal.ThreadContextKt::updateThreadContext@7 (line 61)
                      ; - kotlinx.coroutines.DispatchedTask::run@71 (line 223)
                      ;   {runtime_call UncommonTrapBlob}
  0x0000000111a60cec: e587 e097 

  0x0000000111a60cf0: ;   {metadata('kotlinx/coroutines/internal/DispatchedContinuation')}
  0x0000000111a60cf0: 0b22 a0d2 | 0b37 8cf2 | 5f01 0b6b | e0ee ff54 | ea07 40f9 | ea03 00f9 | ea0b 40f9 | 2107 8012 
  0x0000000111a60d10: fd0f 40f9 | ea07 00f9 

  0x0000000111a60d18: ; ImmutableOopMap {rfp=Oop [0]=Oop [8]=Oop [32]=Oop [40]=Oop }
                      ;*invokevirtual cancelCompletedResult$kotlinx_coroutines_core {reexecute=0 rethrow=0 return_oop=0}
                      ; - kotlinx.coroutines.DispatchedTask::run@193 (line 94)
                      ;   {runtime_call UncommonTrapBlob}
  0x0000000111a60d18: da87 e097 

  0x0000000111a60d1c: ;   {metadata('kotlin/Result$Failure')}
  0x0000000111a60d1c: 016b 8fd2 | 0122 a0f2 | 8100 c0f2 

  0x0000000111a60d28: ; ImmutableOopMap {rfp=Oop [8]=Oop [16]=Oop [24]=Oop }
                      ;*new {reexecute=0 rethrow=0 return_oop=1}
                      ; - kotlin.ResultKt::createFailure@6 (line 122)
                      ; - kotlinx.coroutines.DispatchedTask::run@273 (line 98)
                      ;   {runtime_call _new_instance_Java}
  0x0000000111a60d28: 8679 e397 | e203 00aa | 4eff ff17 | ea07 40f9 | ea03 00f9 | ea0b 40f9 | 2104 8012 | fd03 0eaa 
  0x0000000111a60d48: eabf 00a9 | f30f 00f9 

  0x0000000111a60d50: ; ImmutableOopMap {rfp=Oop [0]=Oop [8]=Oop [16]=Oop [24]=Oop }
                      ;*invokeinterface get {reexecute=0 rethrow=0 return_oop=0}
                      ; - kotlinx.coroutines.DispatchedTask::run@147 (line 91)
                      ;   {runtime_call UncommonTrapBlob}
  0x0000000111a60d50: cc87 e097 | eb0f 40f9 | 4117 8012 | eb03 00f9 | ea17 00f9 

  0x0000000111a60d64: ; ImmutableOopMap {rfp=Oop [0]=Oop [8]=Oop [16]=Oop [40]=Oop }
                      ;*if_acmpne {reexecute=1 rethrow=0 return_oop=0}
                      ; - (reexecute) kotlinx.coroutines.internal.ThreadContextKt::updateThreadContext@17 (line 64)
                      ; - kotlinx.coroutines.DispatchedTask::run@71 (line 223)
                      ;   {runtime_call UncommonTrapBlob}
  0x0000000111a60d64: c787 e097 | ea07 40f9 | ea03 00f9 | ea0b 40f9 | 2107 8012 | eacf 00a9 | ee3f 02a9 

  0x0000000111a60d80: ; ImmutableOopMap {[0]=Oop [8]=Oop [16]=Oop [32]=Oop [40]=Oop }
                      ;*invokevirtual getExceptionalResult$kotlinx_coroutines_core {reexecute=0 rethrow=0 return_oop=0}
                      ; - kotlinx.coroutines.DispatchedTask::run@119 (line 85)
                      ;   {runtime_call UncommonTrapBlob}
  0x0000000111a60d80: c087 e097 | 2107 8012 | ee03 00f9 

  0x0000000111a60d8c: ; ImmutableOopMap {[0]=Oop }
                      ;*invokevirtual getDelegate$kotlinx_coroutines_core {reexecute=0 rethrow=0 return_oop=0}
                      ; - kotlinx.coroutines.DispatchedTask::run@34 (line 80)
                      ;   {runtime_call UncommonTrapBlob}
  0x0000000111a60d8c: bd87 e097 | ea07 40f9 | ea03 00f9 | ea0b 40f9 | 2107 8012 | fd0f 40f9 | ea83 00a9 

  0x0000000111a60da8: ; ImmutableOopMap {rfp=Oop [0]=Oop [8]=Oop [16]=Oop }
                      ;*invokevirtual takeState$kotlinx_coroutines_core {reexecute=0 rethrow=0 return_oop=0}
                      ; - kotlinx.coroutines.DispatchedTask::run@111 (line 84)
                      ;   {runtime_call UncommonTrapBlob}
  0x0000000111a60da8: b687 e097 | ea0b 40f9 | 2107 8012 | fd0f 40f9 | ea03 00f9 

  0x0000000111a60dbc: ; ImmutableOopMap {rfp=Oop [0]=Oop [8]=Oop [32]=Oop }
                      ;*invokevirtual getSuccessfulResult$kotlinx_coroutines_core {reexecute=0 rethrow=0 return_oop=0}
                      ; - kotlinx.coroutines.DispatchedTask::run@295 (line 100)
                      ;   {runtime_call UncommonTrapBlob}
  0x0000000111a60dbc: b187 e097 | e103 1caa | c900 0010 

  0x0000000111a60dc8: ;   {runtime_call G1BarrierSetRuntime::write_ref_field_pre_entry(oopDesc*, JavaThread*)}
  0x0000000111a60dc8: 08ca 80d2 | 6832 a0f2 | 2800 c0f2 | ff27 bfa9 | 0001 3fd6 | ff43 0091 | 55fe ff17 

  0x0000000111a60de4: ;   {metadata('kotlin/Result$Failure')}
  0x0000000111a60de4: 016b 8fd2 | 0122 a0f2 | 8100 c0f2 

  0x0000000111a60df0: ; ImmutableOopMap {[8]=Oop [16]=Oop [24]=Oop [40]=Oop }
                      ;*new {reexecute=0 rethrow=0 return_oop=1}
                      ; - kotlin.ResultKt::createFailure@6 (line 122)
                      ; - kotlinx.coroutines.DispatchedTask::run@246 (line 232)
                      ;   {runtime_call _new_instance_Java}
  0x0000000111a60df0: 5479 e397 | e203 00aa | ec17 40f9 | 46ff ff17 | 6114 8012 | fd0f 40f9 

  0x0000000111a60e08: ; ImmutableOopMap {rfp=Oop [8]=Oop [16]=Oop [40]=Oop }
                      ;*ifnonnull {reexecute=1 rethrow=0 return_oop=0}
                      ; - (reexecute) kotlin.jvm.internal.Intrinsics::checkNotNullParameter@1 (line 130)
                      ; - kotlin.ResultKt::createFailure@3
                      ; - kotlinx.coroutines.DispatchedTask::run@246 (line 232)
                      ;   {runtime_call UncommonTrapBlob}
  0x0000000111a60e08: 9e87 e097 | eb0f 40f9 | 4117 8012 | eb03 00f9 | ea13 00f9 

  0x0000000111a60e1c: ; ImmutableOopMap {rfp=Oop [0]=Oop [8]=Oop [16]=Oop [32]=Oop }
                      ;*ifeq {reexecute=1 rethrow=0 return_oop=0}
                      ; - (reexecute) kotlinx.coroutines.internal.ThreadContextKt::countAll$lambda$0@4 (line 32)
                      ; - kotlinx.coroutines.internal.ThreadContextKt$$Lambda$66/0x0000000401106ac0::invoke@5
                      ; - kotlin.coroutines.CombinedContext::fold@22 (line 131)
                      ; - kotlinx.coroutines.internal.ThreadContextKt::threadContextElements@8 (line 55)
                      ; - kotlinx.coroutines.internal.ThreadContextKt::updateThreadContext@7 (line 61)
                      ; - kotlinx.coroutines.DispatchedTask::run@71 (line 223)
                      ;   {runtime_call UncommonTrapBlob}
  0x0000000111a60e1c: 9987 e097 | ea07 40f9 | ed13 00f9 | 2104 8012 | fd0f 40f9 | ea03 00f9 

  0x0000000111a60e34: ; ImmutableOopMap {rfp=Oop [0]=Oop [16]=Oop [32]=Oop }
                      ;*invokeinterface fold {reexecute=0 rethrow=0 return_oop=0}
                      ; - kotlinx.coroutines.internal.ThreadContextKt::threadContextElements@8 (line 55)
                      ; - kotlinx.coroutines.internal.ThreadContextKt::updateThreadContext@7 (line 61)
                      ; - kotlinx.coroutines.DispatchedTask::run@71 (line 223)
                      ;   {runtime_call UncommonTrapBlob}
  0x0000000111a60e34: 9387 e097 | eb07 40f9 | 4117 8012 | fd0f 40f9 | eb03 00f9 | ea13 00f9 

  0x0000000111a60e4c: ; ImmutableOopMap {rfp=Oop [0]=Oop [16]=Oop [32]=Oop }
                      ;*ifnonnull {reexecute=1 rethrow=0 return_oop=0}
                      ; - (reexecute) kotlin.jvm.internal.Intrinsics::checkNotNull@1 (line 24)
                      ; - kotlinx.coroutines.internal.ThreadContextKt::threadContextElements@14 (line 55)
                      ; - kotlinx.coroutines.internal.ThreadContextKt::updateThreadContext@7 (line 61)
                      ; - kotlinx.coroutines.DispatchedTask::run@71 (line 223)
                      ;   {runtime_call UncommonTrapBlob}
  0x0000000111a60e4c: 8d87 e097 | ea07 40f9 | ea03 00f9 | ea77 41a9 | 2107 8012 | ea07 00f9 | ec0f 00f9 

  0x0000000111a60e68: ; ImmutableOopMap {rfp=Oop [0]=Oop [8]=Oop [24]=Oop [32]=Oop }
                      ;*invokeinterface getCancellationException {reexecute=0 rethrow=0 return_oop=0}
                      ; - kotlinx.coroutines.DispatchedTask::run@178 (line 93)
                      ;   {runtime_call UncommonTrapBlob}
  0x0000000111a60e68: 8687 e097 | 2104 8012 | fd03 0eaa | ea03 00f9 

  0x0000000111a60e78: ; ImmutableOopMap {rfp=Oop [0]=Oop }
                      ;*checkcast {reexecute=0 rethrow=0 return_oop=0}
                      ; - kotlinx.coroutines.DispatchedTask::run@43 (line 80)
                      ;   {runtime_call UncommonTrapBlob}
  0x0000000111a60e78: 8287 e097 | ea07 40f9 | ea03 00f9 | ea0b 40f9 | 2101 8012 | fd03 0eaa | eabf 00a9 

  0x0000000111a60e94: ; ImmutableOopMap {rfp=Oop [0]=Oop [8]=Oop [16]=Oop }
                      ;*invokeinterface get {reexecute=0 rethrow=0 return_oop=0}
                      ; - kotlinx.coroutines.DispatchedTask::run@147 (line 91)
                      ;   {runtime_call UncommonTrapBlob}
  0x0000000111a60e94: 7b87 e097 | ea07 40f9 | ea03 00f9 | ea0b 40f9 | 6101 8012 | fd0f 40f9 | ea07 00f9 

  0x0000000111a60eb0: ; ImmutableOopMap {rfp=Oop [0]=Oop [8]=Oop [32]=Oop }
                      ;*instanceof {reexecute=0 rethrow=0 return_oop=0}
                      ; - kotlin.coroutines.CombinedContext::get@39 (line 122)
                      ; - kotlinx.coroutines.DispatchedTask::run@147 (line 91)
                      ;   {runtime_call UncommonTrapBlob}
  0x0000000111a60eb0: 7487 e097 | ea07 40f9 | ea03 00f9 | fd03 0eaa | ea0b 40f9 | 6101 8012 | eacf 00a9 | ef0f 00f9 
  0x0000000111a60ed0: ; ImmutableOopMap {rfp=Oop [0]=Oop [8]=Oop [16]=Oop [24]=Oop }
                      ;*instanceof {reexecute=0 rethrow=0 return_oop=0}
                      ; - kotlinx.coroutines.DispatchedTask::getExceptionalResult$kotlinx_coroutines_core@1 (line 75)
                      ; - kotlinx.coroutines.DispatchedTask::run@119 (line 85)
                      ;   {runtime_call UncommonTrapBlob}
  0x0000000111a60ed0: 6c87 e097 | ea07 40f9 | ea03 00f9 | fd03 0eaa | ea0b 40f9 | 6101 8012 | eacf 00a9 | ef0f 00f9 
  0x0000000111a60ef0: ; ImmutableOopMap {rfp=Oop [0]=Oop [8]=Oop [16]=Oop [24]=Oop }
                      ;*instanceof {reexecute=0 rethrow=0 return_oop=0}
                      ; - kotlinx.coroutines.DispatchedTask::getExceptionalResult$kotlinx_coroutines_core@1 (line 75)
                      ; - kotlinx.coroutines.CancellableContinuationImpl::getExceptionalResult$kotlinx_coroutines_core@2 (line 614)
                      ; - kotlinx.coroutines.DispatchedTask::run@119 (line 85)
                      ;   {runtime_call UncommonTrapBlob}
  0x0000000111a60ef0: 6487 e097 | ea07 40f9 | ed0b 00f9 | 2101 8012 | fd0f 40f9 | ea03 00a9 

  0x0000000111a60f08: ; ImmutableOopMap {rfp=Oop [0]=Oop [8]=Oop [16]=Oop }
                      ;*invokeinterface fold {reexecute=0 rethrow=0 return_oop=0}
                      ; - kotlinx.coroutines.internal.ThreadContextKt::threadContextElements@8 (line 55)
                      ; - kotlinx.coroutines.internal.ThreadContextKt::updateThreadContext@7 (line 61)
                      ; - kotlinx.coroutines.DispatchedTask::run@71 (line 223)
                      ;   {runtime_call UncommonTrapBlob}
  0x0000000111a60f08: 5e87 e097 | eb07 40f9 | fd0f 40f9 | 6101 8012 | eb03 00f9 | e00f 00f9 

  0x0000000111a60f20: ; ImmutableOopMap {rfp=Oop [0]=Oop [16]=Oop [24]=Oop }
                      ;*checkcast {reexecute=0 rethrow=0 return_oop=0}
                      ; - kotlinx.coroutines.internal.ThreadContextKt$$Lambda$66/0x0000000401106ac0::invoke@2
                      ; - kotlin.coroutines.CombinedContext::fold@22 (line 131)
                      ; - kotlinx.coroutines.internal.ThreadContextKt::threadContextElements@8 (line 55)
                      ; - kotlinx.coroutines.internal.ThreadContextKt::updateThreadContext@7 (line 61)
                      ; - kotlinx.coroutines.DispatchedTask::run@71 (line 223)
                      ;   {runtime_call UncommonTrapBlob}
  0x0000000111a60f20: 5887 e097 | e103 00aa | 0400 0014 | e103 00aa | 0200 0014 | e103 00aa | fd7b 44a9 | ff43 0191 
  0x0000000111a60f40: ;   {runtime_call _rethrow_Java}
  0x0000000111a60f40: c073 e317 | e003 00f9 | 3100 0014 | e003 00f9 | 2f00 0014 | e203 00aa | 4800 0014 | 0a08 40b9 
  0x0000000111a60f60: ;   {metadata('kotlinx/coroutines/DispatchException')}
  0x0000000111a60f60: 0c22 a0d2 | 0c8a 8cf2 | 5f01 0c6b | 41ff ff54 | ea03 00aa | ea03 00f9 | 3200 0014 | e203 00aa 
  0x0000000111a60f80: 3e00 0014 | 0d00 0014 | 0b08 40b9 

  0x0000000111a60f8c: ;   {metadata('kotlinx/coroutines/DispatchException')}
  0x0000000111a60f8c: 0a22 a0d2 | 0a8a 8cf2 | 7f01 0a6b | 21ff ff54 | ea03 00aa | ea03 00f9 | 2700 0014 | e003 00f9 
  0x0000000111a60fac: 1800 0014 | e003 00f9 | 1600 0014 | e003 00f9 | 1400 0014 | e003 00f9 | 1200 0014 | 0a00 0014 
  0x0000000111a60fcc: 0a08 40b9 

  0x0000000111a60fd0: ;   {metadata('kotlinx/coroutines/DispatchException')}
  0x0000000111a60fd0: 0c22 a0d2 | 0c8a 8cf2 | 5f01 0c6b | 4105 0054 | ea03 00aa | ea03 00f9 | 1600 0014 | 0100 0014 
  0x0000000111a60ff0: e003 00f9 | 0600 0014 | e003 00f9 | 0400 0014 | e003 00f9 | 0200 0014 | e003 00f9 | ea03 40f9 
  0x0000000111a61010: ;   {oop(a 'kotlinx/coroutines/internal/Symbol'{0x000000078094a830})}
  0x0000000111a61010: 0206 95d2 | 8212 b0f2 | e200 c0f2 | 5d09 40b9 | e10b 40f9 

  0x0000000111a61024: ; ImmutableOopMap {[0]=Oop [24]=Oop }
                      ;*invokestatic restoreThreadContext {reexecute=0 rethrow=0 return_oop=0}
                      ; - kotlinx.coroutines.DispatchedTask::run@354 (line 237)
                      ;   {static_call}
  0x0000000111a61024: 376e e097 

  0x0000000111a61028: ;   {metadata('kotlinx/coroutines/DispatchException')}
  0x0000000111a61028: 0a22 a0d2 | 0a8a 8cf2 | bf03 0a6b | 0102 0054 | ea03 40f9 | ea03 00f9 | e10f 40f9 | e9ff 9fd2 
  0x0000000111a61048: e9ff bff2 | e9ff dff2 

  0x0000000111a61050: ; ImmutableOopMap {[0]=Oop }
                      ;*invokevirtual getDelegate$kotlinx_coroutines_core {reexecute=0 rethrow=0 return_oop=1}
                      ; - kotlinx.coroutines.DispatchedTask::run@362 (line 105)
                      ;   {virtual_call}
  0x0000000111a61050: 6c6d e097 | e103 00aa | e9ff 9fd2 | e9ff bff2 | e9ff dff2 

  0x0000000111a61064: ; ImmutableOopMap {[0]=Oop }
                      ;*invokeinterface getContext {reexecute=0 rethrow=0 return_oop=1}
                      ; - kotlinx.coroutines.DispatchedTask::run@365 (line 105)
                      ;   {virtual_call}
  0x0000000111a61064: 676d e097 | fd03 00aa | 410a 8012 

  0x0000000111a61070: ; ImmutableOopMap {rfp=Oop [0]=Oop }
                      ;*invokevirtual getCause {reexecute=0 rethrow=0 return_oop=0}
                      ; - kotlinx.coroutines.DispatchedTask::run@371 (line 105)
                      ;   {runtime_call UncommonTrapBlob}
  0x0000000111a61070: 0487 e097 | e203 40f9 | e10f 40f9 

  0x0000000111a6107c: ; ImmutableOopMap {}
                      ;*invokevirtual handleFatalException$kotlinx_coroutines_core {reexecute=0 rethrow=0 return_oop=0}
                      ; - kotlinx.coroutines.DispatchedTask::run@383 (line 107)
                      ;   {optimized virtual_call}
  0x0000000111a6107c: a16c e097 | 36fe ff17 | e203 00aa | fcff ff17 

  0x0000000111a6108c: ;   {internal_word}
  0x0000000111a6108c: a8c6 ff10 | 88b3 01f9 

  0x0000000111a61094: ;   {runtime_call SafepointBlob}
  0x0000000111a61094: 5b85 e017 | 0000 0000 | 0000 0000 | 0000 0000 | 0000 0000 | 0000 0000 | 0000 0000 | 0000 0000 
  0x0000000111a610b4: 0000 0000 | 0000 0000 | 0000 0000 
[Stub Code]
  0x0000000111a610c0: ;   {no_reloc}
  0x0000000111a610c0: 4800 0058 | 0001 1fd6 | 802c 2811 | 0100 0000 

  0x0000000111a610d0: ;   {trampoline_stub}
  0x0000000111a610d0: 4800 0058 | 0001 1fd6 | 0082 3411 | 0100 0000 

  0x0000000111a610e0: ;   {trampoline_stub}
  0x0000000111a610e0: 4800 0058 | 0001 1fd6 | 0082 3411 | 0100 0000 

  0x0000000111a610f0: ;   {trampoline_stub}
  0x0000000111a610f0: 4800 0058 | 0001 1fd6 | 802c 2811 | 0100 0000 

  0x0000000111a61100: ;   {trampoline_stub}
  0x0000000111a61100: 4800 0058 | 0001 1fd6 | 0082 3411 | 0100 0000 

  0x0000000111a61110: ;   {trampoline_stub}
  0x0000000111a61110: 4800 0058 | 0001 1fd6 | 0082 3411 | 0100 0000 

  0x0000000111a61120: ;   {trampoline_stub}
  0x0000000111a61120: 4800 0058 | 0001 1fd6 | e887 3411 | 0100 0000 

  0x0000000111a61130: ;   {trampoline_stub}
  0x0000000111a61130: 4800 0058 | 0001 1fd6 | b088 3411 | 0100 0000 

  0x0000000111a61140: ;   {trampoline_stub}
  0x0000000111a61140: 4800 0058 | 0001 1fd6 | 802c 2811 | 0100 0000 

  0x0000000111a61150: ;   {trampoline_stub}
  0x0000000111a61150: 4800 0058 | 0001 1fd6 | 0082 3411 | 0100 0000 

  0x0000000111a61160: ;   {trampoline_stub}
  0x0000000111a61160: 4800 0058 | 0001 1fd6 | 802c 2811 | 0100 0000 

  0x0000000111a61170: ;   {trampoline_stub}
  0x0000000111a61170: 4800 0058 | 0001 1fd6 | 8023 a611 | 0100 0000 

  0x0000000111a61180: ;   {trampoline_stub}
  0x0000000111a61180: 4800 0058 | 0001 1fd6 | 9011 a611 | 0100 0000 

  0x0000000111a61190: ;   {static_stub}
  0x0000000111a61190: df3f 03d5 

  0x0000000111a61194: ;   {metadata({method} {0x0000000128855070} 'getCancellationException' '()Ljava/util/concurrent/CancellationException;' in 'kotlinx/coroutines/JobSupport')}
  0x0000000111a61194: 0c0e 8ad2 | ac10 a5f2 | 2c00 c0f2 | 08d7 96d2 | e824 a2f2 | 2800 c0f2 | 0001 1fd6 

  0x0000000111a611b0: ;   {trampoline_stub}
  0x0000000111a611b0: 4800 0058 | 0001 1fd6 | c011 a611 | 0100 0000 

  0x0000000111a611c0: ;   {static_stub}
  0x0000000111a611c0: df3f 03d5 

  0x0000000111a611c4: ;   {metadata({method} {0x0000000128a4bf48} 'cancelCompletedResult$kotlinx_coroutines_core' '(Ljava/lang/Object;Ljava/lang/Throwable;)V' in 'kotlinx/coroutines/CancellableContinuationImpl')}
  0x0000000111a611c4: 0ce9 97d2 | 8c14 a5f2 | 2c00 c0f2 | 8867 91d2 | e824 a2f2 | 2800 c0f2 | 0001 1fd6 

  0x0000000111a611e0: ;   {trampoline_stub}
  0x0000000111a611e0: 4800 0058 | 0001 1fd6 | b088 3411 | 0100 0000 

  0x0000000111a611f0: ;   {trampoline_stub}
  0x0000000111a611f0: 4800 0058 | 0001 1fd6 | 00c6 2711 | 0100 0000 

  0x0000000111a61200: ;   {trampoline_stub}
  0x0000000111a61200: 4800 0058 | 0001 1fd6 | 00c3 2711 | 0100 0000 

  0x0000000111a61210: ;   {static_stub}
  0x0000000111a61210: df3f 03d5 

  0x0000000111a61214: ;   {metadata(NULL)}
  0x0000000111a61214: 0c00 80d2 | 0c00 a0f2 | 0c00 c0f2 | 0800 80d2 | 0800 a0f2 | 0800 c0f2 | 0001 1fd6 

  0x0000000111a61230: ;   {trampoline_stub}
  0x0000000111a61230: 4800 0058 | 0001 1fd6 | 802c 2811 | 0100 0000 

  0x0000000111a61240: ;   {trampoline_stub}
  0x0000000111a61240: 4800 0058 | 0001 1fd6 | 802c 2811 | 0100 0000 

  0x0000000111a61250: ;   {trampoline_stub}
  0x0000000111a61250: 4800 0058 | 0001 1fd6 | 40f3 3311 | 0100 0000 

  0x0000000111a61260: ;   {trampoline_stub}
  0x0000000111a61260: 4800 0058 | 0001 1fd6 | 802c 2811 | 0100 0000 

  0x0000000111a61270: ;   {trampoline_stub}
  0x0000000111a61270: 4800 0058 | 0001 1fd6 | 802c 2811 | 0100 0000 

  0x0000000111a61280: ;   {trampoline_stub}
  0x0000000111a61280: 4800 0058 | 0001 1fd6 | 802c 2811 | 0100 0000 

  0x0000000111a61290: ;   {trampoline_stub}
  0x0000000111a61290: 4800 0058 | 0001 1fd6 | 802c 2811 | 0100 0000 

  0x0000000111a612a0: ;   {trampoline_stub}
  0x0000000111a612a0: 4800 0058 | 0001 1fd6 | 802c 2811 | 0100 0000 

  0x0000000111a612b0: ;   {trampoline_stub}
  0x0000000111a612b0: 4800 0058 | 0001 1fd6 | 802c 2811 | 0100 0000 

  0x0000000111a612c0: ;   {trampoline_stub}
  0x0000000111a612c0: 4800 0058 | 0001 1fd6 | 40f3 3311 | 0100 0000 

  0x0000000111a612d0: ;   {trampoline_stub}
  0x0000000111a612d0: 4800 0058 | 0001 1fd6 | 802c 2811 | 0100 0000 

  0x0000000111a612e0: ;   {trampoline_stub}
  0x0000000111a612e0: 4800 0058 | 0001 1fd6 | 802c 2811 | 0100 0000 

  0x0000000111a612f0: ;   {trampoline_stub}
  0x0000000111a612f0: 4800 0058 | 0001 1fd6 | 802c 2811 | 0100 0000 

  0x0000000111a61300: ;   {trampoline_stub}
  0x0000000111a61300: 4800 0058 | 0001 1fd6 | 802c 2811 | 0100 0000 

  0x0000000111a61310: ;   {trampoline_stub}
  0x0000000111a61310: 4800 0058 | 0001 1fd6 | 802c 2811 | 0100 0000 

  0x0000000111a61320: ;   {trampoline_stub}
  0x0000000111a61320: 4800 0058 | 0001 1fd6 | 802c 2811 | 0100 0000 

  0x0000000111a61330: ;   {trampoline_stub}
  0x0000000111a61330: 4800 0058 | 0001 1fd6 | 802c 2811 | 0100 0000 

  0x0000000111a61340: ;   {trampoline_stub}
  0x0000000111a61340: 4800 0058 | 0001 1fd6 | 802c 2811 | 0100 0000 

  0x0000000111a61350: ;   {trampoline_stub}
  0x0000000111a61350: 4800 0058 | 0001 1fd6 | 802c 2811 | 0100 0000 

  0x0000000111a61360: ;   {trampoline_stub}
  0x0000000111a61360: 4800 0058 | 0001 1fd6 | 802c 2811 | 0100 0000 

  0x0000000111a61370: ;   {trampoline_stub}
  0x0000000111a61370: 4800 0058 | 0001 1fd6 | 802c 2811 | 0100 0000 

  0x0000000111a61380: ;   {trampoline_stub}
  0x0000000111a61380: 4800 0058 | 0001 1fd6 | 802c 2811 | 0100 0000 

  0x0000000111a61390: ;   {trampoline_stub}
  0x0000000111a61390: 4800 0058 | 0001 1fd6 | 00c9 2711 | 0100 0000 

  0x0000000111a613a0: ;   {static_stub}
  0x0000000111a613a0: df3f 03d5 

  0x0000000111a613a4: ;   {metadata(NULL)}
  0x0000000111a613a4: 0c00 80d2 | 0c00 a0f2 | 0c00 c0f2 | 0800 80d2 | 0800 a0f2 | 0800 c0f2 | 0001 1fd6 

  0x0000000111a613c0: ;   {trampoline_stub}
  0x0000000111a613c0: 4800 0058 | 0001 1fd6 | 00c6 2711 | 0100 0000 

  0x0000000111a613d0: ;   {trampoline_stub}
  0x0000000111a613d0: 4800 0058 | 0001 1fd6 | 00c6 2711 | 0100 0000 

  0x0000000111a613e0: ;   {trampoline_stub}
  0x0000000111a613e0: 4800 0058 | 0001 1fd6 | 802c 2811 | 0100 0000 

  0x0000000111a613f0: ;   {trampoline_stub}
  0x0000000111a613f0: 4800 0058 | 0001 1fd6 | 00c3 2711 | 0100 0000 

  0x0000000111a61400: ;   {static_stub}
  0x0000000111a61400: df3f 03d5 

  0x0000000111a61404: ;   {metadata(NULL)}
  0x0000000111a61404: 0c00 80d2 | 0c00 a0f2 | 0c00 c0f2 | 0800 80d2 | 0800 a0f2 | 0800 c0f2 | 0001 1fd6 
[Exception Handler]
  0x0000000111a61420: ;   {runtime_call ExceptionBlob}
  0x0000000111a61420: 184b e317 
[Deopt Handler Code]
  0x0000000111a61424: 1e00 0010 

  0x0000000111a61428: ;   {runtime_call DeoptimizationBlob}
  0x0000000111a61428: 4685 e017 | 0000 0000 
[/MachCode]


---------------  P R O C E S S  ---------------

Threads class SMR info:
_java_thread_list=0x0000600000b500a0, length=49, elements={
0x000000012c82b200, 0x000000012e808200, 0x000000012c8dc800, 0x000000012d017800,
0x000000012d01a800, 0x000000012d01ae00, 0x000000012d01b400, 0x000000012d01ba00,
0x000000012d024000, 0x000000012e009800, 0x000000012e00a800, 0x000000012e1e3000,
0x000000012d1d3800, 0x000000012d1cce00, 0x000000012f008a00, 0x000000012d1cd400,
0x000000012d1cda00, 0x000000012d1d9c00, 0x000000012d1da200, 0x000000012d1da800,
0x000000012ed53000, 0x000000012e21a200, 0x000000012d251800, 0x000000012d2bc600,
0x000000012d25d800, 0x000000012d329000, 0x000000012d1ea600, 0x000000012cc59800,
0x000000012e21d800, 0x000000012ee06c00, 0x000000012f01e600, 0x000000012ccc4000,
0x000000012ed76800, 0x000000012cd0da00, 0x000000012cc4c400, 0x000000012ca3e600,
0x000000012d1d4400, 0x000000012ee9ae00, 0x000000012cd1b000, 0x000000012ca32600,
0x000000012cec7c00, 0x000000012ee72c00, 0x00000003104e0c00, 0x000000012cf30600,
0x00000003104bc200, 0x000000012f05f800, 0x00000001684c4600, 0x000000016843ee00,
0x00000001682c8e00
}

Java Threads: ( => current thread )
  0x000000012c82b200 JavaThread "main" [_thread_blocked, id=5635, stack(0x000000016fb20000,0x000000016fd23000)]
  0x000000012e808200 JavaThread "Reference Handler" daemon [_thread_blocked, id=19203, stack(0x0000000170974000,0x0000000170b77000)]
  0x000000012c8dc800 JavaThread "Finalizer" daemon [_thread_blocked, id=18947, stack(0x0000000170b80000,0x0000000170d83000)]
  0x000000012d017800 JavaThread "Signal Dispatcher" daemon [_thread_blocked, id=31235, stack(0x0000000170ea4000,0x00000001710a7000)]
  0x000000012d01a800 JavaThread "Service Thread" daemon [_thread_blocked, id=30979, stack(0x00000001710b0000,0x00000001712b3000)]
  0x000000012d01ae00 JavaThread "Monitor Deflation Thread" daemon [_thread_blocked, id=30723, stack(0x00000001712bc000,0x00000001714bf000)]
  0x000000012d01b400 JavaThread "C2 CompilerThread0" daemon [_thread_blocked, id=24067, stack(0x00000001714c8000,0x00000001716cb000)]
  0x000000012d01ba00 JavaThread "C1 CompilerThread0" daemon [_thread_blocked, id=30211, stack(0x00000001716d4000,0x00000001718d7000)]
  0x000000012d024000 JavaThread "Sweeper thread" daemon [_thread_blocked, id=29955, stack(0x00000001718e0000,0x0000000171ae3000)]
  0x000000012e009800 JavaThread "Notification Thread" daemon [_thread_blocked, id=29443, stack(0x0000000171aec000,0x0000000171cef000)]
  0x000000012e00a800 JavaThread "Common-Cleaner" daemon [_thread_blocked, id=25091, stack(0x0000000171f04000,0x0000000172107000)]
  0x000000012e1e3000 JavaThread "httpclient-main-1" daemon [_thread_blocked, id=75267, stack(0x0000000172f44000,0x0000000173147000)]
  0x000000012d1d3800 JavaThread "httpclient-dispatch-1" daemon [_thread_in_native, id=75779, stack(0x0000000173150000,0x0000000173353000)]
  0x000000012d1cce00 JavaThread "httpclient-dispatch-2" daemon [_thread_in_native, id=87555, stack(0x000000017335c000,0x000000017355f000)]
  0x000000012f008a00 JavaThread "httpclient-dispatch-3" daemon [_thread_in_native, id=130819, stack(0x0000000173568000,0x000000017376b000)]
  0x000000012d1cd400 JavaThread "httpclient-dispatch-4" daemon [_thread_in_native, id=130307, stack(0x0000000173774000,0x0000000173977000)]
  0x000000012d1cda00 JavaThread "httpclient-dispatch-5" daemon [_thread_in_native, id=88323, stack(0x0000000173980000,0x0000000173b83000)]
  0x000000012d1d9c00 JavaThread "httpclient-dispatch-6" daemon [_thread_in_native, id=88579, stack(0x0000000173b8c000,0x0000000173d8f000)]
  0x000000012d1da200 JavaThread "httpclient-dispatch-7" daemon [_thread_in_native, id=88835, stack(0x0000000173d98000,0x0000000173f9b000)]
  0x000000012d1da800 JavaThread "httpclient-dispatch-8" daemon [_thread_in_native, id=89091, stack(0x0000000173fa4000,0x00000001741a7000)]
  0x000000012ed53000 JavaThread "AppKit Thread" daemon [_thread_in_native, id=259, stack(0x000000016f298000,0x000000016fa94000)]
  0x000000012e21a200 JavaThread "AWT-Shutdown" [_thread_blocked, id=98059, stack(0x00000001742c8000,0x00000001744cb000)]
  0x000000012d251800 JavaThread "AWT-EventQueue-0" [_thread_blocked, id=168715, stack(0x0000000174560000,0x0000000174763000)]
  0x000000012d2bc600 JavaThread "Java2D Queue Flusher" daemon [_thread_blocked, id=168463, stack(0x0000000174978000,0x0000000174b7b000)]
  0x000000012d25d800 JavaThread "Java2D Disposer" daemon [_thread_blocked, id=141063, stack(0x0000000174b84000,0x0000000174d87000)]
=>0x000000012d329000 JavaThread "DefaultDispatcher-worker-1" daemon [_thread_in_native, id=115263, stack(0x0000000174d90000,0x0000000174f93000)]
  0x000000012d1ea600 JavaThread "DefaultDispatcher-worker-2" daemon [_thread_blocked, id=115507, stack(0x0000000174f9c000,0x000000017519f000)]
  0x000000012cc59800 JavaThread "DefaultDispatcher-worker-3" daemon [_thread_blocked, id=142851, stack(0x00000001751a8000,0x00000001753ab000)]
  0x000000012e21d800 JavaThread "kotlinx.coroutines.DefaultExecutor" daemon [_thread_blocked, id=143107, stack(0x00000001753b4000,0x00000001755b7000)]
  0x000000012ee06c00 JavaThread "Reference Cleaner" daemon [_thread_blocked, id=143363, stack(0x00000001755c0000,0x00000001757c3000)]
  0x000000012f01e600 JavaThread "TimerQueue" daemon [_thread_blocked, id=143875, stack(0x00000001757cc000,0x00000001759cf000)]
  0x000000012ccc4000 JavaThread "pool-2-thread-1" daemon [_thread_blocked, id=122147, stack(0x000000017645c000,0x000000017665f000)]
  0x000000012ed76800 JavaThread "process reaper" daemon [_thread_blocked, id=80271, stack(0x0000000172228000,0x000000017225f000)]
  0x000000012cd0da00 JavaThread "Gax-1" daemon [_thread_blocked, id=114855, stack(0x0000000176088000,0x000000017628b000)]
  0x000000012cc4c400 JavaThread "grpc-nio-worker-ELG-1-1" daemon [_thread_in_native, id=160275, stack(0x0000000177bb0000,0x0000000177db3000)]
  0x000000012ca3e600 JavaThread "grpc-default-executor-0" daemon [_thread_blocked, id=70667, stack(0x0000000177dbc000,0x0000000177fbf000)]
  0x000000012d1d4400 JavaThread "grpc-nio-worker-ELG-1-2" daemon [_thread_in_native, id=72351, stack(0x0000000310804000,0x0000000310a07000)]
  0x000000012ee9ae00 JavaThread "grpc-default-executor-1" daemon [_thread_blocked, id=73499, stack(0x0000000310a10000,0x0000000310c13000)]
  0x000000012cd1b000 JavaThread "grpc-nio-worker-ELG-1-3" daemon [_thread_in_native, id=77091, stack(0x0000000310c1c000,0x0000000310e1f000)]
  0x000000012ca32600 JavaThread "grpc-default-executor-2" daemon [_thread_blocked, id=76827, stack(0x0000000310e28000,0x000000031102b000)]
  0x000000012cec7c00 JavaThread "grpc-nio-worker-ELG-1-4" daemon [_thread_in_native, id=112471, stack(0x0000000311034000,0x0000000311237000)]
  0x000000012ee72c00 JavaThread "grpc-default-executor-3" daemon [_thread_blocked, id=123179, stack(0x0000000311a70000,0x0000000311c73000)]
  0x00000003104e0c00 JavaThread "Gax-2" daemon [_thread_blocked, id=86739, stack(0x000000031144c000,0x000000031164f000)]
  0x000000012cf30600 JavaThread "grpc-transport-8" daemon [_thread_blocked, id=113127, stack(0x0000000311658000,0x000000031185b000)]
  0x00000003104bc200 JavaThread "grpc-transport-9" daemon [_thread_blocked, id=79947, stack(0x00000003124ac000,0x00000003126af000)]
  0x000000012f05f800 JavaThread "grpc-transport-10" daemon [_thread_blocked, id=71515, stack(0x00000003126b8000,0x00000003128bb000)]
  0x00000001684c4600 JavaThread "grpc-transport-11" daemon [_thread_blocked, id=472147, stack(0x0000000319cf4000,0x0000000319ef7000)]
  0x000000016843ee00 JavaThread "grpc-transport-12" daemon [_thread_blocked, id=394759, stack(0x0000000319f00000,0x000000031a103000)]
  0x00000001682c8e00 JavaThread "grpc-transport-13" daemon [_thread_blocked, id=475399, stack(0x000000031a10c000,0x000000031a30f000)]

Other Threads:
  0x000000012c6116d0 VMThread "VM Thread" [stack: 0x0000000170768000,0x000000017096b000] [id=19715]
  0x000000012d8070a0 WatcherThread [stack: 0x0000000171cf8000,0x0000000171efb000] [id=24835]
  0x000000012c60a2c0 GCTaskThread "GC Thread#0" [stack: 0x000000016fd2c000,0x000000016ff2f000] [id=13059]
  0x000000012c635440 GCTaskThread "GC Thread#1" [stack: 0x0000000172714000,0x0000000172917000] [id=67367]
  0x000000012c6356f0 GCTaskThread "GC Thread#2" [stack: 0x0000000172920000,0x0000000172b23000] [id=76547]
  0x000000012c635d20 GCTaskThread "GC Thread#3" [stack: 0x0000000172b2c000,0x0000000172d2f000] [id=76291]
  0x000000012c636590 GCTaskThread "GC Thread#4" [stack: 0x0000000172d38000,0x0000000172f3b000] [id=74755]
  0x000000012c698170 GCTaskThread "GC Thread#5" [stack: 0x000000017476c000,0x000000017496f000] [id=137251]
  0x000000012c6baf90 GCTaskThread "GC Thread#6" [stack: 0x00000001759d8000,0x0000000175bdb000] [id=167183]
  0x000000012c6bb410 GCTaskThread "GC Thread#7" [stack: 0x0000000175be4000,0x0000000175de7000] [id=171351]
  0x000000012c60a970 ConcurrentGCThread "G1 Main Marker" [stack: 0x000000016ff38000,0x000000017013b000] [id=13315]
  0x000000012c60b200 ConcurrentGCThread "G1 Conc#0" [stack: 0x0000000170144000,0x0000000170347000] [id=13571]
  0x000000012c6bb9f0 ConcurrentGCThread "G1 Conc#1" [stack: 0x0000000175df0000,0x0000000175ff3000] [id=107539]
  0x000000012c60d070 ConcurrentGCThread "G1 Refine#0" [stack: 0x0000000170350000,0x0000000170553000] [id=21507]
  0x000000012c60d910 ConcurrentGCThread "G1 Service" [stack: 0x000000017055c000,0x000000017075f000] [id=16899]

Threads with active compile tasks:

VM state: not at safepoint (normal execution)

VM Mutex/Monitor currently owned by a thread: None

Heap address: 0x0000000780000000, size: 2048 MB, Compressed Oops mode: Zero based, Oop shift amount: 3

CDS archive(s) mapped at: [0x0000000400000000-0x0000000400be8000-0x0000000400be8000), size 12484608, SharedBaseAddress: 0x0000000400000000, ArchiveRelocationMode: 1.
Compressed class space mapped at: 0x0000000401000000-0x0000000441000000, reserved size: 1073741824
Narrow klass base: 0x0000000400000000, Narrow klass shift: 0, Narrow klass range: 0x100000000

GC Precious Log:
 CPUs: 8 total, 8 available
 Memory: 8192M
 Large Page Support: Disabled
 NUMA Support: Disabled
 Compressed Oops: Enabled (Zero based)
 Heap Region Size: 1M
 Heap Min Capacity: 8M
 Heap Initial Capacity: 128M
 Heap Max Capacity: 2G
 Pre-touch: Disabled
 Parallel Workers: 8
 Concurrent Workers: 2
 Concurrent Refinement Workers: 8
 Periodic GC: Disabled

Heap:
 garbage-first heap   total 115712K, used 68133K [0x0000000780000000, 0x0000000800000000)
  region size 1024K, 35 young (35840K), 3 survivors (3072K)
 Metaspace       used 59236K, committed 59584K, reserved 1114112K
  class space    used 6381K, committed 6528K, reserved 1048576K

Heap Regions: E=young(eden), S=young(survivor), O=old, HS=humongous(starts), HC=humongous(continues), CS=collection set, F=free, OA=open archive, CA=closed archive, TAMS=top-at-mark-start (previous, next)
|   0|0x0000000780000000, 0x0000000780100000, 0x0000000780100000|100%|HS|  |TAMS 0x0000000780100000, 0x0000000780100000| Complete 
|   1|0x0000000780100000, 0x0000000780200000, 0x0000000780200000|100%|HC|  |TAMS 0x0000000780200000, 0x0000000780200000| Complete 
|   2|0x0000000780200000, 0x0000000780300000, 0x0000000780300000|100%| O|  |TAMS 0x0000000780300000, 0x0000000780300000| Untracked 
|   3|0x0000000780300000, 0x0000000780400000, 0x0000000780400000|100%| O|  |TAMS 0x0000000780400000, 0x0000000780400000| Untracked 
|   4|0x0000000780400000, 0x0000000780500000, 0x0000000780500000|100%| O|  |TAMS 0x0000000780500000, 0x0000000780500000| Untracked 
|   5|0x0000000780500000, 0x0000000780600000, 0x0000000780600000|100%| O|  |TAMS 0x0000000780600000, 0x0000000780600000| Untracked 
|   6|0x0000000780600000, 0x0000000780700000, 0x0000000780700000|100%| O|  |TAMS 0x0000000780700000, 0x0000000780700000| Untracked 
|   7|0x0000000780700000, 0x0000000780800000, 0x0000000780800000|100%| O|  |TAMS 0x0000000780800000, 0x0000000780800000| Untracked 
|   8|0x0000000780800000, 0x0000000780900000, 0x0000000780900000|100%| O|  |TAMS 0x0000000780900000, 0x0000000780900000| Untracked 
|   9|0x0000000780900000, 0x0000000780a00000, 0x0000000780a00000|100%| O|  |TAMS 0x0000000780a00000, 0x0000000780a00000| Untracked 
|  10|0x0000000780a00000, 0x0000000780b00000, 0x0000000780b00000|100%| O|  |TAMS 0x0000000780b00000, 0x0000000780b00000| Untracked 
|  11|0x0000000780b00000, 0x0000000780c00000, 0x0000000780c00000|100%| O|  |TAMS 0x0000000780c00000, 0x0000000780c00000| Untracked 
|  12|0x0000000780c00000, 0x0000000780c1ae00, 0x0000000780d00000| 10%| O|  |TAMS 0x0000000780c1ae00, 0x0000000780c1ae00| Untracked 
|  13|0x0000000780d00000, 0x0000000780e00000, 0x0000000780e00000|100%| O|  |TAMS 0x0000000780e00000, 0x0000000780e00000| Untracked 
|  14|0x0000000780e00000, 0x0000000780f00000, 0x0000000780f00000|100%| O|  |TAMS 0x0000000780e32200, 0x0000000780f00000| Untracked 
|  15|0x0000000780f00000, 0x0000000781000000, 0x0000000781000000|100%| O|  |TAMS 0x0000000780f00000, 0x0000000781000000| Untracked 
|  16|0x0000000781000000, 0x0000000781100000, 0x0000000781100000|100%| O|  |TAMS 0x0000000781000000, 0x0000000781100000| Untracked 
|  17|0x0000000781100000, 0x0000000781200000, 0x0000000781200000|100%| O|  |TAMS 0x0000000781100000, 0x0000000781200000| Untracked 
|  18|0x0000000781200000, 0x0000000781300000, 0x0000000781300000|100%| O|  |TAMS 0x0000000781200000, 0x0000000781300000| Untracked 
|  19|0x0000000781300000, 0x000000078133a400, 0x0000000781400000| 22%| O|  |TAMS 0x0000000781300000, 0x000000078133a400| Untracked 
|  20|0x0000000781400000, 0x0000000781500000, 0x0000000781500000|100%|HS|  |TAMS 0x0000000781400000, 0x0000000781400000| Complete 
|  21|0x0000000781500000, 0x0000000781600000, 0x0000000781600000|100%|HS|  |TAMS 0x0000000781500000, 0x0000000781500000| Complete 
|  22|0x0000000781600000, 0x0000000781700000, 0x0000000781700000|100%|HS|  |TAMS 0x0000000781600000, 0x0000000781600000| Complete 
|  23|0x0000000781700000, 0x0000000781800000, 0x0000000781800000|100%|HC|  |TAMS 0x0000000781700000, 0x0000000781700000| Complete 
|  24|0x0000000781800000, 0x0000000781900000, 0x0000000781900000|100%|HS|  |TAMS 0x0000000781800000, 0x0000000781800000| Complete 
|  25|0x0000000781900000, 0x0000000781a00000, 0x0000000781a00000|100%|HS|  |TAMS 0x0000000781900000, 0x0000000781900000| Complete 
|  26|0x0000000781a00000, 0x0000000781b00000, 0x0000000781b00000|100%|HS|  |TAMS 0x0000000781a00000, 0x0000000781a00000| Complete 
|  27|0x0000000781b00000, 0x0000000781c00000, 0x0000000781c00000|100%|HC|  |TAMS 0x0000000781b00000, 0x0000000781b00000| Complete 
|  28|0x0000000781c00000, 0x0000000781d00000, 0x0000000781d00000|100%|HS|  |TAMS 0x0000000781c00000, 0x0000000781c00000| Complete 
|  29|0x0000000781d00000, 0x0000000781e00000, 0x0000000781e00000|100%|HS|  |TAMS 0x0000000781d00000, 0x0000000781d00000| Complete 
|  30|0x0000000781e00000, 0x0000000781f00000, 0x0000000781f00000|100%|HS|  |TAMS 0x0000000781e00000, 0x0000000781e00000| Complete 
|  31|0x0000000781f00000, 0x0000000782000000, 0x0000000782000000|100%|HC|  |TAMS 0x0000000781f00000, 0x0000000781f00000| Complete 
|  32|0x0000000782000000, 0x0000000782000000, 0x0000000782100000|  0%| F|  |TAMS 0x0000000782000000, 0x0000000782000000| Untracked 
|  33|0x0000000782100000, 0x0000000782100000, 0x0000000782200000|  0%| F|  |TAMS 0x0000000782100000, 0x0000000782100000| Untracked 
|  34|0x0000000782200000, 0x0000000782200000, 0x0000000782300000|  0%| F|  |TAMS 0x0000000782200000, 0x0000000782200000| Untracked 
|  35|0x0000000782300000, 0x0000000782300000, 0x0000000782400000|  0%| F|  |TAMS 0x0000000782300000, 0x0000000782300000| Untracked 
|  36|0x0000000782400000, 0x0000000782400000, 0x0000000782500000|  0%| F|  |TAMS 0x0000000782400000, 0x0000000782400000| Untracked 
|  37|0x0000000782500000, 0x0000000782500000, 0x0000000782600000|  0%| F|  |TAMS 0x0000000782500000, 0x0000000782500000| Untracked 
|  38|0x0000000782600000, 0x0000000782600000, 0x0000000782700000|  0%| F|  |TAMS 0x0000000782600000, 0x0000000782600000| Untracked 
|  39|0x0000000782700000, 0x0000000782700000, 0x0000000782800000|  0%| F|  |TAMS 0x0000000782700000, 0x0000000782700000| Untracked 
|  40|0x0000000782800000, 0x0000000782800000, 0x0000000782900000|  0%| F|  |TAMS 0x0000000782800000, 0x0000000782800000| Untracked 
|  41|0x0000000782900000, 0x0000000782900000, 0x0000000782a00000|  0%| F|  |TAMS 0x0000000782900000, 0x0000000782900000| Untracked 
|  42|0x0000000782a00000, 0x0000000782a00000, 0x0000000782b00000|  0%| F|  |TAMS 0x0000000782a00000, 0x0000000782a00000| Untracked 
|  43|0x0000000782b00000, 0x0000000782b00000, 0x0000000782c00000|  0%| F|  |TAMS 0x0000000782b00000, 0x0000000782b00000| Untracked 
|  44|0x0000000782c00000, 0x0000000782d00000, 0x0000000782d00000|100%|HS|  |TAMS 0x0000000782c00000, 0x0000000782c00000| Complete 
|  45|0x0000000782d00000, 0x0000000782e00000, 0x0000000782e00000|100%|HS|  |TAMS 0x0000000782d00000, 0x0000000782d00000| Complete 
|  46|0x0000000782e00000, 0x0000000782f00000, 0x0000000782f00000|100%|HC|  |TAMS 0x0000000782e00000, 0x0000000782e00000| Complete 
|  47|0x0000000782f00000, 0x0000000782f00000, 0x0000000783000000|  0%| F|  |TAMS 0x0000000782f00000, 0x0000000782f00000| Untracked 
|  48|0x0000000783000000, 0x0000000783100000, 0x0000000783100000|100%| S|CS|TAMS 0x0000000783000000, 0x0000000783000000| Complete 
|  49|0x0000000783100000, 0x0000000783200000, 0x0000000783200000|100%| S|CS|TAMS 0x0000000783100000, 0x0000000783100000| Complete 
|  50|0x0000000783200000, 0x0000000783200000, 0x0000000783300000|  0%| F|  |TAMS 0x0000000783200000, 0x0000000783200000| Untracked 
|  51|0x0000000783300000, 0x0000000783300000, 0x0000000783400000|  0%| F|  |TAMS 0x0000000783300000, 0x0000000783300000| Untracked 
|  52|0x0000000783400000, 0x0000000783400000, 0x0000000783500000|  0%| F|  |TAMS 0x0000000783400000, 0x0000000783400000| Untracked 
|  53|0x0000000783500000, 0x0000000783500000, 0x0000000783600000|  0%| F|  |TAMS 0x0000000783500000, 0x0000000783500000| Untracked 
|  54|0x0000000783600000, 0x0000000783600000, 0x0000000783700000|  0%| F|  |TAMS 0x0000000783600000, 0x0000000783600000| Untracked 
|  55|0x0000000783700000, 0x0000000783700000, 0x0000000783800000|  0%| F|  |TAMS 0x0000000783700000, 0x0000000783700000| Untracked 
|  56|0x0000000783800000, 0x0000000783800000, 0x0000000783900000|  0%| F|  |TAMS 0x0000000783800000, 0x0000000783800000| Untracked 
|  57|0x0000000783900000, 0x0000000783900000, 0x0000000783a00000|  0%| F|  |TAMS 0x0000000783900000, 0x0000000783900000| Untracked 
|  58|0x0000000783a00000, 0x0000000783a00000, 0x0000000783b00000|  0%| F|  |TAMS 0x0000000783a00000, 0x0000000783a00000| Untracked 
|  59|0x0000000783b00000, 0x0000000783b00000, 0x0000000783c00000|  0%| F|  |TAMS 0x0000000783b00000, 0x0000000783b00000| Untracked 
|  60|0x0000000783c00000, 0x0000000783c00000, 0x0000000783d00000|  0%| F|  |TAMS 0x0000000783c00000, 0x0000000783c00000| Untracked 
|  61|0x0000000783d00000, 0x0000000783d00000, 0x0000000783e00000|  0%| F|  |TAMS 0x0000000783d00000, 0x0000000783d00000| Untracked 
|  62|0x0000000783e00000, 0x0000000783e00000, 0x0000000783f00000|  0%| F|  |TAMS 0x0000000783e00000, 0x0000000783e00000| Untracked 
|  63|0x0000000783f00000, 0x0000000783f00000, 0x0000000784000000|  0%| F|  |TAMS 0x0000000783f00000, 0x0000000783f00000| Untracked 
|  64|0x0000000784000000, 0x0000000784000000, 0x0000000784100000|  0%| F|  |TAMS 0x0000000784000000, 0x0000000784000000| Untracked 
|  65|0x0000000784100000, 0x0000000784100000, 0x0000000784200000|  0%| F|  |TAMS 0x0000000784100000, 0x0000000784100000| Untracked 
|  66|0x0000000784200000, 0x0000000784200000, 0x0000000784300000|  0%| F|  |TAMS 0x0000000784200000, 0x0000000784200000| Untracked 
|  67|0x0000000784300000, 0x0000000784300000, 0x0000000784400000|  0%| F|  |TAMS 0x0000000784300000, 0x0000000784300000| Untracked 
|  68|0x0000000784400000, 0x0000000784400000, 0x0000000784500000|  0%| F|  |TAMS 0x0000000784400000, 0x0000000784400000| Untracked 
|  69|0x0000000784500000, 0x0000000784500000, 0x0000000784600000|  0%| F|  |TAMS 0x0000000784500000, 0x0000000784500000| Untracked 
|  70|0x0000000784600000, 0x0000000784600000, 0x0000000784700000|  0%| F|  |TAMS 0x0000000784600000, 0x0000000784600000| Untracked 
|  71|0x0000000784700000, 0x0000000784700000, 0x0000000784800000|  0%| F|  |TAMS 0x0000000784700000, 0x0000000784700000| Untracked 
|  72|0x0000000784800000, 0x0000000784800000, 0x0000000784900000|  0%| F|  |TAMS 0x0000000784800000, 0x0000000784800000| Untracked 
|  73|0x0000000784900000, 0x0000000784900000, 0x0000000784a00000|  0%| F|  |TAMS 0x0000000784900000, 0x0000000784900000| Untracked 
|  74|0x0000000784a00000, 0x0000000784a00000, 0x0000000784b00000|  0%| F|  |TAMS 0x0000000784a00000, 0x0000000784a00000| Untracked 
|  75|0x0000000784b00000, 0x0000000784b00000, 0x0000000784c00000|  0%| F|  |TAMS 0x0000000784b00000, 0x0000000784b00000| Untracked 
|  76|0x0000000784c00000, 0x0000000784c00000, 0x0000000784d00000|  0%| F|  |TAMS 0x0000000784c00000, 0x0000000784c00000| Untracked 
|  77|0x0000000784d00000, 0x0000000784d00000, 0x0000000784e00000|  0%| F|  |TAMS 0x0000000784d00000, 0x0000000784d00000| Untracked 
|  78|0x0000000784e00000, 0x0000000784eea3d8, 0x0000000784f00000| 91%| E|  |TAMS 0x0000000784e00000, 0x0000000784e00000| Complete 
|  79|0x0000000784f00000, 0x0000000785000000, 0x0000000785000000|100%| E|  |TAMS 0x0000000784f00000, 0x0000000784f00000| Complete 
|  80|0x0000000785000000, 0x0000000785100000, 0x0000000785100000|100%| E|CS|TAMS 0x0000000785000000, 0x0000000785000000| Complete 
|  81|0x0000000785100000, 0x0000000785200000, 0x0000000785200000|100%| E|CS|TAMS 0x0000000785100000, 0x0000000785100000| Complete 
|  82|0x0000000785200000, 0x0000000785300000, 0x0000000785300000|100%| E|CS|TAMS 0x0000000785200000, 0x0000000785200000| Complete 
|  83|0x0000000785300000, 0x0000000785400000, 0x0000000785400000|100%| E|CS|TAMS 0x0000000785300000, 0x0000000785300000| Complete 
|  84|0x0000000785400000, 0x0000000785500000, 0x0000000785500000|100%| E|CS|TAMS 0x0000000785400000, 0x0000000785400000| Complete 
|  85|0x0000000785500000, 0x0000000785600000, 0x0000000785600000|100%| E|CS|TAMS 0x0000000785500000, 0x0000000785500000| Complete 
|  86|0x0000000785600000, 0x0000000785700000, 0x0000000785700000|100%| E|CS|TAMS 0x0000000785600000, 0x0000000785600000| Complete 
|  87|0x0000000785700000, 0x0000000785800000, 0x0000000785800000|100%| E|CS|TAMS 0x0000000785700000, 0x0000000785700000| Complete 
|  88|0x0000000785800000, 0x0000000785900000, 0x0000000785900000|100%| E|CS|TAMS 0x0000000785800000, 0x0000000785800000| Complete 
|  89|0x0000000785900000, 0x0000000785a00000, 0x0000000785a00000|100%| E|CS|TAMS 0x0000000785900000, 0x0000000785900000| Complete 
|  90|0x0000000785a00000, 0x0000000785b00000, 0x0000000785b00000|100%| E|CS|TAMS 0x0000000785a00000, 0x0000000785a00000| Complete 
|  91|0x0000000785b00000, 0x0000000785c00000, 0x0000000785c00000|100%| E|CS|TAMS 0x0000000785b00000, 0x0000000785b00000| Complete 
|  92|0x0000000785c00000, 0x0000000785d00000, 0x0000000785d00000|100%| E|CS|TAMS 0x0000000785c00000, 0x0000000785c00000| Complete 
|  93|0x0000000785d00000, 0x0000000785e00000, 0x0000000785e00000|100%| E|CS|TAMS 0x0000000785d00000, 0x0000000785d00000| Complete 
|  94|0x0000000785e00000, 0x0000000785f00000, 0x0000000785f00000|100%| E|CS|TAMS 0x0000000785e00000, 0x0000000785e00000| Complete 
|  95|0x0000000785f00000, 0x0000000786000000, 0x0000000786000000|100%| E|CS|TAMS 0x0000000785f00000, 0x0000000785f00000| Complete 
|  96|0x0000000786000000, 0x0000000786100000, 0x0000000786100000|100%| E|CS|TAMS 0x0000000786000000, 0x0000000786000000| Complete 
|  97|0x0000000786100000, 0x0000000786200000, 0x0000000786200000|100%| E|CS|TAMS 0x0000000786100000, 0x0000000786100000| Complete 
|  98|0x0000000786200000, 0x0000000786300000, 0x0000000786300000|100%| E|CS|TAMS 0x0000000786200000, 0x0000000786200000| Complete 
|  99|0x0000000786300000, 0x0000000786400000, 0x0000000786400000|100%| E|CS|TAMS 0x0000000786300000, 0x0000000786300000| Complete 
| 100|0x0000000786400000, 0x0000000786500000, 0x0000000786500000|100%| E|CS|TAMS 0x0000000786400000, 0x0000000786400000| Complete 
| 101|0x0000000786500000, 0x0000000786600000, 0x0000000786600000|100%| E|CS|TAMS 0x0000000786500000, 0x0000000786500000| Complete 
| 102|0x0000000786600000, 0x0000000786700000, 0x0000000786700000|100%| E|CS|TAMS 0x0000000786600000, 0x0000000786600000| Complete 
| 103|0x0000000786700000, 0x0000000786800000, 0x0000000786800000|100%| E|CS|TAMS 0x0000000786700000, 0x0000000786700000| Complete 
| 104|0x0000000786800000, 0x0000000786900000, 0x0000000786900000|100%| E|CS|TAMS 0x0000000786800000, 0x0000000786800000| Complete 
| 105|0x0000000786900000, 0x0000000786a00000, 0x0000000786a00000|100%| E|CS|TAMS 0x0000000786900000, 0x0000000786900000| Complete 
| 106|0x0000000786a00000, 0x0000000786b00000, 0x0000000786b00000|100%| E|CS|TAMS 0x0000000786a00000, 0x0000000786a00000| Complete 
| 107|0x0000000786b00000, 0x0000000786c00000, 0x0000000786c00000|100%| E|CS|TAMS 0x0000000786b00000, 0x0000000786b00000| Complete 
| 108|0x0000000786c00000, 0x0000000786d00000, 0x0000000786d00000|100%| E|CS|TAMS 0x0000000786c00000, 0x0000000786c00000| Complete 
| 109|0x0000000786d00000, 0x0000000786d3c380, 0x0000000786e00000| 23%| S|CS|TAMS 0x0000000786d00000, 0x0000000786d00000| Complete 
| 127|0x0000000787f00000, 0x0000000788000000, 0x0000000788000000|100%| E|CS|TAMS 0x0000000787f00000, 0x0000000787f00000| Complete 
|2046|0x00000007ffe00000, 0x00000007ffe78000, 0x00000007fff00000| 46%|OA|  |TAMS 0x00000007ffe78000, 0x00000007ffe78000| Untracked 
|2047|0x00000007fff00000, 0x00000007fff80000, 0x0000000800000000| 50%|CA|  |TAMS 0x00000007fff80000, 0x00000007fff80000| Untracked 

Card table byte_map: [0x0000000100b98000,0x0000000100f98000] _byte_map_base: 0x00000000fcf98000

Marking Bits (Prev, Next): (CMBitMap*) 0x000000012c84e810, (CMBitMap*) 0x000000012c84e850
 Prev Bits: [0x0000000118d10000, 0x000000011ad10000)
 Next Bits: [0x000000011ad10000, 0x000000011cd10000)

Polling page: 0x0000000100404000

Metaspace:

Usage:
  Non-class:     51.62 MB used.
      Class:      6.23 MB used.
       Both:     57.85 MB used.

Virtual space:
  Non-class space:       64.00 MB reserved,      51.81 MB ( 81%) committed,  1 nodes.
      Class space:        1.00 GB reserved,       6.38 MB ( <1%) committed,  1 nodes.
             Both:        1.06 GB reserved,      58.19 MB (  5%) committed. 

Chunk freelists:
   Non-Class:  11.61 MB
       Class:  9.53 MB
        Both:  21.14 MB

MaxMetaspaceSize: unlimited
CompressedClassSpaceSize: 1.00 GB
Initial GC threshold: 21.00 MB
Current GC threshold: 59.31 MB
CDS: on
MetaspaceReclaimPolicy: balanced
 - commit_granule_bytes: 65536.
 - commit_granule_words: 8192.
 - virtual_space_node_default_size: 8388608.
 - enlarge_chunks_in_place: 1.
 - new_chunks_are_fully_committed: 0.
 - uncommit_free_chunks: 1.
 - use_allocation_guard: 0.
 - handle_deallocations: 1.


Internal statistics:

num_allocs_failed_limit: 6.
num_arena_births: 242.
num_arena_deaths: 0.
num_vsnodes_births: 2.
num_vsnodes_deaths: 0.
num_space_committed: 931.
num_space_uncommitted: 0.
num_chunks_returned_to_freelist: 6.
num_chunks_taken_from_freelist: 1792.
num_chunk_merges: 6.
num_chunk_splits: 1529.
num_chunks_enlarged: 1386.
num_inconsistent_stats: 0.

CodeHeap 'non-profiled nmethods': size=120032Kb used=2766Kb max_used=2996Kb free=117265Kb
 bounds [0x00000001117d8000, 0x0000000111ac8000, 0x0000000118d10000]
CodeHeap 'profiled nmethods': size=120016Kb used=12049Kb max_used=13658Kb free=107966Kb
 bounds [0x0000000109d10000, 0x000000010aa70000, 0x0000000111244000]
CodeHeap 'non-nmethods': size=5712Kb used=2004Kb max_used=2098Kb free=3707Kb
 bounds [0x0000000111244000, 0x00000001114b4000, 0x00000001117d8000]
 total_blobs=7270 nmethods=5707 adapters=1478
 compilation: enabled
              stopped_count=0, restarted_count=0
 full_count=0

Compilation events (20 events):
Event: 26.982 Thread 0x000000012d01ba00 6772       3       kotlinx.coroutines.JobSupport$Finishing::<init> (28 bytes)
Event: 26.982 Thread 0x000000012d01ba00 nmethod 6772 0x000000010a211490 code [0x000000010a211640, 0x000000010a211898]
Event: 27.216 Thread 0x000000012d01b400 6779       4       androidx.collection.LongSparseArray::valueAt (188 bytes)
Event: 27.217 Thread 0x000000012d01b400 nmethod 6779 0x0000000111964c10 code [0x0000000111964dc0, 0x0000000111964f20]
Event: 27.251 Thread 0x000000012d01b400 6780       4       androidx.compose.ui.node.HitTestResult::hasHit (27 bytes)
Event: 27.253 Thread 0x000000012d01b400 nmethod 6780 0x0000000111964790 code [0x0000000111964940, 0x0000000111964a90]
Event: 27.326 Thread 0x000000012d01ba00 6781       3       org.jetbrains.skia.Rect$Companion::makeXYWH (17 bytes)
Event: 27.326 Thread 0x000000012d01ba00 nmethod 6781 0x000000010a0cda90 code [0x000000010a0cdc40, 0x000000010a0cde58]
Event: 27.326 Thread 0x000000012d01ba00 6782       3       androidx.compose.ui.graphics.drawscope.CanvasDrawScopeKt$asDrawTransform$1::inset (118 bytes)
Event: 27.327 Thread 0x000000012d01ba00 nmethod 6782 0x0000000109d4e790 code [0x0000000109d4ea80, 0x0000000109d4f3e8]
Event: 27.327 Thread 0x000000012d01ba00 6783       3       androidx.compose.ui.graphics.drawscope.CanvasDrawScopeKt$asDrawTransform$1::translate (17 bytes)
Event: 27.327 Thread 0x000000012d01ba00 nmethod 6783 0x000000010a33be10 code [0x000000010a33c000, 0x000000010a33c308]
Event: 27.342 Thread 0x000000012d01ba00 6784       3       androidx.compose.ui.input.pointer.Node::buildCache (1148 bytes)
Event: 27.348 Thread 0x000000012d01ba00 nmethod 6784 0x000000010a875810 code [0x000000010a876940, 0x000000010a87df78]
Event: 27.348 Thread 0x000000012d01ba00 6785       3       androidx.compose.ui.node.PointerInputModifierNodeKt::getLayoutCoordinates (24 bytes)
Event: 27.348 Thread 0x000000012d01ba00 nmethod 6785 0x0000000109fffd10 code [0x0000000109ffff80, 0x000000010a0006c8]
Event: 27.357 Thread 0x000000012d01ba00 6786       3       androidx.collection.MutableLongObjectMap::findAbsoluteInsertIndex (564 bytes)
Event: 27.358 Thread 0x000000012d01ba00 nmethod 6786 0x000000010a766490 code [0x000000010a766700, 0x000000010a767048]
Event: 27.358 Thread 0x000000012d01ba00 6787       3       androidx.collection.MutableLongObjectMap::findFirstAvailableSlot (132 bytes)
Event: 27.358 Thread 0x000000012d01ba00 nmethod 6787 0x000000010a874f10 code [0x000000010a8750c0, 0x000000010a8753c8]

GC Heap History (20 events):
Event: 22.474 GC heap before
{Heap before GC invocations=15 (full 0):
 garbage-first heap   total 73728K, used 49520K [0x0000000780000000, 0x0000000800000000)
  region size 1024K, 22 young (22528K), 3 survivors (3072K)
 Metaspace       used 59005K, committed 59264K, reserved 1114112K
  class space    used 6379K, committed 6528K, reserved 1048576K
}
Event: 22.476 GC heap after
{Heap after GC invocations=16 (full 0):
 garbage-first heap   total 73728K, used 22896K [0x0000000780000000, 0x0000000800000000)
  region size 1024K, 3 young (3072K), 3 survivors (3072K)
 Metaspace       used 59005K, committed 59264K, reserved 1114112K
  class space    used 6379K, committed 6528K, reserved 1048576K
}
Event: 22.734 GC heap before
{Heap before GC invocations=16 (full 0):
 garbage-first heap   total 73728K, used 59760K [0x0000000780000000, 0x0000000800000000)
  region size 1024K, 31 young (31744K), 3 survivors (3072K)
 Metaspace       used 59036K, committed 59328K, reserved 1114112K
  class space    used 6379K, committed 6528K, reserved 1048576K
}
Event: 22.767 GC heap after
{Heap after GC invocations=17 (full 0):
 garbage-first heap   total 73728K, used 21811K [0x0000000780000000, 0x0000000800000000)
  region size 1024K, 2 young (2048K), 2 survivors (2048K)
 Metaspace       used 59036K, committed 59328K, reserved 1114112K
  class space    used 6379K, committed 6528K, reserved 1048576K
}
Event: 23.041 GC heap before
{Heap before GC invocations=17 (full 0):
 garbage-first heap   total 73728K, used 50483K [0x0000000780000000, 0x0000000800000000)
  region size 1024K, 21 young (21504K), 2 survivors (2048K)
 Metaspace       used 59051K, committed 59328K, reserved 1114112K
  class space    used 6379K, committed 6528K, reserved 1048576K
}
Event: 23.062 GC heap after
{Heap after GC invocations=18 (full 0):
 garbage-first heap   total 73728K, used 22836K [0x0000000780000000, 0x0000000800000000)
  region size 1024K, 2 young (2048K), 2 survivors (2048K)
 Metaspace       used 59051K, committed 59328K, reserved 1114112K
  class space    used 6379K, committed 6528K, reserved 1048576K
}
Event: 23.338 GC heap before
{Heap before GC invocations=18 (full 0):
 garbage-first heap   total 73728K, used 59700K [0x0000000780000000, 0x0000000800000000)
  region size 1024K, 30 young (30720K), 2 survivors (2048K)
 Metaspace       used 59059K, committed 59328K, reserved 1114112K
  class space    used 6379K, committed 6528K, reserved 1048576K
}
Event: 23.340 GC heap after
{Heap after GC invocations=19 (full 0):
 garbage-first heap   total 114688K, used 21872K [0x0000000780000000, 0x0000000800000000)
  region size 1024K, 3 young (3072K), 3 survivors (3072K)
 Metaspace       used 59059K, committed 59328K, reserved 1114112K
  class space    used 6379K, committed 6528K, reserved 1048576K
}
Event: 23.859 GC heap before
{Heap before GC invocations=19 (full 0):
 garbage-first heap   total 114688K, used 105840K [0x0000000780000000, 0x0000000800000000)
  region size 1024K, 58 young (59392K), 3 survivors (3072K)
 Metaspace       used 59068K, committed 59328K, reserved 1114112K
  class space    used 6379K, committed 6528K, reserved 1048576K
}
Event: 23.861 GC heap after
{Heap after GC invocations=20 (full 0):
 garbage-first heap   total 114688K, used 24884K [0x0000000780000000, 0x0000000800000000)
  region size 1024K, 2 young (2048K), 2 survivors (2048K)
 Metaspace       used 59068K, committed 59328K, reserved 1114112K
  class space    used 6379K, committed 6528K, reserved 1048576K
}
Event: 24.382 GC heap before
{Heap before GC invocations=20 (full 0):
 garbage-first heap   total 114688K, used 107828K [0x0000000780000000, 0x0000000800000000)
  region size 1024K, 60 young (61440K), 2 survivors (2048K)
 Metaspace       used 59079K, committed 59328K, reserved 1114112K
  class space    used 6379K, committed 6528K, reserved 1048576K
}
Event: 24.384 GC heap after
{Heap after GC invocations=21 (full 0):
 garbage-first heap   total 114688K, used 25005K [0x0000000780000000, 0x0000000800000000)
  region size 1024K, 3 young (3072K), 3 survivors (3072K)
 Metaspace       used 59079K, committed 59328K, reserved 1114112K
  class space    used 6379K, committed 6528K, reserved 1048576K
}
Event: 24.915 GC heap before
{Heap before GC invocations=21 (full 0):
 garbage-first heap   total 114688K, used 106925K [0x0000000780000000, 0x0000000800000000)
  region size 1024K, 60 young (61440K), 3 survivors (3072K)
 Metaspace       used 59096K, committed 59392K, reserved 1114112K
  class space    used 6379K, committed 6528K, reserved 1048576K
}
Event: 24.917 GC heap after
{Heap after GC invocations=22 (full 0):
 garbage-first heap   total 114688K, used 23195K [0x0000000780000000, 0x0000000800000000)
  region size 1024K, 3 young (3072K), 3 survivors (3072K)
 Metaspace       used 59096K, committed 59392K, reserved 1114112K
  class space    used 6379K, committed 6528K, reserved 1048576K
}
Event: 25.518 GC heap before
{Heap before GC invocations=22 (full 0):
 garbage-first heap   total 114688K, used 107163K [0x0000000780000000, 0x0000000800000000)
  region size 1024K, 58 young (59392K), 3 survivors (3072K)
 Metaspace       used 59100K, committed 59392K, reserved 1114112K
  class space    used 6379K, committed 6528K, reserved 1048576K
}
Event: 25.520 GC heap after
{Heap after GC invocations=23 (full 0):
 garbage-first heap   total 114688K, used 24945K [0x0000000780000000, 0x0000000800000000)
  region size 1024K, 3 young (3072K), 3 survivors (3072K)
 Metaspace       used 59100K, committed 59392K, reserved 1114112K
  class space    used 6379K, committed 6528K, reserved 1048576K
}
Event: 26.040 GC heap before
{Heap before GC invocations=23 (full 0):
 garbage-first heap   total 114688K, used 106865K [0x0000000780000000, 0x0000000800000000)
  region size 1024K, 60 young (61440K), 3 survivors (3072K)
 Metaspace       used 59105K, committed 59392K, reserved 1114112K
  class space    used 6379K, committed 6528K, reserved 1048576K
}
Event: 26.042 GC heap after
{Heap after GC invocations=24 (full 0):
 garbage-first heap   total 114688K, used 24884K [0x0000000780000000, 0x0000000800000000)
  region size 1024K, 2 young (2048K), 2 survivors (2048K)
 Metaspace       used 59105K, committed 59392K, reserved 1114112K
  class space    used 6379K, committed 6528K, reserved 1048576K
}
Event: 26.556 GC heap before
{Heap before GC invocations=24 (full 0):
 garbage-first heap   total 114688K, used 107828K [0x0000000780000000, 0x0000000800000000)
  region size 1024K, 61 young (62464K), 2 survivors (2048K)
 Metaspace       used 59171K, committed 59456K, reserved 1114112K
  class space    used 6380K, committed 6528K, reserved 1048576K
}
Event: 26.557 GC heap after
{Heap after GC invocations=25 (full 0):
 garbage-first heap   total 115712K, used 25125K [0x0000000780000000, 0x0000000800000000)
  region size 1024K, 3 young (3072K), 3 survivors (3072K)
 Metaspace       used 59171K, committed 59456K, reserved 1114112K
  class space    used 6380K, committed 6528K, reserved 1048576K
}

Deoptimization events (20 events):
Event: 24.226 Thread 0x000000012d329000 DEOPT PACKING pc=0x000000010a1ab1ac sp=0x0000000174f92180
Event: 24.226 Thread 0x000000012d329000 DEOPT UNPACKING pc=0x0000000111282b7c sp=0x0000000174f91e80 mode 0
Event: 25.100 Thread 0x000000012d329000 DEOPT PACKING pc=0x0000000109d6a580 sp=0x0000000174f92070
Event: 25.100 Thread 0x000000012d329000 DEOPT UNPACKING pc=0x0000000111282b7c sp=0x0000000174f91d30 mode 0
Event: 26.546 Thread 0x000000012d251800 Uncommon trap: trap_request=0xffffffc6 fr.pc=0x0000000111988098 relative=0x00000000000005d8
Event: 26.546 Thread 0x000000012d251800 Uncommon trap: reason=bimorphic_or_optimized_type_check action=maybe_recompile pc=0x0000000111988098 method=kotlin.coroutines.CombinedContext.minusKey(Lkotlin/coroutines/CoroutineContext$Key;)Lkotlin/coroutines/CoroutineContext; @ 35 c2
Event: 26.546 Thread 0x000000012d251800 DEOPT PACKING pc=0x0000000111988098 sp=0x000000017475f130
Event: 26.547 Thread 0x000000012d251800 DEOPT UNPACKING pc=0x0000000111282d1c sp=0x000000017475f0a0 mode 2
Event: 26.555 Thread 0x000000012cec7c00 Uncommon trap: trap_request=0xffffff45 fr.pc=0x0000000111a5b998 relative=0x00000000000001d8
Event: 26.555 Thread 0x000000012cec7c00 Uncommon trap: reason=unstable_if action=reinterpret pc=0x0000000111a5b998 method=java.util.ArrayDeque.addLast(Ljava/lang/Object;)V @ 42 c2
Event: 26.555 Thread 0x000000012cec7c00 DEOPT PACKING pc=0x0000000111a5b998 sp=0x0000000311235580
Event: 26.555 Thread 0x000000012cec7c00 DEOPT UNPACKING pc=0x0000000111282d1c sp=0x00000003112354a0 mode 2
Event: 26.559 Thread 0x000000012d251800 Uncommon trap: trap_request=0xffffff45 fr.pc=0x000000011197817c relative=0x00000000000000fc
Event: 26.559 Thread 0x000000012d251800 Uncommon trap: reason=unstable_if action=reinterpret pc=0x000000011197817c method=androidx.compose.ui.node.LayoutNode.updateChildrenIfDirty$ui()V @ 4 c2
Event: 26.559 Thread 0x000000012d251800 DEOPT PACKING pc=0x000000011197817c sp=0x0000000174760ee0
Event: 26.559 Thread 0x000000012d251800 DEOPT UNPACKING pc=0x0000000111282d1c sp=0x0000000174760da0 mode 2
Event: 26.745 Thread 0x000000012d329000 DEOPT PACKING pc=0x000000010a08d000 sp=0x0000000174f92360
Event: 26.745 Thread 0x000000012d329000 DEOPT UNPACKING pc=0x0000000111282b7c sp=0x0000000174f92020 mode 0
Event: 26.824 Thread 0x000000012d329000 DEOPT PACKING pc=0x000000010a4b66a0 sp=0x0000000174f922c0
Event: 26.824 Thread 0x000000012d329000 DEOPT UNPACKING pc=0x0000000111282b7c sp=0x0000000174f91f60 mode 0

Classes unloaded (0 events):
No events

Classes redefined (0 events):
No events

Internal exceptions (20 events):
Event: 5.004 Thread 0x000000012d251800 Exception <a 'java/lang/NoSuchMethodError'{0x000000078352a560}: 'java.lang.Object java.lang.invoke.DirectMethodHandle$Holder.newInvokeSpecial(java.lang.Object, long)'> (0x000000078352a560) 
thrown [open/src/hotspot/share/interpreter/linkResolver.cpp, line 759]
Event: 15.681 Thread 0x000000012d251800 Exception <a 'java/lang/NoClassDefFoundError'{0x0000000786231878}> (0x0000000786231878) 
thrown [open/src/hotspot/share/oops/instanceKlass.cpp, line 1216]
Event: 15.681 Thread 0x000000012d251800 Exception <a 'java/lang/NoClassDefFoundError'{0x0000000786243b48}: org/apache/logging/log4j/spi/ExtendedLoggerWrapper> (0x0000000786243b48) 
thrown [open/src/hotspot/share/classfile/systemDictionary.cpp, line 245]
Event: 15.681 Thread 0x000000012d251800 Exception <a 'java/lang/NoClassDefFoundError'{0x0000000786252a38}: org/apache/log4j/Priority> (0x0000000786252a38) 
thrown [open/src/hotspot/share/classfile/systemDictionary.cpp, line 245]
Event: 15.700 Thread 0x000000012d251800 Exception <a 'java/lang/UnsatisfiedLinkError'{0x00000007861ec6f8}: 'int io.grpc.netty.shaded.io.netty.channel.epoll.Native.offsetofEpollData()'> (0x00000007861ec6f8) 
thrown [open/src/hotspot/share/prims/nativeLookup.cpp, line 543]
Event: 15.702 Thread 0x000000012d251800 Exception <a 'java/lang/ExceptionInInitializerError'{0x00000007861efbc8}> (0x00000007861efbc8) 
thrown [open/src/hotspot/share/oops/instanceKlass.cpp, line 1221]
Event: 15.725 Thread 0x000000012d251800 Exception <a 'java/lang/reflect/InvocationTargetException'{0x00000007832f2898}> (0x00000007832f2898) 
thrown [open/src/hotspot/share/runtime/reflection.cpp, line 1121]
Event: 15.821 Thread 0x000000012d251800 Exception <a 'java/lang/NoSuchMethodError'{0x00000007831132a0}: 'java.lang.Object java.lang.invoke.DirectMethodHandle$Holder.invokeStaticInit(java.lang.Object, java.lang.Object, long, java.lang.Object)'> (0x00000007831132a0) 
thrown [open/src/hotspot/share/interpreter/linkResolver.cpp, line 759]
Event: 15.822 Thread 0x000000012d251800 Exception <a 'java/lang/NoSuchMethodError'{0x0000000783119ae0}: 'java.lang.Object java.lang.invoke.DirectMethodHandle$Holder.newInvokeSpecial(java.lang.Object, java.lang.Object, long)'> (0x0000000783119ae0) 
thrown [open/src/hotspot/share/interpreter/linkResolver.cpp, line 759]
Event: 15.822 Thread 0x000000012d251800 Exception <a 'java/lang/NoSuchMethodError'{0x000000078311dba0}: 'java.lang.Object java.lang.invoke.Invokers$Holder.linkToTargetMethod(java.lang.Object, long, java.lang.Object)'> (0x000000078311dba0) 
thrown [open/src/hotspot/share/interpreter/linkResolver.cpp, line 759]
Event: 15.822 Thread 0x000000012d251800 Exception <a 'java/lang/NoSuchMethodError'{0x0000000783127c70}: 'java.lang.Object java.lang.invoke.DirectMethodHandle$Holder.newInvokeSpecial(java.lang.Object, java.lang.Object, java.lang.Object, int)'> (0x0000000783127c70) 
thrown [open/src/hotspot/share/interpreter/linkResolver.cpp, line 759]
Event: 15.822 Thread 0x000000012d251800 Exception <a 'java/lang/NoSuchMethodError'{0x000000078312c5a0}: 'java.lang.Object java.lang.invoke.DirectMethodHandle$Holder.invokeSpecial(java.lang.Object, java.lang.Object, java.lang.Object, java.lang.Object, int)'> (0x000000078312c5a0) 
thrown [open/src/hotspot/share/interpreter/linkResolver.cpp, line 759]
Event: 15.822 Thread 0x000000012d251800 Exception <a 'java/lang/NoSuchMethodError'{0x00000007831306b8}: 'java.lang.Object java.lang.invoke.Invokers$Holder.linkToTargetMethod(java.lang.Object, java.lang.Object, int, java.lang.Object)'> (0x00000007831306b8) 
thrown [open/src/hotspot/share/interpreter/linkResolver.cpp, line 759]
Event: 16.424 Thread 0x000000012d251800 Exception <a 'java/lang/ClassNotFoundException'{0x0000000782ae5410}: com/sun/security/cert/internal/x509/X509V1CertImpl> (0x0000000782ae5410) 
thrown [open/src/hotspot/share/classfile/systemDictionary.cpp, line 256]
Event: 16.537 Thread 0x000000012ca3e600 Exception <a 'sun/nio/fs/UnixException'{0x0000000783165858}> (0x0000000783165858) 
thrown [open/src/hotspot/share/prims/jni.cpp, line 516]
Event: 17.006 Thread 0x000000012ca3e600 Implicit null exception at 0x00000001119ff610 to 0x00000001119ff6a0
Event: 17.073 Thread 0x000000012ca3e600 Exception <a 'java/lang/NullPointerException'{0x0000000783332310}> (0x0000000783332310) 
thrown [open/src/hotspot/share/interpreter/linkResolver.cpp, line 1433]
Event: 17.082 Thread 0x000000012ca3e600 Exception <a 'java/lang/NoSuchMethodError'{0x00000007832afdd8}: 'java.lang.Object java.lang.invoke.DirectMethodHandle$Holder.newInvokeSpecial(java.lang.Object, java.lang.Object, int, int)'> (0x00000007832afdd8) 
thrown [open/src/hotspot/share/interpreter/linkResolver.cpp, line 759]
Event: 17.223 Thread 0x000000012d251800 Exception <a 'java/lang/NoSuchMethodError'{0x0000000782654218}: 'void java.lang.invoke.DirectMethodHandle$Holder.invokeStatic(java.lang.Object, java.lang.Object, java.lang.Object, java.lang.Object)'> (0x0000000782654218) 
thrown [open/src/hotspot/share/interpreter/linkResolver.cpp, line 759]
Event: 26.979 Thread 0x000000012d50aa00 Exception <a 'java/lang/InterruptedException'{0x0000000784e63708}: sleep interrupted> (0x0000000784e63708) 
thrown [open/src/hotspot/share/prims/jvm.cpp, line 3064]

VM Operations (20 events):
Event: 23.014 Executing VM operation: HandshakeAllThreads
Event: 23.014 Executing VM operation: HandshakeAllThreads done
Event: 23.040 Executing VM operation: G1TryInitiateConcMark
Event: 23.062 Executing VM operation: G1TryInitiateConcMark done
Event: 23.338 Executing VM operation: G1TryInitiateConcMark
Event: 23.340 Executing VM operation: G1TryInitiateConcMark done
Event: 23.859 Executing VM operation: G1CollectForAllocation
Event: 23.861 Executing VM operation: G1CollectForAllocation done
Event: 24.382 Executing VM operation: G1CollectForAllocation
Event: 24.384 Executing VM operation: G1CollectForAllocation done
Event: 24.915 Executing VM operation: G1CollectForAllocation
Event: 24.917 Executing VM operation: G1CollectForAllocation done
Event: 25.518 Executing VM operation: G1CollectForAllocation
Event: 25.520 Executing VM operation: G1CollectForAllocation done
Event: 26.040 Executing VM operation: G1CollectForAllocation
Event: 26.042 Executing VM operation: G1CollectForAllocation done
Event: 26.556 Executing VM operation: G1CollectForAllocation
Event: 26.557 Executing VM operation: G1CollectForAllocation done
Event: 27.562 Executing VM operation: Cleanup
Event: 27.562 Executing VM operation: Cleanup done

Events (20 events):
Event: 25.568 Protecting memory [0x00000003124ac000,0x00000003124b8000] with protection modes 3
Event: 25.568 Thread 0x0000000310049c00 Thread exited: 0x0000000310049c00
Event: 25.568 Protecting memory [0x0000000311658000,0x0000000311664000] with protection modes 3
Event: 25.568 Thread 0x000000012d216a00 Thread exited: 0x000000012d216a00
Event: 26.471 Thread 0x00000003104e0c00 Thread added: 0x00000003104e0c00
Event: 26.471 Protecting memory [0x000000031144c000,0x0000000311458000] with protection modes 0
Event: 26.552 Thread 0x000000012cf30600 Thread added: 0x000000012cf30600
Event: 26.552 Protecting memory [0x0000000311658000,0x0000000311664000] with protection modes 0
Event: 26.552 Thread 0x00000003104bc200 Thread added: 0x00000003104bc200
Event: 26.552 Protecting memory [0x00000003124ac000,0x00000003124b8000] with protection modes 0
Event: 26.553 Thread 0x000000012f05f800 Thread added: 0x000000012f05f800
Event: 26.554 Protecting memory [0x00000003126b8000,0x00000003126c4000] with protection modes 0
Event: 26.611 Thread 0x00000001684c4600 Thread added: 0x00000001684c4600
Event: 26.611 Protecting memory [0x0000000319cf4000,0x0000000319d00000] with protection modes 0
Event: 26.616 Thread 0x000000016843ee00 Thread added: 0x000000016843ee00
Event: 26.616 Protecting memory [0x0000000319f00000,0x0000000319f0c000] with protection modes 0
Event: 26.618 Thread 0x00000001682c8e00 Thread added: 0x00000001682c8e00
Event: 26.618 Protecting memory [0x000000031a10c000,0x000000031a118000] with protection modes 0
Event: 26.979 Protecting memory [0x00000003122a0000,0x00000003122ac000] with protection modes 3
Event: 26.979 Thread 0x000000012d50aa00 Thread exited: 0x000000012d50aa00


Dynamic libraries:
0x00000001003ac000 	/Library/Java/JavaVirtualMachines/jdk-17.jdk/Contents/Home/lib/libjli.dylib
0x00000001a737d000 	/System/Library/Frameworks/Cocoa.framework/Versions/A/Cocoa
0x000000018b6e3000 	/System/Library/Frameworks/AppKit.framework/Versions/C/AppKit
0x000000018ed23000 	/System/Library/Frameworks/CoreData.framework/Versions/A/CoreData
0x0000000188ada000 	/System/Library/Frameworks/Foundation.framework/Versions/C/Foundation
0x0000000197156000 	/usr/lib/libSystem.B.dylib
0x000000018ce07000 	/System/Library/PrivateFrameworks/UIFoundation.framework/Versions/A/UIFoundation
0x0000000240748000 	/System/Library/PrivateFrameworks/CollectionViewCore.framework/Versions/A/CollectionViewCore
0x000000019441b000 	/System/Library/PrivateFrameworks/XCTTargetBootstrap.framework/Versions/A/XCTTargetBootstrap
0x0000000252ff4000 	/System/Library/PrivateFrameworks/GenerativeModels.framework/Versions/A/GenerativeModels
0x0000000199d63000 	/System/Library/PrivateFrameworks/InternationalSupport.framework/Versions/A/InternationalSupport
0x000000019a0bf000 	/System/Library/PrivateFrameworks/UserActivity.framework/Versions/A/UserActivity
0x000000018f3b8000 	/System/Library/PrivateFrameworks/BaseBoard.framework/Versions/A/BaseBoard
0x000000024a1cf000 	/System/Library/PrivateFrameworks/FrontBoard.framework/Versions/A/FrontBoard
0x00000001a2071000 	/System/Library/PrivateFrameworks/FrontBoardServices.framework/Versions/A/FrontBoardServices
0x000000028afbc000 	/usr/lib/libRosetta.dylib
0x000000027e2da000 	/System/Library/PrivateFrameworks/UIIntelligenceSupport.framework/Versions/A/UIIntelligenceSupport
0x0000000234a70000 	/System/Library/Frameworks/SwiftUICore.framework/Versions/A/SwiftUICore
0x0000000284e74000 	/System/Library/PrivateFrameworks/WritingTools.framework/Versions/A/WritingTools
0x0000000283c6f000 	/System/Library/PrivateFrameworks/WindowManagement.framework/Versions/A/WindowManagement
0x0000000188749000 	/System/Library/Frameworks/SystemConfiguration.framework/Versions/A/SystemConfiguration
0x0000000198d89000 	/usr/lib/libspindump.dylib
0x000000018cfc0000 	/System/Library/Frameworks/UniformTypeIdentifiers.framework/Versions/A/UniformTypeIdentifiers
0x00000001963ad000 	/usr/lib/libbsm.0.dylib
0x0000000191aa6000 	/usr/lib/libapp_launch_measurement.dylib
0x0000000190dcb000 	/System/Library/PrivateFrameworks/CoreAnalytics.framework/Versions/A/CoreAnalytics
0x0000000191aaa000 	/System/Library/PrivateFrameworks/CoreAutoLayout.framework/Versions/A/CoreAutoLayout
0x000000019388e000 	/System/Library/Frameworks/Metal.framework/Versions/A/Metal
0x0000000194d57000 	/usr/lib/liblangid.dylib
0x0000000194421000 	/System/Library/PrivateFrameworks/CoreSVG.framework/Versions/A/CoreSVG
0x000000018da1a000 	/System/Library/PrivateFrameworks/SkyLight.framework/Versions/A/SkyLight
0x0000000249f04000 	/System/Library/PrivateFrameworks/FocusEngine.framework/Versions/A/FocusEngine
0x000000018dfd1000 	/System/Library/Frameworks/CoreGraphics.framework/Versions/A/CoreGraphics
0x0000000247911000 	/System/Library/PrivateFrameworks/DesignLibrary.framework/Versions/A/DesignLibrary
0x00000001a0283000 	/System/Library/Frameworks/Accelerate.framework/Versions/A/Accelerate
0x0000000198b4b000 	/System/Library/PrivateFrameworks/IconServices.framework/Versions/A/IconServices
0x0000000193866000 	/System/Library/Frameworks/IOSurface.framework/Versions/A/IOSurface
0x0000000190dfb000 	/usr/lib/libDiagnosticMessagesClient.dylib
0x00000001970a0000 	/usr/lib/libz.1.dylib
0x00000001a47ac000 	/System/Library/Frameworks/ApplicationServices.framework/Versions/A/ApplicationServices
0x0000000194406000 	/System/Library/PrivateFrameworks/DFRFoundation.framework/Versions/A/DFRFoundation
0x000000018af30000 	/usr/lib/libicucore.A.dylib
0x000000019b829000 	/System/Library/Frameworks/AudioToolbox.framework/Versions/A/AudioToolbox
0x000000019a06d000 	/System/Library/PrivateFrameworks/DataDetectorsCore.framework/Versions/A/DataDetectorsCore
0x000000027f223000 	/System/Library/PrivateFrameworks/UpdateCycle.framework/Versions/A/UpdateCycle
0x00000001b8fa0000 	/System/Library/PrivateFrameworks/TextInput.framework/Versions/A/TextInput
0x000000018d95e000 	/usr/lib/libMobileGestalt.dylib
0x000000019410a000 	/System/Library/Frameworks/Carbon.framework/Versions/A/Frameworks/HIToolbox.framework/Versions/A/HIToolbox
0x0000000191309000 	/System/Library/Frameworks/QuartzCore.framework/Versions/A/QuartzCore
0x000000018ab11000 	/System/Library/Frameworks/Security.framework/Versions/A/Security
0x000000019fbf2000 	/System/Library/Frameworks/Carbon.framework/Versions/A/Frameworks/SpeechRecognition.framework/Versions/A/SpeechRecognition
0x0000000191771000 	/System/Library/PrivateFrameworks/CoreUI.framework/Versions/A/CoreUI
0x000000018a37b000 	/System/Library/Frameworks/CoreAudio.framework/Versions/A/CoreAudio
0x0000000190ef6000 	/System/Library/Frameworks/DiskArbitration.framework/Versions/A/DiskArbitration
0x0000000199327000 	/System/Library/PrivateFrameworks/MultitouchSupport.framework/Versions/A/MultitouchSupport
0x000000018d95c000 	/usr/lib/libenergytrace.dylib
0x00000001ac2f7000 	/System/Library/PrivateFrameworks/RenderBox.framework/Versions/A/RenderBox
0x000000018b588000 	/System/Library/Frameworks/IOKit.framework/Versions/A/IOKit
0x00000001a0004000 	/System/Library/Frameworks/CoreServices.framework/Versions/A/CoreServices
0x0000000191a2d000 	/System/Library/PrivateFrameworks/PerformanceAnalysis.framework/Versions/A/PerformanceAnalysis
0x000000022d338000 	/System/Library/Frameworks/OpenGL.framework/Versions/A/OpenGL
0x0000000191af3000 	/usr/lib/libxml2.2.dylib
0x000000019628e000 	/System/Library/PrivateFrameworks/MobileKeyBag.framework/Versions/A/MobileKeyBag
0x0000000186dc8000 	/usr/lib/libobjc.A.dylib
0x000000018713d000 	/usr/lib/libc++.1.dylib
0x000000019ff82000 	/System/Library/Frameworks/Accessibility.framework/Versions/A/Accessibility
0x000000018e727000 	/System/Library/Frameworks/ColorSync.framework/Versions/A/ColorSync
0x000000018726d000 	/System/Library/Frameworks/CoreFoundation.framework/Versions/A/CoreFoundation
0x000000019479f000 	/System/Library/Frameworks/CoreImage.framework/Versions/A/CoreImage
0x000000018a152000 	/System/Library/Frameworks/CoreText.framework/Versions/A/CoreText
0x000000022ed59000 	/System/Library/Frameworks/CoreTransferable.framework/Versions/A/CoreTransferable
0x000000022f274000 	/System/Library/Frameworks/DataDetection.framework/Versions/A/DataDetection
0x000000022f28b000 	/System/Library/Frameworks/DeveloperToolsSupport.framework/Versions/A/DeveloperToolsSupport
0x000000019445f000 	/System/Library/Frameworks/ImageIO.framework/Versions/A/ImageIO
0x00000002359cd000 	/System/Library/Frameworks/Symbols.framework/Versions/A/Symbols
0x00000001be321000 	/System/Library/PrivateFrameworks/AttributeGraph.framework/Versions/A/AttributeGraph
0x00000001a214b000 	/System/Library/PrivateFrameworks/BoardServices.framework/Versions/A/BoardServices
0x00000001e354e000 	/System/Library/PrivateFrameworks/FeatureFlags.framework/Versions/A/FeatureFlags
0x000000025349f000 	/System/Library/PrivateFrameworks/Gestures.framework/Versions/A/Gestures
0x000000019715a000 	/System/Library/PrivateFrameworks/SoftLinking.framework/Versions/A/SoftLinking
0x00000001cd016000 	/usr/lib/swift/libswiftAccelerate.dylib
0x00000001c317c000 	/usr/lib/swift/libswiftCompression.dylib
0x000000019b17e000 	/usr/lib/swift/libswiftCore.dylib
0x00000001b51be000 	/usr/lib/swift/libswiftCoreFoundation.dylib
0x00000001b521e000 	/usr/lib/swift/libswiftCoreImage.dylib
0x00000001a1d73000 	/usr/lib/swift/libswiftDispatch.dylib
0x00000001b521f000 	/usr/lib/swift/libswiftIOKit.dylib
0x00000001c316e000 	/usr/lib/swift/libswiftMetal.dylib
0x00000001d294a000 	/usr/lib/swift/libswiftOSLog.dylib
0x00000001a4e23000 	/usr/lib/swift/libswiftObjectiveC.dylib
0x000000028c76f000 	/usr/lib/swift/libswiftObservation.dylib
0x00000001c856f000 	/usr/lib/swift/libswiftQuartzCore.dylib
0x000000028c831000 	/usr/lib/swift/libswiftSpatial.dylib
0x000000028c8ab000 	/usr/lib/swift/libswiftSynchronization.dylib
0x00000001cd006000 	/usr/lib/swift/libswiftUniformTypeIdentifiers.dylib
0x00000001b51d1000 	/usr/lib/swift/libswiftXPC.dylib
0x000000028c8f1000 	/usr/lib/swift/libswift_Builtin_float.dylib
0x000000028c8f2000 	/usr/lib/swift/libswift_Concurrency.dylib
0x00000001a4e27000 	/usr/lib/swift/libswiftos.dylib
0x00000001b8d12000 	/usr/lib/swift/libswiftsimd.dylib
0x000000019737e000 	/usr/lib/libcompression.dylib
0x0000000199ccc000 	/System/Library/PrivateFrameworks/TextureIO.framework/Versions/A/TextureIO
0x000000018e8cf000 	/System/Library/Frameworks/ApplicationServices.framework/Versions/A/Frameworks/HIServices.framework/Versions/A/HIServices
0x00000001987d5000 	/usr/lib/libate.dylib
0x0000000197150000 	/usr/lib/system/libcache.dylib
0x000000019710b000 	/usr/lib/system/libcommonCrypto.dylib
0x0000000197136000 	/usr/lib/system/libcompiler_rt.dylib
0x000000019712b000 	/usr/lib/system/libcopyfile.dylib
0x0000000186f71000 	/usr/lib/system/libcorecrypto.dylib
0x0000000187071000 	/usr/lib/system/libdispatch.dylib
0x0000000186e1b000 	/usr/lib/system/libdyld.dylib
0x0000000197146000 	/usr/lib/system/libkeymgr.dylib
0x00000001970ee000 	/usr/lib/system/libmacho.dylib
0x0000000196385000 	/usr/lib/system/libquarantine.dylib
0x0000000197143000 	/usr/lib/system/libremovefile.dylib
0x000000018d9de000 	/usr/lib/system/libsystem_asl.dylib
0x0000000186ef7000 	/usr/lib/system/libsystem_blocks.dylib
0x00000001870bc000 	/usr/lib/system/libsystem_c.dylib
0x000000019713a000 	/usr/lib/system/libsystem_collections.dylib
0x0000000194d44000 	/usr/lib/system/libsystem_configuration.dylib
0x000000019382d000 	/usr/lib/system/libsystem_containermanager.dylib
0x0000000196b24000 	/usr/lib/system/libsystem_coreservices.dylib
0x000000018b206000 	/usr/lib/system/libsystem_darwin.dylib
0x000000028cc13000 	/usr/lib/system/libsystem_darwindirectory.dylib
0x0000000197147000 	/usr/lib/system/libsystem_dnssd.dylib
0x000000028cc17000 	/usr/lib/system/libsystem_eligibility.dylib
0x00000001870b9000 	/usr/lib/system/libsystem_featureflags.dylib
0x000000018723d000 	/usr/lib/system/libsystem_info.dylib
0x00000001970af000 	/usr/lib/system/libsystem_m.dylib
0x0000000187020000 	/usr/lib/system/libsystem_malloc.dylib
0x000000018d941000 	/usr/lib/system/libsystem_networkextension.dylib
0x000000018b671000 	/usr/lib/system/libsystem_notify.dylib
0x0000000194d49000 	/usr/lib/system/libsystem_sandbox.dylib
0x000000028cc21000 	/usr/lib/system/libsystem_sanitizers.dylib
0x000000019713f000 	/usr/lib/system/libsystem_secinit.dylib
0x00000001871e9000 	/usr/lib/system/libsystem_kernel.dylib
0x0000000187234000 	/usr/lib/system/libsystem_platform.dylib
0x0000000187227000 	/usr/lib/system/libsystem_pthread.dylib
0x000000018f59c000 	/usr/lib/system/libsystem_symptoms.dylib
0x0000000186f50000 	/usr/lib/system/libsystem_trace.dylib
0x000000028cc29000 	/usr/lib/system/libsystem_trial.dylib
0x0000000197119000 	/usr/lib/system/libunwind.dylib
0x0000000186efb000 	/usr/lib/system/libxpc.dylib
0x00000001871ce000 	/usr/lib/libc++abi.dylib
0x000000028c47c000 	/usr/lib/libswiftPrespecialized.dylib
0x0000000197158000 	/usr/lib/libfakelink.dylib
0x000000018d58b000 	/System/Library/Frameworks/CFNetwork.framework/Versions/A/CFNetwork
0x00000001971ab000 	/usr/lib/libarchive.2.dylib
0x000000019dc76000 	/System/Library/Frameworks/Combine.framework/Versions/A/Combine
0x000000024076d000 	/System/Library/PrivateFrameworks/CollectionsInternal.framework/Versions/A/CollectionsInternal
0x000000026c66d000 	/System/Library/PrivateFrameworks/ReflectionInternal.framework/Versions/A/ReflectionInternal
0x000000026d5c0000 	/System/Library/PrivateFrameworks/RuntimeInternal.framework/Versions/A/RuntimeInternal
0x00000001b2041000 	/usr/lib/swift/libswiftDarwin.dylib
0x000000028c8bf000 	/usr/lib/swift/libswiftSystem.dylib
0x000000028c97e000 	/usr/lib/swift/libswift_DarwinFoundation1.dylib
0x000000028ca22000 	/usr/lib/swift/libswift_StringProcessing.dylib
0x000000018b508000 	/System/Library/PrivateFrameworks/CoreServicesInternal.framework/Versions/A/CoreServicesInternal
0x0000000197123000 	/usr/lib/liboah.dylib
0x00000001a4257000 	/System/Library/PrivateFrameworks/DiskImages.framework/Versions/A/DiskImages
0x00000001b1ae6000 	/System/Library/Frameworks/NetFS.framework/Versions/A/NetFS
0x0000000191a6f000 	/System/Library/Frameworks/CoreServices.framework/Versions/A/Frameworks/FSEvents.framework/Versions/A/FSEvents
0x000000018b210000 	/System/Library/Frameworks/CoreServices.framework/Versions/A/Frameworks/CarbonCore.framework/Versions/A/CarbonCore
0x0000000190e6a000 	/System/Library/Frameworks/CoreServices.framework/Versions/A/Frameworks/Metadata.framework/Versions/A/Metadata
0x0000000196b2b000 	/System/Library/Frameworks/CoreServices.framework/Versions/A/Frameworks/OSServices.framework/Versions/A/OSServices
0x00000001972a3000 	/System/Library/Frameworks/CoreServices.framework/Versions/A/Frameworks/SearchKit.framework/Versions/A/SearchKit
0x000000018f516000 	/System/Library/Frameworks/CoreServices.framework/Versions/A/Frameworks/AE.framework/Versions/A/AE
0x00000001877cc000 	/System/Library/Frameworks/CoreServices.framework/Versions/A/Frameworks/LaunchServices.framework/Versions/A/LaunchServices
0x0000000198629000 	/System/Library/Frameworks/CoreServices.framework/Versions/A/Frameworks/DictionaryServices.framework/Versions/A/DictionaryServices
0x0000000191a7c000 	/System/Library/Frameworks/CoreServices.framework/Versions/A/Frameworks/SharedFileList.framework/Versions/A/SharedFileList
0x0000000197336000 	/usr/lib/libapple_nghttp2.dylib
0x000000018f12d000 	/usr/lib/libsqlite3.dylib
0x000000018f316000 	/System/Library/Frameworks/Accounts.framework/Versions/A/Accounts
0x00000001a4499000 	/System/Library/PrivateFrameworks/AppSupport.framework/Versions/A/AppSupport
0x00000001b3f70000 	/System/Library/Frameworks/AVFoundation.framework/Versions/A/AVFoundation
0x000000019beb0000 	/System/Library/Frameworks/GSS.framework/Versions/A/GSS
0x000000018f4aa000 	/System/Library/PrivateFrameworks/RunningBoardServices.framework/Versions/A/RunningBoardServices
0x00000001a4dab000 	/System/Library/PrivateFrameworks/StreamingZip.framework/Versions/A/StreamingZip
0x000000018f5a5000 	/System/Library/Frameworks/Network.framework/Versions/A/Network
0x00000001970f2000 	/usr/lib/system/libkxld.dylib
0x000000023bce2000 	/System/Library/PrivateFrameworks/AppleKeyStore.framework/Versions/A/AppleKeyStore
0x000000028acbe000 	/usr/lib/libCoreEntitlements.dylib
0x0000000260d46000 	/System/Library/PrivateFrameworks/MessageSecurity.framework/Versions/A/MessageSecurity
0x000000018f111000 	/System/Library/PrivateFrameworks/ProtocolBuffer.framework/Versions/A/ProtocolBuffer
0x00000001a117f000 	/System/Library/PrivateFrameworks/SymptomDiagnosticReporter.framework/Versions/A/SymptomDiagnosticReporter
0x000000019886e000 	/System/Library/PrivateFrameworks/CrashReporterSupport.framework/Versions/A/CrashReporterSupport
0x0000000196b0b000 	/System/Library/PrivateFrameworks/AppleFSCompression.framework/Versions/A/AppleFSCompression
0x0000000196395000 	/usr/lib/libcoretls.dylib
0x000000019869f000 	/usr/lib/libcoretls_cfhelpers.dylib
0x0000000197378000 	/usr/lib/libpam.2.dylib
0x0000000198715000 	/usr/lib/libxar.1.dylib
0x00000001986a1000 	/System/Library/PrivateFrameworks/APFS.framework/Versions/A/APFS
0x0000000278d39000 	/System/Library/PrivateFrameworks/SwiftASN1Internal.framework/Versions/A/SwiftASN1Internal
0x0000000198724000 	/usr/lib/libutil.dylib
0x0000000194d52000 	/System/Library/PrivateFrameworks/AppleSystemInfo.framework/Versions/A/AppleSystemInfo
0x000000019605c000 	/System/Library/PrivateFrameworks/IOMobileFramebuffer.framework/Versions/A/IOMobileFramebuffer
0x00000001a3bb7000 	/System/Library/PrivateFrameworks/CoreWiFi.framework/Versions/A/CoreWiFi
0x00000001b507e000 	/System/Library/PrivateFrameworks/LoggingSupport.framework/Versions/A/LoggingSupport
0x000000019bf13000 	/System/Library/PrivateFrameworks/MobileAsset.framework/Versions/A/MobileAsset
0x00000001a118f000 	/System/Library/PrivateFrameworks/PowerLog.framework/Versions/A/PowerLog
0x00000001a272a000 	/System/Library/PrivateFrameworks/Rapport.framework/Versions/A/Rapport
0x0000000234903000 	/System/Library/Frameworks/SwiftData.framework/Versions/A/SwiftData
0x0000000191c9c000 	/System/Library/PrivateFrameworks/UserManagement.framework/Versions/A/UserManagement
0x000000018d4b2000 	/usr/lib/libboringssl.dylib
0x000000018f58a000 	/usr/lib/libdns_services.dylib
0x00000001b40a4000 	/usr/lib/libquic.dylib
0x000000019b10f000 	/usr/lib/libusrtcp.dylib
0x000000023cb9d000 	/System/Library/PrivateFrameworks/AtomicsInternal.framework/Versions/A/AtomicsInternal
0x00000001db36e000 	/System/Library/PrivateFrameworks/InternalSwiftProtobuf.framework/Versions/A/InternalSwiftProtobuf
0x000000028c746000 	/usr/lib/swift/libswiftDistributed.dylib
0x0000000194d50000 	/System/Library/PrivateFrameworks/AggregateDictionary.framework/Versions/A/AggregateDictionary
0x000000023d3cc000 	/System/Library/PrivateFrameworks/BiomeLibrary.framework/Versions/A/BiomeLibrary
0x00000001c41e2000 	/System/Library/PrivateFrameworks/BiomeStreams.framework/Versions/A/BiomeStreams
0x00000001c0238000 	/System/Library/PrivateFrameworks/BiomeFoundation.framework/Versions/A/BiomeFoundation
0x00000001ca468000 	/System/Library/PrivateFrameworks/BiomePubSub.framework/Versions/A/BiomePubSub
0x00000001a5d8e000 	/System/Library/PrivateFrameworks/ProactiveSupport.framework/Versions/A/ProactiveSupport
0x000000023695f000 	/System/Library/Frameworks/_LocationEssentials.framework/Versions/A/_LocationEssentials
0x0000000198680000 	/usr/lib/liblzma.5.dylib
0x00000001a47ad000 	/System/Library/PrivateFrameworks/InternationalTextSearch.framework/Versions/A/InternationalTextSearch
0x00000001bc714000 	/System/Library/PrivateFrameworks/SoftwareUpdateCoreSupport.framework/Versions/A/SoftwareUpdateCoreSupport
0x00000001c4c81000 	/System/Library/PrivateFrameworks/SoftwareUpdateCoreConnect.framework/Versions/A/SoftwareUpdateCoreConnect
0x00000001a4351000 	/System/Library/PrivateFrameworks/RemoteServiceDiscovery.framework/Versions/A/RemoteServiceDiscovery
0x00000001bc2eb000 	/System/Library/PrivateFrameworks/MSUDataAccessor.framework/Versions/A/MSUDataAccessor
0x00000001b724c000 	/usr/lib/libbootpolicy.dylib
0x00000001a4368000 	/System/Library/PrivateFrameworks/RemoteXPC.framework/Versions/A/RemoteXPC
0x00000001c40b6000 	/usr/lib/libFDR.dylib
0x00000001ca06a000 	/usr/lib/libamsupport.dylib
0x000000028afb4000 	/usr/lib/libReverseProxyDevice.dylib
0x000000023b552000 	/System/Library/PrivateFrameworks/AppleDeviceQuerySupport.framework/Versions/A/AppleDeviceQuerySupport
0x00000001cd231000 	/usr/lib/libpartition2_dynamic.dylib
0x0000000197312000 	/System/Library/PrivateFrameworks/AppleSauce.framework/Versions/A/AppleSauce
0x000000028ab69000 	/usr/lib/libAppleArchive.dylib
0x0000000196b17000 	/usr/lib/libbz2.1.0.dylib
0x0000000190f00000 	/System/Library/Frameworks/Accelerate.framework/Versions/A/Frameworks/vImage.framework/Versions/A/vImage
0x000000019ffdf000 	/System/Library/Frameworks/Accelerate.framework/Versions/A/Frameworks/vecLib.framework/Versions/A/vecLib
0x000000019875b000 	/System/Library/Frameworks/Accelerate.framework/Versions/A/Frameworks/vecLib.framework/Versions/A/libvMisc.dylib
0x0000000187cd0000 	/System/Library/Frameworks/Accelerate.framework/Versions/A/Frameworks/vecLib.framework/Versions/A/libBLAS.dylib
0x0000000191bda000 	/System/Library/Frameworks/CoreVideo.framework/Versions/A/CoreVideo
0x000000019bac7000 	/System/Library/Frameworks/ApplicationServices.framework/Versions/A/Frameworks/ATS.framework/Versions/A/ATS
0x0000000199c59000 	/System/Library/Frameworks/ApplicationServices.framework/Versions/A/Frameworks/PrintCore.framework/Versions/A/PrintCore
0x000000019be79000 	/System/Library/Frameworks/ApplicationServices.framework/Versions/A/Frameworks/QD.framework/Versions/A/QD
0x000000019be74000 	/System/Library/Frameworks/ApplicationServices.framework/Versions/A/Frameworks/ColorSyncLegacy.framework/Versions/A/ColorSyncLegacy
0x000000019ba99000 	/System/Library/Frameworks/ApplicationServices.framework/Versions/A/Frameworks/SpeechSynthesis.framework/Versions/A/SpeechSynthesis
0x0000000193e3a000 	/System/Library/PrivateFrameworks/FontServices.framework/libFontParser.dylib
0x00000001a4079000 	/System/Library/PrivateFrameworks/BackBoardServices.framework/Versions/A/BackBoardServices
0x000000023d2d1000 	/System/Library/PrivateFrameworks/BackBoardHIDEventFoundation.framework/Versions/A/BackBoardHIDEventFoundation
0x0000000189c6e000 	/System/Library/Frameworks/CoreDisplay.framework/Versions/A/CoreDisplay
0x000000019936d000 	/System/Library/Frameworks/VideoToolbox.framework/Versions/A/VideoToolbox
0x0000000197376000 	/System/Library/Frameworks/MetalPerformanceShaders.framework/Versions/A/MetalPerformanceShaders
0x000000026b578000 	/System/Library/PrivateFrameworks/ProDisplayLibrary.framework/Versions/A/ProDisplayLibrary
0x00000001a7e98000 	/System/Library/PrivateFrameworks/IOSurfaceAccelerator.framework/Versions/A/IOSurfaceAccelerator
0x0000000193883000 	/System/Library/PrivateFrameworks/IOAccelerator.framework/Versions/A/IOAccelerator
0x0000000193b92000 	/System/Library/Frameworks/CoreMedia.framework/Versions/A/CoreMedia
0x000000018d9f6000 	/System/Library/PrivateFrameworks/TCC.framework/Versions/A/TCC
0x0000000199325000 	/System/Library/PrivateFrameworks/WatchdogClient.framework/Versions/A/WatchdogClient
0x00000001b519e000 	/usr/lib/swift/libswiftCoreAudio.dylib
0x00000001d1197000 	/usr/lib/swift/libswiftCoreMedia.dylib
0x000000028c8d9000 	/usr/lib/swift/libswiftVideoToolbox.dylib
0x00000001ca4c9000 	/System/Library/PrivateFrameworks/BiomeStorage.framework/Versions/A/BiomeStorage
0x0000000259a73000 	/System/Library/PrivateFrameworks/IntelligencePlatformLibrary.framework/Versions/A/IntelligencePlatformLibrary
0x000000026a33c000 	/System/Library/PrivateFrameworks/PoirotSchematizer.framework/Versions/A/PoirotSchematizer
0x000000023dc81000 	/System/Library/PrivateFrameworks/BiomeSync.framework/Versions/A/BiomeSync
0x000000023d3b2000 	/System/Library/PrivateFrameworks/BiomeDSL.framework/Versions/A/BiomeDSL
0x000000026a3aa000 	/System/Library/PrivateFrameworks/PoirotUDFs.framework/Versions/A/PoirotUDFs
0x000000028c981000 	/usr/lib/swift/libswift_DarwinFoundation2.dylib
0x000000028c982000 	/usr/lib/swift/libswift_DarwinFoundation3.dylib
0x00000001a271f000 	/System/Library/PrivateFrameworks/CoreTime.framework/Versions/A/CoreTime
0x0000000197190000 	/usr/lib/libiconv.2.dylib
0x00000001970ed000 	/usr/lib/libcharset.1.dylib
0x000000026a2ff000 	/System/Library/PrivateFrameworks/PoirotSQLite.framework/Versions/A/PoirotSQLite
0x000000028c983000 	/usr/lib/swift/libswift_RegexParser.dylib
0x000000023f305000 	/System/Library/PrivateFrameworks/CascadeSets.framework/Versions/A/CascadeSets
0x000000019c08a000 	/System/Library/PrivateFrameworks/CorePhoneNumbers.framework/Versions/A/CorePhoneNumbers
0x000000019911f000 	/System/Library/PrivateFrameworks/AppleJPEG.framework/Versions/A/AppleJPEG
0x0000000198ac5000 	/usr/lib/libexpat.1.dylib
0x0000000199b2f000 	/System/Library/Frameworks/ImageIO.framework/Versions/A/Resources/libPng.dylib
0x0000000199b5a000 	/System/Library/Frameworks/ImageIO.framework/Versions/A/Resources/libTIFF.dylib
0x0000000199c42000 	/System/Library/Frameworks/ImageIO.framework/Versions/A/Resources/libGIF.dylib
0x0000000199164000 	/System/Library/Frameworks/ImageIO.framework/Versions/A/Resources/libJP2.dylib
0x0000000199be9000 	/System/Library/Frameworks/ImageIO.framework/Versions/A/Resources/libJPEG.dylib
0x0000000199be0000 	/System/Library/Frameworks/ImageIO.framework/Versions/A/Resources/libRadiance.dylib
0x000000024f763000 	/System/Library/PrivateFrameworks/GPUCompiler.framework/Versions/32023/Libraries/libllvm-flatbuffers.dylib
0x000000024a1c2000 	/System/Library/PrivateFrameworks/FramePacing.framework/Versions/A/FramePacing
0x000000022d32a000 	/System/Library/Frameworks/OpenGL.framework/Versions/A/Libraries/libCoreFSCache.dylib
0x000000024b2f0000 	/System/Library/PrivateFrameworks/GPUCompiler.framework/Versions/32023/Libraries/libGPUCompilerUtils.dylib
0x00000001a2218000 	/System/Library/PrivateFrameworks/GraphicsServices.framework/Versions/A/GraphicsServices
0x000000022d389000 	/System/Library/Frameworks/OpenGL.framework/Versions/A/Libraries/libGLU.dylib
0x000000022d34c000 	/System/Library/Frameworks/OpenGL.framework/Versions/A/Libraries/libGFXShared.dylib
0x000000022d519000 	/System/Library/Frameworks/OpenGL.framework/Versions/A/Libraries/libGL.dylib
0x000000022d355000 	/System/Library/Frameworks/OpenGL.framework/Versions/A/Libraries/libGLImage.dylib
0x000000022d349000 	/System/Library/Frameworks/OpenGL.framework/Versions/A/Libraries/libCVMSPluginSupport.dylib
0x000000022d332000 	/System/Library/Frameworks/OpenGL.framework/Versions/A/Libraries/libCoreVMClient.dylib
0x0000000199bdb000 	/System/Library/PrivateFrameworks/GPUWrangler.framework/Versions/A/GPUWrangler
0x0000000199bbb000 	/System/Library/PrivateFrameworks/IOPresentment.framework/Versions/A/IOPresentment
0x0000000199be3000 	/System/Library/PrivateFrameworks/DSExternalDisplay.framework/Versions/A/DSExternalDisplay
0x00000002808ff000 	/System/Library/PrivateFrameworks/VideoToolboxParavirtualizationSupport.framework/Versions/A/VideoToolboxParavirtualizationSupport
0x0000000198a7c000 	/System/Library/PrivateFrameworks/AppleVA.framework/Versions/A/AppleVA
0x000000022f3d5000 	/System/Library/Frameworks/ExtensionFoundation.framework/Versions/A/ExtensionFoundation
0x0000000199c48000 	/System/Library/PrivateFrameworks/CMCaptureCore.framework/Versions/A/CMCaptureCore
0x0000000198d7c000 	/System/Library/PrivateFrameworks/AppServerSupport.framework/Versions/A/AppServerSupport
0x000000019be82000 	/System/Library/PrivateFrameworks/perfdata.framework/Versions/A/perfdata
0x0000000189d8f000 	/System/Library/PrivateFrameworks/AudioToolboxCore.framework/Versions/A/AudioToolboxCore
0x0000000193b68000 	/System/Library/PrivateFrameworks/caulk.framework/Versions/A/caulk
0x000000019ba7f000 	/usr/lib/libAudioStatistics.dylib
0x00000001b4199000 	/System/Library/PrivateFrameworks/SystemPolicy.framework/Versions/A/SystemPolicy
0x000000019bd27000 	/usr/lib/libSMC.dylib
0x00000001bbafd000 	/usr/lib/swift/libswiftCoreMIDI.dylib
0x00000001a718a000 	/System/Library/Frameworks/CoreMIDI.framework/Versions/A/CoreMIDI
0x0000000199b09000 	/usr/lib/libAudioToolboxUtility.dylib
0x000000019be90000 	/usr/lib/libperfcheck.dylib
0x000000023cc6c000 	/System/Library/PrivateFrameworks/AudioAnalytics.framework/Versions/A/AudioAnalytics
0x00000001db05c000 	/System/Library/Frameworks/OSLog.framework/Versions/A/OSLog
0x0000000265db2000 	/System/Library/PrivateFrameworks/OSEligibility.framework/Versions/A/OSEligibility
0x00000002307b9000 	/System/Library/Frameworks/LightweightCodeRequirements.framework/Versions/A/LightweightCodeRequirements
0x00000001989c5000 	/System/Library/PrivateFrameworks/PlugInKit.framework/Versions/A/PlugInKit
0x00000001962a6000 	/System/Library/PrivateFrameworks/AssertionServices.framework/Versions/A/AssertionServices
0x0000000198aea000 	/System/Library/PrivateFrameworks/IconFoundation.framework/Versions/A/IconFoundation
0x00000002565ff000 	/System/Library/PrivateFrameworks/IconRendering.framework/Versions/A/IconRendering
0x000000026d7a5000 	/System/Library/PrivateFrameworks/SFSymbols.framework/Versions/A/SFSymbols
0x0000000198d2c000 	/System/Library/PrivateFrameworks/GraphVisualizer.framework/Versions/A/GraphVisualizer
0x000000024a0cd000 	/System/Library/PrivateFrameworks/FontServices.framework/Versions/A/FontServices
0x0000000198d3c000 	/System/Library/PrivateFrameworks/OTSVG.framework/Versions/A/OTSVG
0x000000019171f000 	/System/Library/Frameworks/ApplicationServices.framework/Versions/A/Frameworks/ATS.framework/Versions/A/Resources/libFontRegistry.dylib
0x000000028bab6000 	/usr/lib/libhvf.dylib
0x0000000266a3e000 	/System/Library/PrivateFrameworks/ParsingInternal.framework/Versions/A/ParsingInternal
0x000000024a0d1000 	/System/Library/PrivateFrameworks/FontServices.framework/libXTFontStaticRegistryData.dylib
0x0000000194c8a000 	/System/Library/Frameworks/MetalPerformanceShaders.framework/Versions/A/Frameworks/MPSCore.framework/Versions/A/MPSCore
0x0000000196a76000 	/System/Library/Frameworks/MetalPerformanceShaders.framework/Versions/A/Frameworks/MPSImage.framework/Versions/A/MPSImage
0x0000000196435000 	/System/Library/Frameworks/MetalPerformanceShaders.framework/Versions/A/Frameworks/MPSNeuralNetwork.framework/Versions/A/MPSNeuralNetwork
0x0000000196874000 	/System/Library/Frameworks/MetalPerformanceShaders.framework/Versions/A/Frameworks/MPSMatrix.framework/Versions/A/MPSMatrix
0x000000019668c000 	/System/Library/Frameworks/MetalPerformanceShaders.framework/Versions/A/Frameworks/MPSRayIntersector.framework/Versions/A/MPSRayIntersector
0x00000001968a6000 	/System/Library/Frameworks/MetalPerformanceShaders.framework/Versions/A/Frameworks/MPSNDArray.framework/Versions/A/MPSNDArray
0x000000023163f000 	/System/Library/Frameworks/MetalPerformanceShaders.framework/Versions/A/Frameworks/MPSFunctions.framework/Versions/A/MPSFunctions
0x0000000231620000 	/System/Library/Frameworks/MetalPerformanceShaders.framework/Versions/A/Frameworks/MPSBenchmarkLoop.framework/Versions/A/MPSBenchmarkLoop
0x0000000231653000 	/System/Library/Frameworks/MetalPerformanceShaders.framework/Versions/A/Frameworks/MPSHost.framework/Versions/A/MPSHost
0x0000000187ae7000 	/System/Library/PrivateFrameworks/MetalTools.framework/Versions/A/MetalTools
0x00000001ba438000 	/System/Library/PrivateFrameworks/IOAccelMemoryInfo.framework/Versions/A/IOAccelMemoryInfo
0x00000001c8962000 	/System/Library/PrivateFrameworks/kperf.framework/Versions/A/kperf
0x00000001b519a000 	/System/Library/PrivateFrameworks/GPURawCounter.framework/Versions/A/GPURawCounter
0x00000001a5f19000 	/System/Library/PrivateFrameworks/ASEProcessing.framework/Versions/A/ASEProcessing
0x00000001d6a17000 	/System/Library/PrivateFrameworks/Symbolication.framework/Versions/A/Symbolication
0x0000000269eec000 	/System/Library/PrivateFrameworks/PhotosensitivityProcessing.framework/Versions/A/PhotosensitivityProcessing
0x000000026d82b000 	/System/Library/PrivateFrameworks/SILManager.framework/Versions/A/SILManager
0x00000001a25c2000 	/System/Library/PrivateFrameworks/CoreSymbolication.framework/Versions/A/CoreSymbolication
0x00000001b510d000 	/System/Library/PrivateFrameworks/MallocStackLogging.framework/Versions/A/MallocStackLogging
0x00000001a25a0000 	/System/Library/PrivateFrameworks/DebugSymbols.framework/Versions/A/DebugSymbols
0x00000001c70d4000 	/System/Library/PrivateFrameworks/OSAnalytics.framework/Versions/A/OSAnalytics
0x0000000247e30000 	/System/Library/PrivateFrameworks/DeviceRecovery.framework/Versions/A/DeviceRecovery
0x000000027c18e000 	/System/Library/PrivateFrameworks/Tightbeam.framework/Versions/A/Tightbeam
0x00000001cd79e000 	/System/Library/PrivateFrameworks/AFKUser.framework/Versions/A/AFKUser
0x0000000196ee4000 	/System/Library/Frameworks/UserNotifications.framework/Versions/A/UserNotifications
0x00000001babcf000 	/System/Library/PrivateFrameworks/SiriInstrumentation.framework/Versions/A/SiriInstrumentation
0x000000026fcb9000 	/System/Library/PrivateFrameworks/SiriAnalytics.framework/Versions/A/SiriAnalytics
0x00000001b8332000 	/System/Library/PrivateFrameworks/FeedbackLogger.framework/Versions/A/FeedbackLogger
0x00000001d2be3000 	/usr/lib/swift/libswiftAVFoundation.dylib
0x000000027e9b5000 	/System/Library/PrivateFrameworks/UnifiedAssetFramework.framework/Versions/A/UnifiedAssetFramework
0x000000019b9fe000 	/System/Library/PrivateFrameworks/AudioSession.framework/Versions/A/AudioSession
0x0000000198c09000 	/System/Library/PrivateFrameworks/MediaExperience.framework/Versions/A/MediaExperience
0x000000019b7d3000 	/System/Library/PrivateFrameworks/AudioSession.framework/libSessionUtility.dylib
0x00000001a1074000 	/System/Library/Frameworks/CoreBluetooth.framework/Versions/A/CoreBluetooth
0x0000000196119000 	/System/Library/PrivateFrameworks/CoreUtils.framework/Versions/A/CoreUtils
0x00000001ad02a000 	/System/Library/PrivateFrameworks/HID.framework/Versions/A/HID
0x0000000246d48000 	/System/Library/PrivateFrameworks/CoreUtilsExtras.framework/Versions/A/CoreUtilsExtras
0x0000000256554000 	/System/Library/PrivateFrameworks/IO80211.framework/Versions/A/IO80211
0x000000019d9c2000 	/System/Library/Frameworks/IOBluetooth.framework/Versions/A/IOBluetooth
0x000000028c78e000 	/usr/lib/swift/libswiftRegexBuilder.dylib
0x0000000198865000 	/usr/lib/libIOReport.dylib
0x00000001e35d2000 	/System/Library/PrivateFrameworks/WiFiPeerToPeer.framework/Versions/A/WiFiPeerToPeer
0x00000001962b5000 	/System/Library/Frameworks/SecurityFoundation.framework/Versions/A/SecurityFoundation
0x000000023f3b9000 	/System/Library/PrivateFrameworks/Centauri.framework/Versions/A/Centauri
0x00000001884cb000 	/System/Library/PrivateFrameworks/Lexicon.framework/Versions/A/Lexicon
0x000000028bf06000 	/usr/lib/libmrc.dylib
0x00000002565bf000 	/System/Library/PrivateFrameworks/IPConfiguration.framework/Versions/A/IPConfiguration
0x00000001d71ee000 	/System/Library/PrivateFrameworks/Netrb.framework/Versions/A/Netrb
0x000000019641e000 	/usr/lib/libgermantok.dylib
0x0000000194e79000 	/System/Library/PrivateFrameworks/LinguisticData.framework/Versions/A/LinguisticData
0x00000001a127d000 	/System/Library/PrivateFrameworks/MediaKit.framework/Versions/A/MediaKit
0x00000001a11cb000 	/System/Library/Frameworks/DiscRecording.framework/Versions/A/DiscRecording
0x0000000198ae0000 	/usr/lib/libheimdal-asn1.dylib
0x00000001a4d81000 	/System/Library/Frameworks/AudioUnit.framework/Versions/A/AudioUnit
0x0000000191a37000 	/System/Library/Frameworks/OpenDirectory.framework/Versions/A/OpenDirectory
0x0000000191a45000 	/System/Library/Frameworks/OpenDirectory.framework/Versions/A/Frameworks/CFOpenDirectory.framework/Versions/A/CFOpenDirectory
0x000000019dd6a000 	/System/Library/PrivateFrameworks/GeoServices.framework/Versions/A/GeoServices
0x000000019b799000 	/System/Library/PrivateFrameworks/LocationSupport.framework/Versions/A/LocationSupport
0x00000002532f1000 	/System/Library/PrivateFrameworks/GeoServicesCore.framework/Versions/A/GeoServicesCore
0x00000001adf2f000 	/System/Library/PrivateFrameworks/PhoneNumbers.framework/Versions/A/PhoneNumbers
0x000000025ba05000 	/System/Library/PrivateFrameworks/LocationLogEncryption.framework/Versions/A/LocationLogEncryption
0x000000022d8a5000 	/System/Library/Frameworks/AVFAudio.framework/Versions/A/AVFAudio
0x000000022d9e9000 	/System/Library/Frameworks/AVRouting.framework/Versions/A/AVRouting
0x00000001ae047000 	/usr/lib/libAccessibility.dylib
0x000000025a3ef000 	/System/Library/PrivateFrameworks/IsolatedCoreAudioClient.framework/Versions/A/IsolatedCoreAudioClient
0x0000000242b68000 	/System/Library/PrivateFrameworks/CoreAudioOrchestration.framework/Versions/A/CoreAudioOrchestration
0x000000019a130000 	/System/Library/Frameworks/MediaToolbox.framework/Versions/A/MediaToolbox
0x00000001a13a3000 	/System/Library/PrivateFrameworks/CoreAVCHD.framework/Versions/A/CoreAVCHD
0x00000001a02d2000 	/System/Library/Frameworks/MediaAccessibility.framework/Versions/A/MediaAccessibility
0x00000001a139f000 	/System/Library/PrivateFrameworks/Mangrove.framework/Versions/A/Mangrove
0x000000023e9f5000 	/System/Library/PrivateFrameworks/CMPhoto.framework/Versions/A/CMPhoto
0x00000001a1b6c000 	/System/Library/Frameworks/CoreTelephony.framework/Versions/A/CoreTelephony
0x00000001a1392000 	/System/Library/PrivateFrameworks/CoreAUC.framework/Versions/A/CoreAUC
0x000000023bb13000 	/System/Library/PrivateFrameworks/AppleJPEGXL.framework/Versions/A/AppleJPEGXL
0x000000019c09a000 	/usr/lib/libTelephonyUtilDynamic.dylib
0x00000001de15c000 	/System/Library/Frameworks/CryptoKit.framework/Versions/A/CryptoKit
0x00000001a4d7c000 	/System/Library/PrivateFrameworks/CryptoKitCBridging.framework/Versions/A/CryptoKitCBridging
0x00000001a222a000 	/System/Library/Frameworks/CryptoTokenKit.framework/Versions/A/CryptoTokenKit
0x00000002478a1000 	/System/Library/PrivateFrameworks/Dendrite.framework/Versions/A/Dendrite
0x00000001b4d40000 	/System/Library/Frameworks/NaturalLanguage.framework/Versions/A/NaturalLanguage
0x00000001e355a000 	/usr/lib/swift/libswiftNaturalLanguage.dylib
0x000000023c68b000 	/System/Library/PrivateFrameworks/AppleMobileFileIntegrity.framework/Versions/A/AppleMobileFileIntegrity
0x000000028b02b000 	/usr/lib/libTLE.dylib
0x00000001b513f000 	/usr/lib/libmis.dylib
0x00000001ecc84000 	/System/Library/PrivateFrameworks/ConfigProfileHelper.framework/Versions/A/ConfigProfileHelper
0x00000001a4f0b000 	/System/Library/PrivateFrameworks/Espresso.framework/Versions/A/Espresso
0x00000001921c6000 	/System/Library/Frameworks/CoreML.framework/Versions/A/CoreML
0x00000001e140f000 	/usr/lib/libedit.3.dylib
0x000000022a6b4000 	/System/Library/PrivateFrameworks/ANECompiler.framework/Versions/A/ANECompiler
0x00000001a6fce000 	/System/Library/PrivateFrameworks/AppleNeuralEngine.framework/Versions/A/AppleNeuralEngine
0x000000025bb23000 	/System/Library/PrivateFrameworks/MIL.framework/Versions/A/MIL
0x0000000231659000 	/System/Library/Frameworks/MetalPerformanceShadersGraph.framework/Versions/A/MetalPerformanceShadersGraph
0x000000025c292000 	/System/Library/PrivateFrameworks/MLCompilerServices.framework/Versions/A/MLCompilerServices
0x00000001a5d5d000 	/System/Library/PrivateFrameworks/ANEServices.framework/Versions/A/ANEServices
0x00000001ba3fb000 	/usr/lib/libncurses.5.4.dylib
0x000000018b684000 	/usr/lib/libsandbox.1.dylib
0x0000000198a06000 	/usr/lib/libMatch.1.dylib
0x0000000265b34000 	/System/Library/PrivateFrameworks/ODIE.framework/Versions/A/ODIE
0x000000025ef1f000 	/System/Library/PrivateFrameworks/MLModelAsset.framework/Versions/A/MLModelAsset
0x000000025c238000 	/System/Library/PrivateFrameworks/MLCompilerRuntime.framework/Versions/A/MLCompilerRuntime
0x00000001966e1000 	/System/Library/Frameworks/MLCompute.framework/Versions/A/MLCompute
0x000000025c1ba000 	/System/Library/PrivateFrameworks/MLAssetIO.framework/Versions/A/MLAssetIO
0x000000028c760000 	/usr/lib/swift/libswiftMLCompute.dylib
0x00000001a1d8a000 	/System/Library/PrivateFrameworks/AVFCore.framework/Versions/A/AVFCore
0x00000001ab665000 	/System/Library/PrivateFrameworks/AVFCapture.framework/Versions/A/AVFCapture
0x000000023e7a5000 	/System/Library/PrivateFrameworks/CMImaging.framework/Versions/A/CMImaging
0x00000001ab93b000 	/System/Library/PrivateFrameworks/Quagga.framework/Versions/A/Quagga
0x00000001aba6c000 	/System/Library/PrivateFrameworks/CMCapture.framework/Versions/A/CMCapture
0x000000019bc24000 	/System/Library/Frameworks/CoreMediaIO.framework/Versions/A/CoreMediaIO
0x000000023e6d9000 	/System/Library/PrivateFrameworks/CMCaptureDevice.framework/Versions/A/CMCaptureDevice
0x0000000198e75000 	/System/Library/PrivateFrameworks/CoreBrightness.framework/Versions/A/CoreBrightness
0x000000023f8b0000 	/System/Library/PrivateFrameworks/CinematicFraming.framework/Versions/A/CinematicFraming
0x000000026201b000 	/System/Library/PrivateFrameworks/ModelManagerServices.framework/Versions/A/ModelManagerServices
0x00000001cfc4c000 	/System/Library/PrivateFrameworks/CPMS.framework/Versions/A/CPMS
0x00000002798bd000 	/System/Library/PrivateFrameworks/SystemStatus.framework/Versions/A/SystemStatus
0x00000001b3b6e000 	/System/Library/Frameworks/CoreMotion.framework/Versions/A/CoreMotion
0x00000001c4161000 	/System/Library/PrivateFrameworks/TimeSync.framework/Versions/A/TimeSync
0x0000000248267000 	/System/Library/PrivateFrameworks/DistributedSensing.framework/Versions/A/DistributedSensing
0x00000001bf548000 	/System/Library/PrivateFrameworks/MobileBluetooth.framework/Versions/A/MobileBluetooth
0x00000001c5e21000 	/System/Library/PrivateFrameworks/IOKitten.framework/Versions/A/IOKitten
0x000000023b98d000 	/System/Library/PrivateFrameworks/AppleIntelligenceReporting.framework/Versions/A/AppleIntelligenceReporting
0x0000000196028000 	/System/Library/PrivateFrameworks/CoreEmoji.framework/Versions/A/CoreEmoji
0x00000001887dd000 	/usr/lib/libCRFSuite.dylib
0x0000000189abe000 	/System/Library/PrivateFrameworks/LanguageModeling.framework/Versions/A/LanguageModeling
0x0000000194d59000 	/System/Library/PrivateFrameworks/CoreNLP.framework/Versions/A/CoreNLP
0x000000018ea38000 	/System/Library/PrivateFrameworks/Montreal.framework/Versions/A/Montreal
0x0000000197198000 	/usr/lib/libcmph.dylib
0x00000001963bf000 	/usr/lib/libmecab.dylib
0x0000000197309000 	/usr/lib/libThaiTokenizer.dylib
0x00000002530d6000 	/System/Library/PrivateFrameworks/GenerativeModelsFoundation.framework/Versions/A/GenerativeModelsFoundation
0x000000027c691000 	/System/Library/PrivateFrameworks/TokenGeneration.framework/Versions/A/TokenGeneration
0x0000000252eaa000 	/System/Library/PrivateFrameworks/GenerativeFunctions.framework/Versions/A/GenerativeFunctions
0x0000000252ef8000 	/System/Library/PrivateFrameworks/GenerativeFunctionsFoundation.framework/Versions/A/GenerativeFunctionsFoundation
0x0000000261cdc000 	/System/Library/PrivateFrameworks/ModelCatalog.framework/Versions/A/ModelCatalog
0x000000026eed3000 	/System/Library/PrivateFrameworks/SensitiveContentAnalysisML.framework/Versions/A/SensitiveContentAnalysisML
0x0000000252f8e000 	/System/Library/PrivateFrameworks/GenerativeFunctionsInstrumentation.framework/Versions/A/GenerativeFunctionsInstrumentation
0x000000026bcff000 	/System/Library/PrivateFrameworks/PromptKit.framework/Versions/A/PromptKit
0x000000026b716000 	/System/Library/PrivateFrameworks/ProactiveDaemonSupport.framework/Versions/A/ProactiveDaemonSupport
0x000000027c8c9000 	/System/Library/PrivateFrameworks/TokenGenerationCore.framework/Versions/A/TokenGenerationCore
0x00000001b5c0d000 	/System/Library/PrivateFrameworks/Trial.framework/Versions/A/Trial
0x00000001b5b8e000 	/System/Library/PrivateFrameworks/TrialProto.framework/Versions/A/TrialProto
0x000000023b5b9000 	/System/Library/PrivateFrameworks/AppleFlatBuffers.framework/Versions/A/AppleFlatBuffers
0x000000026f1a3000 	/System/Library/PrivateFrameworks/SentencePieceInternal.framework/Versions/A/SentencePieceInternal
0x00000001a032c000 	/System/Library/Frameworks/Vision.framework/Versions/A/Vision
0x0000000246a12000 	/System/Library/PrivateFrameworks/CoreSceneUnderstanding.framework/Versions/A/CoreSceneUnderstanding
0x000000028150e000 	/System/Library/PrivateFrameworks/VisionCore.framework/Versions/A/VisionCore
0x00000001be4d6000 	/System/Library/Frameworks/Vision.framework/libfaceCore.dylib
0x00000001beff0000 	/System/Library/PrivateFrameworks/Futhark.framework/Versions/A/Futhark
0x00000001c2f35000 	/System/Library/PrivateFrameworks/InertiaCam.framework/Versions/A/InertiaCam
0x00000001bed7d000 	/System/Library/PrivateFrameworks/TextRecognition.framework/Versions/A/TextRecognition
0x00000001988a3000 	/System/Library/PrivateFrameworks/CVNLP.framework/Versions/A/CVNLP
0x00000001db545000 	/System/Library/PrivateFrameworks/HIDDisplay.framework/Versions/A/HIDDisplay
0x0000000199c14000 	/System/Library/Frameworks/ApplicationServices.framework/Versions/A/Frameworks/ATSUI.framework/Versions/A/ATSUI
0x000000019be08000 	/usr/lib/libcups.2.dylib
0x000000019be9e000 	/System/Library/Frameworks/Kerberos.framework/Versions/A/Kerberos
0x000000019bb0f000 	/usr/lib/libresolv.9.dylib
0x0000000198d90000 	/System/Library/PrivateFrameworks/Heimdal.framework/Versions/A/Heimdal
0x00000001a4d80000 	/System/Library/Frameworks/Kerberos.framework/Versions/A/Libraries/libHeimdalProxy.dylib
0x000000019bf02000 	/System/Library/PrivateFrameworks/CommonAuth.framework/Versions/A/CommonAuth
0x00000001adf3b000 	/System/Library/PrivateFrameworks/AXCoreUtilities.framework/Versions/A/AXCoreUtilities
0x000000028ab2c000 	/usr/lib/libAXSafeCategoryBundle.dylib
0x00000002359e7000 	/System/Library/Frameworks/TabularData.framework/Versions/A/TabularData
0x000000023c83b000 	/System/Library/PrivateFrameworks/ArgumentParserInternal.framework/Versions/A/ArgumentParserInternal
0x0000000195eea000 	/System/Library/Frameworks/Accelerate.framework/Versions/A/Frameworks/vecLib.framework/Versions/A/libvDSP.dylib
0x0000000197458000 	/System/Library/Frameworks/Accelerate.framework/Versions/A/Frameworks/vecLib.framework/Versions/A/libLAPACK.dylib
0x0000000196421000 	/System/Library/Frameworks/Accelerate.framework/Versions/A/Frameworks/vecLib.framework/Versions/A/libLinearAlgebra.dylib
0x000000019734f000 	/System/Library/Frameworks/Accelerate.framework/Versions/A/Frameworks/vecLib.framework/Versions/A/libSparseBLAS.dylib
0x0000000197453000 	/System/Library/Frameworks/Accelerate.framework/Versions/A/Frameworks/vecLib.framework/Versions/A/libQuadrature.dylib
0x0000000194e80000 	/System/Library/Frameworks/Accelerate.framework/Versions/A/Frameworks/vecLib.framework/Versions/A/libBNNS.dylib
0x00000001885db000 	/System/Library/Frameworks/Accelerate.framework/Versions/A/Frameworks/vecLib.framework/Versions/A/libSparse.dylib
0x000000019be67000 	/System/Library/PrivateFrameworks/NetAuth.framework/Versions/A/NetAuth
0x0000000191c5b000 	/System/Library/PrivateFrameworks/login.framework/Versions/A/Frameworks/loginsupport.framework/Versions/A/loginsupport
0x0000000196389000 	/usr/lib/libCheckFix.dylib
0x0000000190dfd000 	/System/Library/PrivateFrameworks/MetadataUtilities.framework/Versions/A/MetadataUtilities
0x0000000257046000 	/System/Library/PrivateFrameworks/InstalledContentLibrary.framework/Versions/A/InstalledContentLibrary
0x000000018b548000 	/System/Library/PrivateFrameworks/CoreServicesStore.framework/Versions/A/CoreServicesStore
0x00000001c8a79000 	/System/Library/PrivateFrameworks/MobileSystemServices.framework/Versions/A/MobileSystemServices
0x0000000198728000 	/usr/lib/libxslt.1.dylib
0x0000000196348000 	/System/Library/PrivateFrameworks/BackgroundTaskManagement.framework/Versions/A/BackgroundTaskManagement
0x00000001a4412000 	/usr/lib/libcurl.4.dylib
0x000000028b86a000 	/usr/lib/libcrypto.46.dylib
0x000000028c409000 	/usr/lib/libssl.48.dylib
0x00000001a40ec000 	/System/Library/Frameworks/LDAP.framework/Versions/A/LDAP
0x00000001a4128000 	/System/Library/PrivateFrameworks/TrustEvaluationAgent.framework/Versions/A/TrustEvaluationAgent
0x000000019bb2c000 	/usr/lib/libsasl2.2.dylib
0x00000001b2040000 	/usr/lib/swift/libswiftCoreGraphics.dylib
0x00000001a09c6000 	/usr/lib/swift/libswiftFoundation.dylib
0x00000001ec628000 	/usr/lib/swift/libswiftSwiftOnoneSupport.dylib
0x000000028cab7000 	/usr/lib/swift/libswiftsys_time.dylib
0x00000001d722c000 	/System/Library/PrivateFrameworks/CoreMaterial.framework/Versions/A/CoreMaterial
0x000000028b028000 	/usr/lib/libSpatial.dylib
0x000000028aa48000 	/System/Library/SubFrameworks/UIUtilities.framework/Versions/A/UIUtilities
0x00000001015c4000 	/Library/Java/JavaVirtualMachines/jdk-17.jdk/Contents/Home/lib/server/libjvm.dylib
0x0000000100418000 	/Library/Java/JavaVirtualMachines/jdk-17.jdk/Contents/Home/lib/libjimage.dylib
0x00000001004a0000 	/Library/Java/JavaVirtualMachines/jdk-17.jdk/Contents/Home/lib/libjava.dylib
0x0000000101398000 	/Library/Java/JavaVirtualMachines/jdk-17.jdk/Contents/Home/lib/libnio.dylib
0x00000001013b8000 	/Library/Java/JavaVirtualMachines/jdk-17.jdk/Contents/Home/lib/libnet.dylib
0x0000000101404000 	/Library/Java/JavaVirtualMachines/jdk-17.jdk/Contents/Home/lib/libzip.dylib
0x000000013b788000 	/private/var/folders/qs/1z8n9dmd7zzb94z08tkj426h0000gn/T/opencv_openpnp16443745451846408543/nu/pattern/opencv/osx/ARMv8/libopencv_java490.dylib
0x000000022d6a5000 	/System/Library/Frameworks/OpenCL.framework/Versions/A/OpenCL
0x0000000198e51000 	/System/Library/PrivateFrameworks/login.framework/Versions/A/login
0x00000001acfdf000 	/System/Library/PrivateFrameworks/CloudServices.framework/Versions/A/CloudServices
0x0000000196b5d000 	/System/Library/PrivateFrameworks/AuthKit.framework/Versions/A/AuthKit
0x000000019bb3f000 	/System/Library/PrivateFrameworks/MultiverseSupport.framework/Versions/A/MultiverseSupport
0x00000001a12af000 	/System/Library/PrivateFrameworks/DiskManagement.framework/Versions/A/DiskManagement
0x00000001a11be000 	/System/Library/PrivateFrameworks/AppleIDAuthSupport.framework/Versions/A/AppleIDAuthSupport
0x000000023727f000 	/System/Library/PrivateFrameworks/AAAFoundation.framework/Versions/A/AAAFoundation
0x000000019c047000 	/System/Library/PrivateFrameworks/KeychainCircle.framework/Versions/A/KeychainCircle
0x00000001adf31000 	/System/Library/PrivateFrameworks/URLFormatting.framework/Versions/A/URLFormatting
0x00000001a4406000 	/usr/lib/libcsfde.dylib
0x0000000198a0e000 	/usr/lib/libCoreStorage.dylib
0x000000019da98000 	/System/Library/PrivateFrameworks/ProtectedCloudStorage.framework/Versions/A/ProtectedCloudStorage
0x00000001a4401000 	/System/Library/PrivateFrameworks/EFILogin.framework/Versions/A/EFILogin
0x00000001a15cf000 	/System/Library/PrivateFrameworks/OctagonTrust.framework/Versions/A/OctagonTrust
0x00000001a22ac000 	/System/Library/Frameworks/LocalAuthentication.framework/Versions/A/LocalAuthentication
0x000000025b7b8000 	/System/Library/PrivateFrameworks/LocalAuthenticationCore.framework/Versions/A/LocalAuthenticationCore
0x000000025b980000 	/System/Library/PrivateFrameworks/LocalAuthenticationCredentialServices.framework/Versions/A/LocalAuthenticationCredentialServices
0x00000001a2319000 	/System/Library/Frameworks/LocalAuthentication.framework/Support/SharedUtils.framework/Versions/A/SharedUtils
0x000000011f670000 	/System/Library/Frameworks/CoreMediaIO.framework/Versions/A/Resources/BaseUnits/CMIOBaseUnits.bundle/Contents/MacOS/CMIOBaseUnits
0x000000026a3e0000 	/System/Library/PrivateFrameworks/Portrait.framework/Versions/A/Portrait
0x000000023b350000 	/System/Library/PrivateFrameworks/AppleDepth.framework/Versions/A/AppleDepth
0x000000024a291000 	/System/Library/PrivateFrameworks/FusionTracker.framework/Versions/A/FusionTracker
0x000000023b4cd000 	/System/Library/PrivateFrameworks/AppleDepthCore.framework/Versions/A/AppleDepthCore
0x00000001d6bd2000 	/System/Library/PrivateFrameworks/DiagnosticRequest.framework/Versions/A/DiagnosticRequest
0x00000001014dc000 	/System/Library/Frameworks/CoreMediaIO.framework/Versions/A/Resources/CMIOUnits.bundle/Contents/MacOS/CMIOUnits
0x00000001c8569000 	/System/Library/PrivateFrameworks/FWAVC.framework/Versions/A/FWAVC
0x00000001b3b6d000 	/System/Library/Frameworks/Carbon.framework/Versions/A/Carbon
0x00000001a9a84000 	/System/Library/Frameworks/Carbon.framework/Versions/A/Frameworks/CommonPanels.framework/Versions/A/CommonPanels
0x00000001a43fd000 	/System/Library/Frameworks/Carbon.framework/Versions/A/Frameworks/Help.framework/Versions/A/Help
0x00000001a9a88000 	/System/Library/Frameworks/Carbon.framework/Versions/A/Frameworks/ImageCapture.framework/Versions/A/ImageCapture
0x00000001a9a63000 	/System/Library/Frameworks/Carbon.framework/Versions/A/Frameworks/OpenScripting.framework/Versions/A/OpenScripting
0x00000001a9a83000 	/System/Library/Frameworks/Carbon.framework/Versions/A/Frameworks/Ink.framework/Versions/A/Ink
0x00000001a9a80000 	/System/Library/Frameworks/Carbon.framework/Versions/A/Frameworks/SecurityHI.framework/Versions/A/SecurityHI
0x000000028ae9c000 	/usr/lib/libInterpreterSecurity.dylib
0x00000001ca7f7000 	/System/Library/PrivateFrameworks/XprotectFramework.framework/Versions/A/XprotectFramework
0x00000001ad34b000 	/System/Library/PrivateFrameworks/yara.framework/Versions/A/yara
0x000000028ae19000 	/usr/lib/libEndpointSecuritySystem.dylib
0x000000013f0d4000 	/System/Library/Components/AudioCodecs.component/Contents/MacOS/AudioCodecs
0x000000013e4cc000 	/System/Library/Extensions/AGXMetalG14G.bundle/Contents/MacOS/AGXMetalG14G
0x00000001ad03e000 	/System/Library/PrivateFrameworks/IOGPU.framework/Versions/A/IOGPU
0x000000013a580000 	/Library/Java/JavaVirtualMachines/jdk-17.jdk/Contents/Home/lib/libawt.dylib
0x000000013a750000 	/Library/Java/JavaVirtualMachines/jdk-17.jdk/Contents/Home/lib/libmlib_image.dylib
0x00000002307b0000 	/System/Library/Frameworks/JavaRuntimeSupport.framework/Versions/A/JavaRuntimeSupport
0x000000013b240000 	/Library/Java/JavaVirtualMachines/jdk-17.jdk/Contents/Home/lib/libawt_lwawt.dylib
0x000000012c3a0000 	/Library/Java/JavaVirtualMachines/jdk-17.jdk/Contents/Home/lib/libosxapp.dylib
0x00000001b20a9000 	/System/Library/Frameworks/ExceptionHandling.framework/Versions/A/ExceptionHandling
0x000000013d070000 	/Library/Java/JavaVirtualMachines/jdk-17.jdk/Contents/Home/lib/libfontmanager.dylib
0x000000013b6e8000 	/Library/Java/JavaVirtualMachines/jdk-17.jdk/Contents/Home/lib/libfreetype.dylib
0x000000022db7a000 	/System/Library/Frameworks/AppIntents.framework/Versions/A/AppIntents
0x000000023413f000 	/System/Library/Frameworks/RelevanceKit.framework/Versions/A/RelevanceKit
0x0000000196f35000 	/System/Library/Frameworks/CoreSpotlight.framework/Versions/A/CoreSpotlight
0x000000025b57a000 	/System/Library/PrivateFrameworks/LinkServices.framework/Versions/A/LinkServices
0x00000001a0c8b000 	/System/Library/Frameworks/Contacts.framework/Versions/A/Contacts
0x000000023a204000 	/System/Library/PrivateFrameworks/AppIntentsTypeSupport.framework/Versions/A/AppIntentsTypeSupport
0x0000000248363000 	/System/Library/PrivateFrameworks/DoNotDisturb.framework/Versions/A/DoNotDisturb
0x000000025b3c8000 	/System/Library/PrivateFrameworks/LinkMetadata.framework/Versions/A/LinkMetadata
0x00000001b51c5000 	/usr/lib/swift/libswiftIntents.dylib
0x00000001ba555000 	/System/Library/PrivateFrameworks/IntentsCore.framework/Versions/A/IntentsCore
0x000000023d14b000 	/System/Library/PrivateFrameworks/AvailabilityKit.framework/Versions/A/AvailabilityKit
0x0000000239de7000 	/System/Library/PrivateFrameworks/AppIntentSchemas.framework/Versions/A/AppIntentSchemas
0x000000022fcc7000 	/System/Library/Frameworks/GeoToolbox.framework/Versions/A/GeoToolbox
0x000000024fd01000 	/System/Library/PrivateFrameworks/GRDBInternal.framework/Versions/A/GRDBInternal
0x0000000278420000 	/System/Library/PrivateFrameworks/StatusKit.framework/Versions/A/StatusKit
0x00000001a0aa2000 	/System/Library/PrivateFrameworks/ContactsPersistence.framework/Versions/A/ContactsPersistence
0x000000019fbf6000 	/System/Library/PrivateFrameworks/AppleLDAP.framework/Versions/A/AppleLDAP
0x00000001a47b0000 	/System/Library/Frameworks/ClassKit.framework/Versions/A/ClassKit
0x00000001a6a4d000 	/System/Library/PrivateFrameworks/CoreSuggestions.framework/Versions/A/CoreSuggestions
0x00000001a09c7000 	/System/Library/PrivateFrameworks/ContactsFoundation.framework/Versions/A/ContactsFoundation
0x00000001a21d8000 	/System/Library/PrivateFrameworks/vCard.framework/Versions/A/vCard
0x0000000240d19000 	/System/Library/PrivateFrameworks/ContactsMetrics.framework/Versions/A/ContactsMetrics
0x000000025f9b0000 	/System/Library/PrivateFrameworks/ManagedOrganizationContacts.framework/Versions/A/ManagedOrganizationContacts
0x00000001920f1000 	/System/Library/PrivateFrameworks/CloudDocs.framework/Versions/A/CloudDocs
0x00000001ad8ee000 	/System/Library/PrivateFrameworks/ProactiveEventTracker.framework/Versions/A/ProactiveEventTracker
0x00000001a15a8000 	/System/Library/PrivateFrameworks/GenerationalStorage.framework/Versions/A/GenerationalStorage
0x000000019bff8000 	/System/Library/PrivateFrameworks/CacheDelete.framework/Versions/A/CacheDelete
0x00000001a4ebd000 	/System/Library/Frameworks/QuickLookThumbnailing.framework/Versions/A/QuickLookThumbnailing
0x00000001a13d1000 	/System/Library/Frameworks/FileProvider.framework/Versions/A/FileProvider
0x000000018cfd7000 	/System/Library/PrivateFrameworks/DesktopServicesPriv.framework/Versions/A/DesktopServicesPriv
0x00000001b4c0e000 	/System/Library/PrivateFrameworks/FTServices.framework/Versions/A/FTServices
0x00000001935ab000 	/System/Library/Frameworks/CoreLocation.framework/Versions/A/CoreLocation
0x00000001a353b000 	/System/Library/Frameworks/Intents.framework/Versions/A/Intents
0x00000001bbadb000 	/usr/lib/swift/libswiftCoreLocation.dylib
0x000000019d5b9000 	/System/Library/PrivateFrameworks/Sharing.framework/Versions/A/Sharing
0x000000019cf3d000 	/System/Library/PrivateFrameworks/IDSFoundation.framework/Versions/A/IDSFoundation
0x00000001a3bb6000 	/System/Library/PrivateFrameworks/Apple80211.framework/Versions/A/Apple80211
0x0000000196096000 	/System/Library/Frameworks/CoreWLAN.framework/Versions/A/CoreWLAN
0x000000019b720000 	/System/Library/PrivateFrameworks/IMFoundation.framework/Versions/A/IMFoundation
0x00000001ad34a000 	/System/Library/PrivateFrameworks/Marco.framework/Versions/A/Marco
0x000000018f3a1000 	/System/Library/PrivateFrameworks/CommonUtilities.framework/Versions/A/CommonUtilities
0x00000001a9a4b000 	/System/Library/PrivateFrameworks/Engram.framework/Versions/A/Engram
0x000000028537a000 	/System/Library/PrivateFrameworks/XPCDistributed.framework/Versions/A/XPCDistributed
0x00000001a99e9000 	/usr/lib/libtidy.A.dylib
0x00000001990a4000 	/System/Library/PrivateFrameworks/Bom.framework/Versions/A/Bom
0x000000019bb4c000 	/usr/lib/libParallelCompression.dylib
0x000000019cd17000 	/System/Library/PrivateFrameworks/IDS.framework/Versions/A/IDS
0x000000023caf6000 	/System/Library/PrivateFrameworks/AsyncAlgorithmsInternal.framework/Versions/A/AsyncAlgorithmsInternal
0x00000001c3bca000 	/System/Library/PrivateFrameworks/FTAWD.framework/Versions/A/FTAWD
0x00000001a4e45000 	/System/Library/PrivateFrameworks/IntentsFoundation.framework/Versions/A/IntentsFoundation
0x0000000191c5e000 	/System/Library/PrivateFrameworks/ApplePushService.framework/Versions/A/ApplePushService
0x0000000191cc9000 	/System/Library/Frameworks/CloudKit.framework/Versions/A/CloudKit
0x00000001cbc04000 	/System/Library/PrivateFrameworks/DeviceIdentity.framework/Versions/A/DeviceIdentity
0x00000002345c9000 	/System/Library/Frameworks/SharedWithYouCore.framework/Versions/A/SharedWithYouCore
0x00000002401a7000 	/System/Library/PrivateFrameworks/CloudTelemetry.framework/Versions/A/CloudTelemetry
0x00000001a4878000 	/System/Library/PrivateFrameworks/AppleAccount.framework/Versions/A/AppleAccount
0x00000001a4e60000 	/System/Library/PrivateFrameworks/C2.framework/Versions/A/C2
0x000000023fdfb000 	/System/Library/PrivateFrameworks/CloudCoreInternal.framework/Versions/A/CloudCoreInternal
0x000000023fb62000 	/System/Library/PrivateFrameworks/CloudAsset.framework/Versions/A/CloudAsset
0x00000001a4e56000 	/System/Library/Frameworks/PushKit.framework/Versions/A/PushKit
0x00000002401cc000 	/System/Library/PrivateFrameworks/CloudTelemetryTools.framework/Versions/A/CloudTelemetryTools
0x00000002401bd000 	/System/Library/PrivateFrameworks/CloudTelemetryShared.dylib
0x00000001a6d24000 	/System/Library/PrivateFrameworks/RTCReporting.framework/Versions/A/RTCReporting
0x00000002372a2000 	/System/Library/PrivateFrameworks/AAAFoundationSwift.framework/Versions/A/AAAFoundationSwift
0x00000001a4afe000 	/System/Library/PrivateFrameworks/AppleIDSSOAuthentication.framework/Versions/A/AppleIDSSOAuthentication
0x00000001918f8000 	/System/Library/PrivateFrameworks/ViewBridge.framework/Versions/A/ViewBridge
0x000000013cecc000 	/usr/lib/libobjc-trampolines.dylib
0x00000001bf0f0000 	/System/Library/CoreServices/RawCamera.bundle/Contents/MacOS/RawCamera
0x00000001bbac0000 	/System/Library/Frameworks/Accelerate.framework/Versions/A/Frameworks/vImage.framework/Versions/A/Libraries/libCGInterfaces.dylib
0x0000000236855000 	/System/Library/Frameworks/_AppIntents_AppKit.framework/Versions/A/_AppIntents_AppKit
0x000000028ab30000 	/usr/lib/libAccessibilityBaseImplementations.dylib
0x0000000284e79000 	/System/Library/PrivateFrameworks/WritingToolsUI.framework/Versions/A/WritingToolsUI
0x0000000252cc5000 	/System/Library/PrivateFrameworks/GenerativeAssistantSettings.framework/Versions/A/GenerativeAssistantSettings
0x000000027a197000 	/System/Library/PrivateFrameworks/TextComposer.framework/Versions/A/TextComposer
0x0000000252c98000 	/System/Library/PrivateFrameworks/GenerativeAssistantCommon.framework/Versions/A/GenerativeAssistantCommon
0x00000001bcbd7000 	/System/Library/Frameworks/SwiftUI.framework/Versions/A/SwiftUI
0x0000000239b04000 	/System/Library/PrivateFrameworks/Anvil.framework/Versions/A/Anvil
0x000000025314c000 	/System/Library/PrivateFrameworks/GenerativePartnerService.framework/Versions/A/GenerativePartnerService
0x0000000253177000 	/System/Library/PrivateFrameworks/GenerativePartnerServiceUI.framework/Versions/A/GenerativePartnerServiceUI
0x00000001b4dba000 	/System/Library/Frameworks/SafariServices.framework/Versions/A/SafariServices
0x00000001b2139000 	/System/Library/Frameworks/WebKit.framework/Versions/A/WebKit
0x0000000236894000 	/System/Library/Frameworks/_AuthenticationServices_SwiftUI.framework/Versions/A/_AuthenticationServices_SwiftUI
0x00000001bc155000 	/System/Library/PrivateFrameworks/AppStoreDaemon.framework/Versions/A/AppStoreDaemon
0x00000001a73d3000 	/System/Library/PrivateFrameworks/AppleMediaServices.framework/Versions/A/AppleMediaServices
0x00000001b8361000 	/System/Library/PrivateFrameworks/AppleMediaServicesUI.framework/Versions/A/AppleMediaServicesUI
0x00000001ebb82000 	/System/Library/PrivateFrameworks/JetEngine.framework/Versions/A/JetEngine
0x00000001b5a9e000 	/System/Library/PrivateFrameworks/OnBoardingKit.framework/Versions/A/OnBoardingKit
0x000000026f4e4000 	/System/Library/PrivateFrameworks/Settings.framework/Versions/A/Settings
0x000000022f549000 	/System/Library/Frameworks/ExtensionKit.framework/Versions/A/ExtensionKit
0x000000022f58c000 	/System/Library/Frameworks/FSKit.framework/Versions/A/FSKit
0x000000027a073000 	/System/Library/PrivateFrameworks/TextAnimationSupport.framework/Versions/A/TextAnimationSupport
0x000000026c5c5000 	/System/Library/PrivateFrameworks/RecapPerformanceTesting.framework/Versions/A/RecapPerformanceTesting
0x00000001b5a8e000 	/System/Library/PrivateFrameworks/SignpostCollection.framework/Versions/A/SignpostCollection
0x00000001a6d55000 	/System/Library/Frameworks/WebKit.framework/Versions/A/Frameworks/WebKitLegacy.framework/Versions/A/WebKitLegacy
0x00000001a4b4f000 	/System/Library/PrivateFrameworks/CorePrediction.framework/Versions/A/CorePrediction
0x0000000192a00000 	/System/Library/Frameworks/WebKit.framework/Versions/A/Frameworks/WebCore.framework/Versions/A/Frameworks/libwebrtc.dylib
0x000000019bbb4000 	/System/Library/Frameworks/SecurityInterface.framework/Versions/A/SecurityInterface
0x00000001b5a9d000 	/System/Library/PrivateFrameworks/WebInspectorUI.framework/Versions/A/WebInspectorUI
0x00000001ae07e000 	/System/Library/Frameworks/WebKit.framework/Versions/A/Frameworks/WebCore.framework/Versions/A/WebCore
0x000000023640b000 	/System/Library/Frameworks/WebKit.framework/Versions/A/Frameworks/WebCore.framework/Versions/A/Frameworks/libANGLE-shared.dylib
0x00000002836c4000 	/System/Library/PrivateFrameworks/WebGPU.framework/Versions/A/WebGPU
0x00000001b4bef000 	/System/Library/PrivateFrameworks/CoreOptimization.framework/Versions/A/CoreOptimization
0x000000023cff8000 	/System/Library/PrivateFrameworks/AuthenticationServicesCore.framework/Versions/A/AuthenticationServicesCore
0x00000001bf588000 	/System/Library/Frameworks/AuthenticationServices.framework/Versions/A/AuthenticationServices
0x00000001989a1000 	/System/Library/PrivateFrameworks/SharedWebCredentials.framework/Versions/A/SharedWebCredentials
0x00000001b6968000 	/System/Library/PrivateFrameworks/SafariCore.framework/Versions/A/SafariCore
0x00000001bf099000 	/System/Library/PrivateFrameworks/SafariFoundation.framework/Versions/A/SafariFoundation
0x000000023e34e000 	/System/Library/PrivateFrameworks/CBORLibrary.framework/Versions/A/CBORLibrary
0x000000023f3fe000 	/System/Library/PrivateFrameworks/Chirp.framework/Versions/A/Chirp
0x000000024006a000 	/System/Library/PrivateFrameworks/CloudSubscriptionFeatures.framework/Versions/A/CloudSubscriptionFeatures
0x000000022a3d9000 	/System/Library/PrivateFrameworks/RemoteManagement.framework/Versions/A/RemoteManagement
0x000000026c9b4000 	/System/Library/PrivateFrameworks/RemoteManagementModel.framework/Versions/A/RemoteManagementModel
0x000000026ca45000 	/System/Library/PrivateFrameworks/RemoteManagementStore.framework/Versions/A/RemoteManagementStore
0x000000019dbb7000 	/usr/lib/libxcselect.dylib
0x00000001bf008000 	/System/Library/PrivateFrameworks/DifferentialPrivacy.framework/Versions/A/DifferentialPrivacy
0x000000025f9b6000 	/System/Library/PrivateFrameworks/ManagedSettingsObjC.framework/Versions/A/ManagedSettingsObjC
0x00000001a5f2b000 	/System/Library/PrivateFrameworks/ConfigurationProfiles.framework/Versions/A/ConfigurationProfiles
0x000000025ba0a000 	/System/Library/PrivateFrameworks/LockdownMode.framework/Versions/A/LockdownMode
0x000000027f53f000 	/System/Library/PrivateFrameworks/VDAF.framework/Versions/A/VDAF
0x00000001a02eb000 	/System/Library/PrivateFrameworks/SystemAdministration.framework/Versions/A/SystemAdministration
0x00000001ab56b000 	/System/Library/PrivateFrameworks/PowerlogControl.framework/Versions/A/PowerlogControl
0x00000001ab56d000 	/usr/lib/libUniversalAccess.dylib
0x00000001a7ea3000 	/System/Library/PrivateFrameworks/FamilyControls.framework/Versions/A/FamilyControls
0x000000019fbca000 	/System/Library/Frameworks/DirectoryService.framework/Versions/A/DirectoryService
0x00000001a4493000 	/System/Library/PrivateFrameworks/LoginUIKit.framework/Versions/A/Frameworks/LoginUICore.framework/Versions/A/LoginUICore
0x00000001990a2000 	/usr/lib/libodfde.dylib
0x00000001a7e9d000 	/System/Library/PrivateFrameworks/UniversalAccess.framework/Versions/A/Libraries/libUAPreferences.dylib
0x00000001a7ec5000 	/System/Library/PrivateFrameworks/CommerceKit.framework/Versions/A/Frameworks/CommerceCore.framework/Versions/A/CommerceCore
0x000000019bbee000 	/System/Library/PrivateFrameworks/CoreFollowUp.framework/Versions/A/CoreFollowUp
0x0000000247401000 	/System/Library/PrivateFrameworks/DMCUtilities.framework/Versions/A/DMCUtilities
0x000000025ba99000 	/System/Library/PrivateFrameworks/MDMClientLibrary.framework/Versions/A/MDMClientLibrary
0x000000026ca39000 	/System/Library/PrivateFrameworks/RemoteManagementProtocol.framework/Versions/A/RemoteManagementProtocol
0x0000000247362000 	/System/Library/PrivateFrameworks/DEPClientLibrary.framework/Versions/A/DEPClientLibrary
0x000000024738f000 	/System/Library/PrivateFrameworks/DMCEnrollmentLibrary.framework/Versions/A/DMCEnrollmentLibrary
0x00000001ab653000 	/System/Library/PrivateFrameworks/SetupAssistantFramework.framework/Versions/A/SetupAssistantFramework
0x00000001a4ba5000 	/System/Library/PrivateFrameworks/AuthKitUI.framework/Versions/A/AuthKitUI
0x00000001a44dd000 	/System/Library/PrivateFrameworks/AppSSO.framework/Versions/A/AppSSO
0x00000001bbea8000 	/System/Library/PrivateFrameworks/LocalAuthenticationUI.framework/Versions/A/LocalAuthenticationUI
0x0000000269f50000 	/System/Library/PrivateFrameworks/PlatformSSO.framework/Versions/A/PlatformSSO
0x000000026a03e000 	/System/Library/PrivateFrameworks/PlatformSSOCore.framework/Versions/A/PlatformSSOCore
0x0000000230840000 	/System/Library/Frameworks/LocalAuthenticationEmbeddedUI.framework/Versions/A/LocalAuthenticationEmbeddedUI
0x00000001bc9a1000 	/System/Library/PrivateFrameworks/AOSUI.framework/Versions/A/AOSUI
0x00000001ad6af000 	/System/Library/Frameworks/ContactsUI.framework/Versions/A/ContactsUI
0x00000001a0f4a000 	/System/Library/PrivateFrameworks/FamilyCircle.framework/Versions/A/FamilyCircle
0x00000001cac06000 	/System/Library/Frameworks/LinkPresentation.framework/Versions/A/LinkPresentation
0x00000001ad22f000 	/System/Library/PrivateFrameworks/IASUtilities.framework/Versions/A/IASUtilities
0x0000000256489000 	/System/Library/PrivateFrameworks/IASUtilitiesCore.framework/Versions/A/IASUtilitiesCore
0x000000026caae000 	/System/Library/PrivateFrameworks/RemoteUI.framework/Versions/A/RemoteUI
0x000000025ad1d000 	/System/Library/PrivateFrameworks/LiftUI.framework/Versions/A/LiftUI
0x000000028549f000 	/System/Library/PrivateFrameworks/_IconServices_SwiftUI.framework/Versions/A/_IconServices_SwiftUI
0x000000023ffa0000 	/System/Library/PrivateFrameworks/CloudSettings.framework/Versions/A/CloudSettings
0x00000001a6b20000 	/System/Library/Frameworks/EventKit.framework/Versions/A/EventKit
0x00000001b5cb7000 	/System/Library/PrivateFrameworks/SearchFoundation.framework/Versions/A/SearchFoundation
0x00000001ccd6f000 	/System/Library/PrivateFrameworks/Email.framework/Versions/A/Email
0x00000001b47fe000 	/System/Library/PrivateFrameworks/CoreRoutine.framework/Versions/A/CoreRoutine
0x00000001ec91c000 	/System/Library/PrivateFrameworks/VoiceShortcutClient.framework/Versions/A/VoiceShortcutClient
0x00000001c47ae000 	/System/Library/PrivateFrameworks/Categories.framework/Versions/A/Categories
0x00000001bc845000 	/System/Library/PrivateFrameworks/ChronoServices.framework/Versions/A/ChronoServices
0x000000023ee35000 	/System/Library/PrivateFrameworks/CalendarDatabase.framework/Versions/A/CalendarDatabase
0x000000023ed76000 	/System/Library/PrivateFrameworks/CalendarDaemon.framework/Versions/A/CalendarDaemon
0x00000001a5e79000 	/System/Library/PrivateFrameworks/CalendarFoundation.framework/Versions/A/CalendarFoundation
0x00000001a5e34000 	/System/Library/PrivateFrameworks/iCalendar.framework/Versions/A/iCalendar
0x0000000247606000 	/System/Library/PrivateFrameworks/DataAccessExpress.framework/Versions/A/DataAccessExpress
0x00000001ad817000 	/System/Library/PrivateFrameworks/ContactsAutocomplete.framework/Versions/A/ContactsAutocomplete
0x00000001bc791000 	/System/Library/PrivateFrameworks/FTClientServices.framework/Versions/A/FTClientServices
0x0000000278aaa000 	/System/Library/PrivateFrameworks/StorageContainersPrivate.framework/Versions/A/StorageContainersPrivate
0x000000028c741000 	/usr/lib/swift/libswiftCoreMediaIO.dylib
0x00000001ad0b0000 	/System/Library/PrivateFrameworks/CoreDAV.framework/Versions/A/CoreDAV
0x00000001a69ea000 	/System/Library/PrivateFrameworks/CalDAV.framework/Versions/A/CalDAV
0x00000001b1d8e000 	/System/Library/PrivateFrameworks/TelephonyUtilities.framework/Versions/A/TelephonyUtilities
0x00000002307fc000 	/System/Library/Frameworks/LiveCommunicationKit.framework/Versions/A/LiveCommunicationKit
0x00000002408c5000 	/System/Library/PrivateFrameworks/CommunicationTrust.framework/Versions/A/CommunicationTrust
0x00000001b6777000 	/System/Library/Frameworks/CallKit.framework/Versions/A/CallKit
0x00000001a0f43000 	/System/Library/PrivateFrameworks/CommunicationsFilter.framework/Versions/A/CommunicationsFilter
0x00000001e154e000 	/System/Library/PrivateFrameworks/IMTransferServices.framework/Versions/A/IMTransferServices
0x00000001b4c08000 	/System/Library/PrivateFrameworks/IncomingCallFilter.framework/Versions/A/IncomingCallFilter
0x0000000264d07000 	/System/Library/PrivateFrameworks/NeighborhoodActivityConduit.framework/Versions/A/NeighborhoodActivityConduit
0x00000001b8d2a000 	/System/Library/PrivateFrameworks/CallHistory.framework/Versions/A/CallHistory
0x000000028aca9000 	/usr/lib/libBASupport.dylib
0x000000023f27c000 	/System/Library/PrivateFrameworks/CallsUtilities.framework/Versions/A/CallsUtilities
0x000000023f288000 	/System/Library/PrivateFrameworks/CallsXPC.framework/Versions/A/CallsXPC
0x000000022a544000 	/usr/lib/swift/libswiftCallKit.dylib
0x000000023f26e000 	/System/Library/PrivateFrameworks/CallsPersistence.framework/Versions/A/CallsPersistence
0x0000000234417000 	/System/Library/Frameworks/SensitiveContentAnalysis.framework/Versions/A/SensitiveContentAnalysis
0x00000001b9da9000 	/System/Library/PrivateFrameworks/PeopleSuggester.framework/Versions/A/PeopleSuggester
0x00000001c3522000 	/System/Library/PrivateFrameworks/SpotlightReceiver.framework/Versions/A/SpotlightReceiver
0x000000028545f000 	/System/Library/PrivateFrameworks/_AppIntentsServices_AppIntents.framework/Versions/A/_AppIntentsServices_AppIntents
0x0000000239f69000 	/System/Library/PrivateFrameworks/AppIntentsServices.framework/Versions/A/AppIntentsServices
0x00000001a5e1d000 	/System/Library/PrivateFrameworks/CoreRecents.framework/Versions/A/CoreRecents
0x0000000236917000 	/System/Library/Frameworks/_GeoToolbox_AppIntents.framework/Versions/A/_GeoToolbox_AppIntents
0x000000026c676000 	/System/Library/PrivateFrameworks/RegulatoryDomain.framework/Versions/A/RegulatoryDomain
0x000000019ffdd000 	/usr/lib/libCTGreenTeaLogger.dylib
0x000000025b9dd000 	/System/Library/PrivateFrameworks/LocalStatusKit.framework/Versions/A/LocalStatusKit
0x00000001b1c75000 	/System/Library/PrivateFrameworks/CoreParsec.framework/Versions/A/CoreParsec
0x00000001ccd63000 	/System/Library/PrivateFrameworks/EmailAddressing.framework/Versions/A/EmailAddressing
0x00000001c8b3f000 	/System/Library/PrivateFrameworks/EmailCore.framework/Versions/A/EmailCore
0x00000001c9c33000 	/System/Library/PrivateFrameworks/EmailFoundation.framework/Versions/A/EmailFoundation
0x0000000267825000 	/System/Library/PrivateFrameworks/PegasusAPI.framework/Versions/A/PegasusAPI
0x00000002685e1000 	/System/Library/PrivateFrameworks/PegasusConfiguration.framework/Versions/A/PegasusConfiguration
0x000000027cca7000 	/System/Library/PrivateFrameworks/ToolKit.framework/Versions/A/ToolKit
0x000000026ce68000 	/System/Library/PrivateFrameworks/ReplicatorEngine.framework/Versions/A/ReplicatorEngine
0x000000026d023000 	/System/Library/PrivateFrameworks/ReplicatorServices.framework/Versions/A/ReplicatorServices
0x0000000279936000 	/System/Library/PrivateFrameworks/SystemWake.framework/Versions/A/SystemWake
0x00000001b694e000 	/System/Library/PrivateFrameworks/ContextKit.framework/Versions/A/ContextKit
0x0000000240e63000 	/System/Library/PrivateFrameworks/ContextKitCore.framework/Versions/A/ContextKitCore
0x00000001b4eaf000 	/System/Library/Frameworks/LocalAuthentication.framework/Support/DaemonUtils.framework/Versions/A/DaemonUtils
0x000000025b93f000 	/System/Library/PrivateFrameworks/LocalAuthenticationCoreUI.framework/Versions/A/LocalAuthenticationCoreUI
0x00000001b8327000 	/System/Library/PrivateFrameworks/BridgeXPC.framework/Versions/A/BridgeXPC
0x00000001b5b7e000 	/System/Library/PrivateFrameworks/CoreKDL.framework/Versions/A/CoreKDL
0x00000001b4192000 	/System/Library/PrivateFrameworks/EmbeddedOSSupportHost.framework/Versions/A/EmbeddedOSSupportHost
0x00000001a8a05000 	/System/Library/PrivateFrameworks/LoginUIKit.framework/Versions/A/LoginUIKit
0x00000001c4cae000 	/System/Library/PrivateFrameworks/StorageKit.framework/Versions/A/StorageKit
0x000000022bd2e000 	/System/Library/Frameworks/DeviceCheck.framework/Versions/A/DeviceCheck
0x000000024800e000 	/System/Library/PrivateFrameworks/DiskImages2.framework/Versions/A/DiskImages2
0x00000001c4d28000 	/System/Library/PrivateFrameworks/CoreWLANKit.framework/Versions/A/CoreWLANKit
0x0000000282a1a000 	/System/Library/PrivateFrameworks/Wallpaper.framework/Versions/A/Wallpaper
0x00000001cdcec000 	/System/Library/PrivateFrameworks/DynamicDesktop.framework/Versions/A/DynamicDesktop
0x0000000282bad000 	/System/Library/PrivateFrameworks/WallpaperFoundation.framework/Versions/A/WallpaperFoundation
0x0000000282c0c000 	/System/Library/PrivateFrameworks/WallpaperTypes.framework/Versions/A/WallpaperTypes
0x00000001e334c000 	/System/Library/PrivateFrameworks/SystemDesktopAppearance.framework/Versions/A/SystemDesktopAppearance
0x0000000288570000 	/System/Library/PrivateFrameworks/icloudMCCKit.framework/Versions/A/icloudMCCKit
0x000000023b2b4000 	/System/Library/PrivateFrameworks/AppleAccountUI.framework/Versions/A/AppleAccountUI
0x00000001d71f8000 	/System/Library/PrivateFrameworks/PreferencePanesSupport.framework/Versions/A/PreferencePanesSupport
0x00000001bcb4f000 	/System/Library/PrivateFrameworks/FindMyDeviceUI.framework/Versions/A/FindMyDeviceUI
0x0000000286147000 	/System/Library/PrivateFrameworks/iCloudQuotaUI.framework/Versions/A/iCloudQuotaUI
0x00000001d73a9000 	/System/Library/PrivateFrameworks/CoreCDPUI.framework/Versions/A/CoreCDPUI
0x00000001b66a7000 	/System/Library/PrivateFrameworks/CoreFollowUpUI.framework/Versions/A/CoreFollowUpUI
0x00000001c37a6000 	/System/Library/PrivateFrameworks/IMCore.framework/Versions/A/IMCore
0x00000001ab5d3000 	/System/Library/PrivateFrameworks/CoreCDP.framework/Versions/A/CoreCDP
0x00000001a73be000 	/System/Library/PrivateFrameworks/AskPermission.framework/Versions/A/AskPermission
0x00000001ba4c9000 	/System/Library/Frameworks/Quartz.framework/Versions/A/Quartz
0x00000001c7214000 	/System/Library/PrivateFrameworks/CloudPhotoServicesConfiguration.framework/Versions/A/CloudPhotoServicesConfiguration
0x00000001b8b4a000 	/System/Library/PrivateFrameworks/CommerceKit.framework/Versions/A/CommerceKit
0x00000001c8c11000 	/System/Library/PrivateFrameworks/FindMyMac.framework/Versions/A/FindMyMac
0x00000001c8ae1000 	/System/Library/Frameworks/PreferencePanes.framework/Versions/A/PreferencePanes
0x00000001bbf96000 	/System/Library/Frameworks/AddressBook.framework/Versions/A/AddressBook
0x00000001a6250000 	/System/Library/PrivateFrameworks/AOSAccounts.framework/Versions/A/AOSAccounts
0x00000001a02e5000 	/System/Library/PrivateFrameworks/AppleSRP.framework/Versions/A/AppleSRP
0x00000001a4d90000 	/System/Library/PrivateFrameworks/NetFSServer.framework/Versions/A/NetFSServer
0x00000001b78b3000 	/System/Library/Frameworks/PDFKit.framework/Versions/A/PDFKit
0x000000028c780000 	/usr/lib/swift/libswiftPassKit.dylib
0x00000001db480000 	/System/Library/Frameworks/PassKit.framework/Versions/A/PassKit
0x00000001a8b14000 	/System/Library/PrivateFrameworks/PassKitCore.framework/Versions/A/PassKitCore
0x000000026713e000 	/System/Library/PrivateFrameworks/PassKitMacHelperTemp.framework/Versions/A/PassKitMacHelperTemp
0x000000028ac04000 	/usr/lib/libAppleSSE.dylib
0x00000001b4ef7000 	/System/Library/PrivateFrameworks/BiometricKit.framework/Versions/A/BiometricKit
0x000000026d681000 	/System/Library/PrivateFrameworks/SEService.framework/Versions/A/SEService
0x000000022f656000 	/System/Library/Frameworks/FinanceKit.framework/Versions/A/FinanceKit
0x00000001ba575000 	/System/Library/PrivateFrameworks/NearField.framework/Versions/A/NearField
0x000000026d5f8000 	/System/Library/PrivateFrameworks/SESShared.framework/Versions/A/SESShared
0x000000026d903000 	/System/Library/PrivateFrameworks/STSXPCHelperClient.framework/Versions/A/STSXPCHelperClient
0x00000001bc3b0000 	/usr/lib/libnfshared.dylib
0x00000002796b5000 	/System/Library/PrivateFrameworks/Symptoms.framework/Versions/A/Frameworks/SymptomPresentationFeed.framework/Versions/A/SymptomPresentationFeed
0x000000023bd8d000 	/System/Library/PrivateFrameworks/AppleMediaServicesKitInternal.framework/Versions/A/AppleMediaServicesKitInternal
0x00000002793f0000 	/System/Library/PrivateFrameworks/SymptomShared.framework/Versions/A/SymptomShared
0x00000001de3d2000 	/System/Library/PrivateFrameworks/PassKitUIFoundation.framework/Versions/A/PassKitUIFoundation
0x000000019fc08000 	/System/Library/Frameworks/MapKit.framework/Versions/A/MapKit
0x000000025321b000 	/System/Library/PrivateFrameworks/GeoAnalytics.framework/Versions/A/GeoAnalytics
0x00000001bc3df000 	/System/Library/PrivateFrameworks/Navigation.framework/Versions/A/Navigation
0x00000001c6295000 	/System/Library/PrivateFrameworks/VectorKit.framework/Versions/A/VectorKit
0x00000001ad2f8000 	/System/Library/PrivateFrameworks/VirtualGarage.framework/Versions/A/VirtualGarage
0x00000001bc5dc000 	/System/Library/Frameworks/ExternalAccessory.framework/ExternalAccessory
0x00000001bc5f7000 	/System/Library/PrivateFrameworks/IAP.framework/Versions/A/IAP
0x000000019feca000 	/System/Library/PrivateFrameworks/IOPlatformPluginFamily.framework/Versions/A/IOPlatformPluginFamily
0x000000023d14e000 	/System/Library/PrivateFrameworks/AvatarKit.framework/Versions/A/AvatarKit
0x000000023d20d000 	/System/Library/PrivateFrameworks/AvatarPersistence.framework/Versions/A/AvatarPersistence
0x0000000235d84000 	/System/Library/Frameworks/TipKit.framework/Versions/A/TipKit
0x00000001a85c5000 	/System/Library/PrivateFrameworks/IMSharedUtilities.framework/Versions/A/IMSharedUtilities
0x000000028c721000 	/usr/lib/swift/libswiftAppleArchive.dylib
0x000000023d20c000 	/System/Library/PrivateFrameworks/AvatarKitContent.framework/Versions/A/AvatarKitContent
0x00000001ad42e000 	/System/Library/PrivateFrameworks/ContactsUICore.framework/Versions/A/ContactsUICore
0x00000001b4d23000 	/System/Library/PrivateFrameworks/ContactsDonation.framework/Versions/A/ContactsDonation
0x00000001b45cf000 	/System/Library/PrivateFrameworks/DataDetectors.framework/Versions/A/DataDetectors
0x00000001a69d6000 	/System/Library/Frameworks/MediaLibrary.framework/Versions/A/MediaLibrary
0x00000001a0f32000 	/System/Library/PrivateFrameworks/PersonaKit.framework/Versions/A/PersonaKit
0x00000001ad41b000 	/System/Library/PrivateFrameworks/PersonaUI.framework/Versions/A/PersonaUI
0x00000001c84f6000 	/System/Library/PrivateFrameworks/Transparency.framework/Versions/A/Transparency
0x0000000249b6c000 	/System/Library/PrivateFrameworks/FindMyLocate.framework/Versions/A/FindMyLocate
0x00000001b6624000 	/System/Library/PrivateFrameworks/IntlPreferences.framework/Versions/A/IntlPreferences
0x0000000246d0e000 	/System/Library/PrivateFrameworks/CoreTransparency.framework/Versions/A/CoreTransparency
0x0000000249a40000 	/System/Library/PrivateFrameworks/FindMyCommon.framework/Versions/A/FindMyCommon
0x0000000249813000 	/System/Library/PrivateFrameworks/FindMyBase.framework/Versions/A/FindMyBase
0x0000000233042000 	/System/Library/Frameworks/NearbyInteraction.framework/Versions/A/NearbyInteraction
0x00000001a0b21000 	/System/Library/PrivateFrameworks/AddressBookCore.framework/Versions/A/AddressBookCore
0x00000001bc133000 	/System/Library/PrivateFrameworks/ToneKit.framework/Versions/A/ToneKit
0x00000001b666b000 	/System/Library/PrivateFrameworks/ToneLibrary.framework/Versions/A/ToneLibrary
0x0000000240ce5000 	/System/Library/PrivateFrameworks/ContactsAccounts.framework/Versions/A/ContactsAccounts
0x00000001ba3e0000 	/System/Library/PrivateFrameworks/Lookup.framework/Versions/A/Lookup
0x0000000233963000 	/System/Library/Frameworks/QuickLookUI.framework/Versions/A/QuickLookUI
0x0000000234390000 	/System/Library/Frameworks/ScreenCaptureKit.framework/Versions/A/ScreenCaptureKit
0x00000001b73d2000 	/System/Library/Frameworks/Quartz.framework/Versions/A/Frameworks/QuartzComposer.framework/Versions/A/QuartzComposer
0x00000001b65fb000 	/System/Library/Frameworks/Quartz.framework/Versions/A/Frameworks/QuartzFilters.framework/Versions/A/QuartzFilters
0x00000001b5682000 	/System/Library/Frameworks/Quartz.framework/Versions/A/Frameworks/ImageKit.framework/Versions/A/ImageKit
0x00000001b3b6c000 	/System/Library/PrivateFrameworks/CorePDF.framework/Versions/A/CorePDF
0x000000019db31000 	/System/Library/Frameworks/QuickLook.framework/Versions/A/QuickLook
0x00000001a8a00000 	/System/Library/PrivateFrameworks/DisplayServices.framework/Versions/A/DisplayServices
0x00000001b657f000 	/System/Library/Frameworks/ImageCaptureCore.framework/Versions/A/ImageCaptureCore
0x000000028155b000 	/System/Library/PrivateFrameworks/VisionKitCore.framework/Versions/A/VisionKitCore
0x00000001b1c45000 	/System/Library/PrivateFrameworks/QuickLookSupport.framework/Versions/A/QuickLookSupport
0x00000002602c0000 	/System/Library/PrivateFrameworks/MediaAnalysisServices.framework/Versions/A/MediaAnalysisServices
0x00000001b9367000 	/System/Library/PrivateFrameworks/PhotoLibraryServices.framework/Versions/A/PhotoLibraryServices
0x00000001b6190000 	/System/Library/Frameworks/Photos.framework/Versions/A/Photos
0x00000001cb006000 	/System/Library/PrivateFrameworks/PhotosFormats.framework/Versions/A/PhotosFormats
0x0000000280694000 	/System/Library/PrivateFrameworks/VectorSearch.framework/Versions/A/VectorSearch
0x00000001c7240000 	/System/Library/PrivateFrameworks/CloudPhotoLibrary.framework/Versions/A/CloudPhotoLibrary
0x00000001d0aa7000 	/System/Library/PrivateFrameworks/CloudPhotoServices.framework/Versions/A/CloudPhotoServices
0x00000001ccee6000 	/System/Library/PrivateFrameworks/CoreMediaStream.framework/Versions/A/CoreMediaStream
0x00000001a1601000 	/System/Library/PrivateFrameworks/CPAnalytics.framework/Versions/A/CPAnalytics
0x00000001c926d000 	/System/Library/PrivateFrameworks/MediaConversionService.framework/Versions/A/MediaConversionService
0x00000001a85b1000 	/System/Library/PrivateFrameworks/PhotoFoundation.framework/Versions/A/PhotoFoundation
0x0000000268c10000 	/System/Library/PrivateFrameworks/PhotoLibraryServicesCore.framework/Versions/A/PhotoLibraryServicesCore
0x00000001c2e89000 	/System/Library/PrivateFrameworks/MMCS.framework/Versions/A/MMCS
0x00000001a6831000 	/System/Library/PrivateFrameworks/ChunkingLibrary.framework/Versions/A/ChunkingLibrary
0x00000001a02b2000 	/System/Library/PrivateFrameworks/AssetCacheServices.framework/Versions/A/AssetCacheServices
0x00000001a2327000 	/System/Library/PrivateFrameworks/AVFoundationCF.framework/Versions/A/AVFoundationCF
0x00000001e1445000 	/usr/lib/swift/libswiftDemangle.dylib
0x0000000256678000 	/System/Library/PrivateFrameworks/ImageCaptureDevices.framework/Versions/A/ImageCaptureDevices
0x00000001b4894000 	/System/Library/PrivateFrameworks/MediaStream.framework/Versions/A/MediaStream
0x00000001c975b000 	/System/Library/PrivateFrameworks/NeutrinoCore.framework/Versions/A/NeutrinoCore
0x000000018ec2d000 	/System/Library/PrivateFrameworks/NLP.framework/Versions/A/NLP
0x00000001cf7fc000 	/System/Library/PrivateFrameworks/PhotoImaging.framework/Versions/A/PhotoImaging
0x00000001d0a68000 	/System/Library/PrivateFrameworks/PhotosImagingFoundation.framework/Versions/A/PhotosImagingFoundation
0x00000002697bb000 	/System/Library/PrivateFrameworks/PhotosIntelligenceCore.framework/Versions/A/PhotosIntelligenceCore
0x00000001a281e000 	/System/Library/PrivateFrameworks/EmbeddedAcousticRecognition.framework/Versions/A/EmbeddedAcousticRecognition
0x00000001be367000 	/System/Library/PrivateFrameworks/EmojiFoundation.framework/Versions/A/EmojiFoundation
0x00000001c74ba000 	/System/Library/PrivateFrameworks/SDAPI.framework/Versions/A/SDAPI
0x000000025a3e4000 	/System/Library/PrivateFrameworks/IsolatedContextLogging.framework/Versions/A/IsolatedContextLogging
0x00000001d0ab6000 	/System/Library/PrivateFrameworks/AutoLoop.framework/Versions/A/AutoLoop
0x00000001b6e55000 	/System/Library/PrivateFrameworks/iTunesCloud.framework/Versions/A/iTunesCloud
0x00000001c0290000 	/System/Library/PrivateFrameworks/DAAPKit.framework/Versions/A/DAAPKit
0x00000001b1fdf000 	/System/Library/PrivateFrameworks/DeviceManagement.framework/Versions/A/DeviceManagement
0x00000001d6b24000 	/System/Library/PrivateFrameworks/ScreenTimeUI.framework/Versions/A/ScreenTimeUI
0x00000001b45c9000 	/System/Library/PrivateFrameworks/QuickLookNonBaseSystem.framework/Versions/A/QuickLookNonBaseSystem
0x00000001b4dfa000 	/System/Library/PrivateFrameworks/Catalyst.framework/Versions/A/Catalyst
0x00000001b681f000 	/System/Library/PrivateFrameworks/ScreenTimeCore.framework/Versions/A/ScreenTimeCore
0x00000001ca461000 	/System/Library/PrivateFrameworks/ScreenTimeServiceUI.framework/Versions/A/ScreenTimeServiceUI
0x00000001c301b000 	/System/Library/PrivateFrameworks/ConfigurationEngineModel.framework/Versions/A/ConfigurationEngineModel
0x00000001c624f000 	/System/Library/PrivateFrameworks/UsageTracking.framework/Versions/A/UsageTracking
0x000000022f2a3000 	/System/Library/Frameworks/DeviceActivity.framework/Versions/A/DeviceActivity
0x00000001c621e000 	/System/Library/PrivateFrameworks/KnowledgeMonitor.framework/Versions/A/KnowledgeMonitor
0x00000001de378000 	/System/Library/PrivateFrameworks/BluetoothManager.framework/Versions/A/BluetoothManager
0x0000000230933000 	/System/Library/Frameworks/ManagedSettings.framework/Versions/A/ManagedSettings
0x000000025f9fb000 	/System/Library/PrivateFrameworks/ManagedSettingsSupport.framework/Versions/A/ManagedSettingsSupport
0x00000001db551000 	/System/Library/Frameworks/ReplayKit.framework/Versions/A/ReplayKit
0x00000001a9a1d000 	/System/Library/PrivateFrameworks/MarkupUI.framework/Versions/A/MarkupUI
0x00000001b45a0000 	/System/Library/PrivateFrameworks/SidecarCore.framework/Versions/A/SidecarCore
0x00000001b7286000 	/System/Library/PrivateFrameworks/AnnotationKit.framework/Versions/A/AnnotationKit
0x00000001b58b5000 	/System/Library/Frameworks/PencilKit.framework/Versions/A/PencilKit
0x00000001b5a79000 	/System/Library/PrivateFrameworks/SidecarUI.framework/Versions/A/SidecarUI
0x00000001b5220000 	/System/Library/PrivateFrameworks/CoreHandwriting.framework/Versions/A/CoreHandwriting
0x0000000188812000 	/usr/lib/libmecabra.dylib
0x00000001ada29000 	/System/Library/PrivateFrameworks/Calculate.framework/Versions/A/Calculate
0x0000000198753000 	/usr/lib/libChineseTokenizer.dylib
0x00000001ecee8000 	/System/Library/PrivateFrameworks/ScreenReaderCore.framework/Versions/A/ScreenReaderCore
0x0000000278a3c000 	/System/Library/PrivateFrameworks/StocksKit.framework/Versions/A/StocksKit
0x00000001ac9d0000 	/System/Library/PrivateFrameworks/OAuth.framework/Versions/A/OAuth
0x0000000278732000 	/System/Library/PrivateFrameworks/StocksCore.framework/Versions/A/StocksCore
0x0000000279c4d000 	/System/Library/PrivateFrameworks/TeaFoundation.framework/Versions/A/TeaFoundation
0x0000000279e34000 	/System/Library/PrivateFrameworks/TeaSettings.framework/Versions/A/TeaSettings
0x00000001e2b61000 	/System/Library/PrivateFrameworks/NewsCore.framework/Versions/A/NewsCore
0x0000000279bea000 	/System/Library/PrivateFrameworks/TeaDB.framework/Versions/A/TeaDB
0x00000001df4f0000 	/System/Library/PrivateFrameworks/RemoteConfiguration.framework/Versions/A/RemoteConfiguration
0x00000001e2748000 	/System/Library/PrivateFrameworks/NewsTransport.framework/Versions/A/NewsTransport
0x00000001e2b51000 	/System/Library/PrivateFrameworks/NewsFoundation.framework/Versions/A/NewsFoundation
0x000000026530e000 	/System/Library/PrivateFrameworks/NewsURLBucket.framework/Versions/A/NewsURLBucket
0x00000001b8f67000 	/System/Library/PrivateFrameworks/MobileInstallation.framework/Versions/A/MobileInstallation
0x0000000235eed000 	/System/Library/Frameworks/Translation.framework/Versions/A/Translation
0x00000001d2492000 	/System/Library/PrivateFrameworks/RevealCore.framework/Versions/A/RevealCore
0x00000001d2486000 	/System/Library/PrivateFrameworks/Reveal.framework/Versions/A/Reveal
0x00000001ca10c000 	/System/Library/Frameworks/Speech.framework/Versions/A/Speech
0x00000002373e1000 	/System/Library/PrivateFrameworks/AIMLExperimentationAnalytics.framework/Versions/A/AIMLExperimentationAnalytics
0x0000000239889000 	/System/Library/PrivateFrameworks/AlgorithmsInternal.framework/Versions/A/AlgorithmsInternal
0x000000027d5ad000 	/System/Library/PrivateFrameworks/TranslationUIServices.framework/Versions/A/TranslationUIServices
0x000000027c300000 	/System/Library/PrivateFrameworks/TipKitCore.framework/Versions/A/TipKitCore
0x00000001be3ec000 	/System/Library/PrivateFrameworks/CoreCDPInternal.framework/Versions/A/CoreCDPInternal
0x0000000256e52000 	/System/Library/PrivateFrameworks/InputAnalytics.framework/Versions/A/InputAnalytics
0x00000001c40a5000 	/System/Library/Frameworks/InstantMessage.framework/Versions/A/InstantMessage
0x00000001bbea1000 	/System/Library/PrivateFrameworks/IDSKVStore.framework/Versions/A/IDSKVStore
0x00000001bbb42000 	/System/Library/PrivateFrameworks/IMDPersistence.framework/Versions/A/IMDPersistence
0x000000027f535000 	/System/Library/PrivateFrameworks/UserSafety.framework/Versions/A/UserSafety
0x00000001dd3f7000 	/System/Library/PrivateFrameworks/BlastDoor.framework/Versions/A/BlastDoor
0x000000025b54b000 	/System/Library/PrivateFrameworks/LinkPresentationStyleSheetParsing.framework/Versions/A/LinkPresentationStyleSheetParsing
0x000000026a5a1000 	/System/Library/PrivateFrameworks/PosterFoundation.framework/Versions/A/PosterFoundation
0x000000026a62f000 	/System/Library/PrivateFrameworks/PosterModel.framework/Versions/A/PosterModel
0x000000026a609000 	/System/Library/PrivateFrameworks/PosterFuturesKit.framework/Versions/A/PosterFuturesKit
0x00000002495ec000 	/System/Library/PrivateFrameworks/FeedbackService.framework/Versions/A/FeedbackService
0x00000001b4c77000 	/System/Library/PrivateFrameworks/CoreSDB.framework/Versions/A/CoreSDB
0x000000023c8cd000 	/System/Library/PrivateFrameworks/AskToCore.framework/Versions/A/AskToCore
0x00000001d73a6000 	/System/Library/PrivateFrameworks/MachineSettings.framework/Versions/A/MachineSettings
0x00000001c8a5a000 	/System/Library/PrivateFrameworks/BezelServices.framework/Versions/A/BezelServices
0x00000001c031b000 	/System/Library/PrivateFrameworks/SPOwner.framework/Versions/A/SPOwner
0x00000001b8baf000 	/System/Library/PrivateFrameworks/FMCore.framework/Versions/A/FMCore
0x0000000286099000 	/System/Library/PrivateFrameworks/iCloudQuota.framework/Versions/A/iCloudQuota
0x00000001ad394000 	/System/Library/PrivateFrameworks/CoreRecognition.framework/Versions/A/CoreRecognition
0x00000001c8b1a000 	/System/Library/PrivateFrameworks/InAppMessages.framework/Versions/A/InAppMessages
0x00000001eba9b000 	/System/Library/PrivateFrameworks/JetUI.framework/Versions/A/JetUI
0x000000025a743000 	/System/Library/PrivateFrameworks/JetPack.framework/Versions/A/JetPack
0x00000001c8b11000 	/System/Library/PrivateFrameworks/InAppMessagesCore.framework/Versions/A/InAppMessagesCore
0x00000002854af000 	/System/Library/PrivateFrameworks/_JetEngine_SwiftUI.framework/Versions/A/_JetEngine_SwiftUI
0x00000002796de000 	/System/Library/PrivateFrameworks/Synapse.framework/Versions/A/Synapse
0x000000023ebc4000 	/System/Library/PrivateFrameworks/CSExattrCrypto.framework/Versions/A/CSExattrCrypto
0x00000001ba0d7000 	/System/Library/PrivateFrameworks/StoreFoundation.framework/Versions/A/StoreFoundation
0x00000001b8ba9000 	/System/Library/PrivateFrameworks/ServerInformation.framework/Versions/A/ServerInformation
0x00000001b85be000 	/System/Library/PrivateFrameworks/Install.framework/Frameworks/DistributionKit.framework/Versions/A/DistributionKit
0x00000001b1a19000 	/System/Library/PrivateFrameworks/PackageKit.framework/Versions/A/PackageKit
0x00000001b85e1000 	/System/Library/PrivateFrameworks/OSPersonalization.framework/Versions/A/OSPersonalization
0x00000001ba63e000 	/System/Library/PrivateFrameworks/BridgeOSSoftwareUpdate.framework/Versions/A/BridgeOSSoftwareUpdate
0x00000001b511d000 	/System/Library/PrivateFrameworks/StorageManagement.framework/Versions/A/StorageManagement
0x00000001c9f8c000 	/usr/lib/libauthinstall.dylib
0x00000001ba647000 	/System/Library/PrivateFrameworks/InstallerDiagnostics.framework/Versions/A/InstallerDiagnostics
0x00000001ca649000 	/usr/lib/libcrypto.42.dylib
0x000000028cc5d000 	/usr/lib/updaters/libAppleTconUARPUpdater.dylib
0x000000028cdf2000 	/usr/lib/updaters/libT200Updater.dylib
0x00000001ba62c000 	/System/Library/PrivateFrameworks/GPUInfo.framework/Versions/A/GPUInfo
0x00000001c8c17000 	/System/Library/PrivateFrameworks/MobileActivationMacOS.framework/Versions/A/MobileActivationMacOS
0x00000001ac915000 	/System/Library/PrivateFrameworks/AccountsDaemon.framework/Versions/A/AccountsDaemon
0x00000001ba68a000 	/System/Library/PrivateFrameworks/AOSKit.framework/Versions/A/AOSKit
0x0000000198882000 	/System/Library/PrivateFrameworks/AppSSOCore.framework/Versions/A/AppSSOCore
0x000000023d31a000 	/System/Library/PrivateFrameworks/BackgroundSystemTasks.framework/Versions/A/BackgroundSystemTasks
0x00000001a4dca000 	/System/Library/PrivateFrameworks/DuetActivityScheduler.framework/Versions/A/DuetActivityScheduler
0x00000001c716b000 	/System/Library/PrivateFrameworks/NetworkServiceProxy.framework/Versions/A/NetworkServiceProxy
0x000000019ff3e000 	/usr/lib/libnetworkextension.dylib
0x0000000279400000 	/System/Library/PrivateFrameworks/Symptoms.framework/Versions/A/Frameworks/SymptomAnalytics.framework/Versions/A/SymptomAnalytics
0x000000019ca4d000 	/System/Library/Frameworks/NetworkExtension.framework/Versions/A/NetworkExtension
0x00000001a34e4000 	/System/Library/PrivateFrameworks/CoreDuetContext.framework/Versions/A/CoreDuetContext
0x000000018d281000 	/System/Library/PrivateFrameworks/CoreDuet.framework/Versions/A/CoreDuet
0x00000001a82eb000 	/System/Library/PrivateFrameworks/AssistantServices.framework/Versions/A/AssistantServices
0x00000001a24c9000 	/System/Library/PrivateFrameworks/SAObjects.framework/Versions/A/SAObjects
0x00000001a7ed2000 	/System/Library/PrivateFrameworks/MediaRemote.framework/Versions/A/MediaRemote
0x0000000275f67000 	/System/Library/PrivateFrameworks/SiriTTSService.framework/Versions/A/SiriTTSService
0x0000000270662000 	/System/Library/PrivateFrameworks/SiriCrossDeviceArbitration.framework/Versions/A/SiriCrossDeviceArbitration
0x0000000249176000 	/System/Library/PrivateFrameworks/FaceTimeNameUtility.framework/Versions/A/FaceTimeNameUtility
0x00000002706b6000 	/System/Library/PrivateFrameworks/SiriCrossDeviceArbitrationFeedback.framework/Versions/A/SiriCrossDeviceArbitrationFeedback
0x00000001c949f000 	/System/Library/PrivateFrameworks/UIKitServices.framework/Versions/A/UIKitServices
0x00000001ad1a4000 	/System/Library/PrivateFrameworks/MediaServices.framework/Versions/A/MediaServices
0x0000000198cff000 	/System/Library/PrivateFrameworks/PersistentConnection.framework/Versions/A/PersistentConnection
0x000000027784a000 	/System/Library/PrivateFrameworks/SonicFoundation.framework/Versions/A/SonicFoundation
0x00000001bcba2000 	/usr/lib/libtailspin.dylib
0x00000001d0bc8000 	/System/Library/PrivateFrameworks/Osprey.framework/Versions/A/Osprey
0x00000002755e7000 	/System/Library/PrivateFrameworks/SiriTTS.framework/Versions/A/SiriTTS
0x00000002741a6000 	/System/Library/PrivateFrameworks/SiriPowerInstrumentation.framework/Versions/A/SiriPowerInstrumentation
0x0000000279be8000 	/System/Library/PrivateFrameworks/TailspinSymbolication.framework/Versions/A/TailspinSymbolication
0x00000002474cc000 	/System/Library/PrivateFrameworks/Darwinup.framework/Versions/A/Darwinup
0x00000001c92a8000 	/System/Library/PrivateFrameworks/SignpostSupport.framework/Versions/A/SignpostSupport
0x00000001b4bf4000 	/System/Library/PrivateFrameworks/FeatureFlagsSupport.framework/Versions/A/FeatureFlagsSupport
0x00000001c8968000 	/System/Library/PrivateFrameworks/ktrace.framework/Versions/A/ktrace
0x00000001c94d7000 	/System/Library/PrivateFrameworks/SampleAnalysis.framework/Versions/A/SampleAnalysis
0x00000001d2460000 	/System/Library/PrivateFrameworks/kperfdata.framework/Versions/A/kperfdata
0x000000019dc6f000 	/usr/lib/libdscsym.dylib
0x00000001d2935000 	/System/Library/PrivateFrameworks/BulkSymbolication.framework/Versions/A/BulkSymbolication
0x00000001a5f18000 	/System/Library/PrivateFrameworks/CoreDuetDaemonProtocol.framework/Versions/A/CoreDuetDaemonProtocol
0x00000001b9f58000 	/System/Library/PrivateFrameworks/CaptiveNetwork.framework/Versions/A/CaptiveNetwork
0x00000001a4311000 	/System/Library/PrivateFrameworks/EAP8021X.framework/Versions/A/EAP8021X
0x0000000247291000 	/System/Library/PrivateFrameworks/CryptoKitPrivate.framework/Versions/A/CryptoKitPrivate
0x00000001b41c2000 	/System/Library/PrivateFrameworks/FindMyDevice.framework/Versions/A/FindMyDevice
0x00000001a8af3000 	/System/Library/PrivateFrameworks/FMCoreLite.framework/Versions/A/FMCoreLite
0x000000019637a000 	/System/Library/Frameworks/ServiceManagement.framework/Versions/A/ServiceManagement
0x000000027f63b000 	/System/Library/PrivateFrameworks/VFX.framework/Versions/A/VFX
0x00000001c9336000 	/System/Library/Frameworks/ModelIO.framework/Versions/A/ModelIO
0x000000019db98000 	/System/Library/Frameworks/MetalKit.framework/Versions/A/MetalKit
0x00000002315aa000 	/System/Library/Frameworks/MetalFX.framework/Versions/A/MetalFX
0x00000002409dc000 	/System/Library/PrivateFrameworks/CompositorNonUI.framework/Versions/A/CompositorNonUI
0x000000022d8a4000 	/System/Library/Frameworks/ARKit.framework/Versions/A/ARKit
0x00000001a9a8b000 	/System/Library/Frameworks/JavaScriptCore.framework/Versions/A/JavaScriptCore
0x00000001b79dc000 	/System/Library/Frameworks/SceneKit.framework/Versions/A/SceneKit
0x00000002385b2000 	/System/Library/PrivateFrameworks/ARKitCore.framework/Versions/A/ARKitCore
0x000000028c75c000 	/usr/lib/swift/libswiftGLKit.dylib
0x000000028c768000 	/usr/lib/swift/libswiftMetalKit.dylib
0x000000028c76a000 	/usr/lib/swift/libswiftModelIO.dylib
0x000000028c82d000 	/usr/lib/swift/libswiftSceneKit.dylib
0x000000028ce0a000 	/usr/lib/usd/libusd_ms.dylib
0x000000027e87b000 	/System/Library/PrivateFrameworks/USDLib_FormatLoaderProxy.framework/Versions/A/USDLib_FormatLoaderProxy
0x000000028cab2000 	/usr/lib/swift/libswift_errno.dylib
0x000000028acf5000 	/usr/lib/libDisplayWarpSupport.dylib
0x0000000242caf000 	/System/Library/PrivateFrameworks/CoreComposite.framework/Versions/A/CoreComposite
0x000000028b6fe000 	/usr/lib/libchannel.dylib
0x000000028c37a000 	/usr/lib/librealtime_safety.dylib
0x000000023863e000 	/System/Library/PrivateFrameworks/ARKitFoundation.framework/Versions/A/ARKitFoundation
0x00000001d9023000 	/System/Library/PrivateFrameworks/AppleCVA.framework/Versions/A/AppleCVA
0x00000001a0005000 	/System/Library/PrivateFrameworks/CoreAppleCVA.framework/Versions/A/CoreAppleCVA
0x000000022e64b000 	/System/Library/Frameworks/BrowserEngineCore.framework/Versions/A/BrowserEngineCore
0x000000019ff04000 	/System/Library/Frameworks/GLKit.framework/Versions/A/GLKit
0x000000022d523000 	/System/Library/Frameworks/OpenGL.framework/Versions/A/Resources/GLEngine.bundle/GLEngine
0x000000022d3c3000 	/System/Library/Frameworks/OpenGL.framework/Versions/A/Libraries/libGLProgrammability.dylib
0x000000015e630000 	/System/Library/Extensions/AppleMetalOpenGLRenderer.bundle/Contents/MacOS/AppleMetalOpenGLRenderer
0x000000022d681000 	/System/Library/Frameworks/OpenGL.framework/Versions/A/Resources/GLRendererFloat.bundle/GLRendererFloat
0x000000015e5e0000 	/Library/Java/JavaVirtualMachines/jdk-17.jdk/Contents/Home/lib/libosxui.dylib
0x00000001693d8000 	/Users/dimasadipratama/.skiko/b575009fb1c6be00b2247acc8cb2294d1ffef4caeaa19a53956270917362bdd4/libskiko-macos-arm64.dylib
0x0000000240267000 	/System/Library/PrivateFrameworks/Coherence.framework/Versions/A/Coherence
0x000000025fd72000 	/System/Library/PrivateFrameworks/MediaAnalysis.framework/Versions/A/MediaAnalysis
0x0000000237ecd000 	/System/Library/PrivateFrameworks/ANSTKit.framework/Versions/A/ANSTKit
0x00000001ecd07000 	/System/Library/PrivateFrameworks/AXMediaUtilities.framework/Versions/A/AXMediaUtilities
0x00000002602bc000 	/System/Library/PrivateFrameworks/MediaAnalysisPhotosServices.framework/Versions/A/MediaAnalysisPhotosServices
0x00000002690b4000 	/System/Library/PrivateFrameworks/PhotosIntelligence.framework/Versions/A/PhotosIntelligence
0x00000001c3198000 	/System/Library/Frameworks/SoundAnalysis.framework/Versions/A/SoundAnalysis
0x0000000278694000 	/System/Library/PrivateFrameworks/Stickers.framework/Versions/A/Stickers
0x0000000281c15000 	/System/Library/PrivateFrameworks/VisualLookUp.framework/Versions/A/VisualLookUp
0x0000000282233000 	/System/Library/PrivateFrameworks/VisualUnderstanding.framework/Versions/A/VisualUnderstanding
0x00000001c9a66000 	/System/Library/PrivateFrameworks/AXAssetLoader.framework/Versions/A/AXAssetLoader
0x0000000269880000 	/System/Library/PrivateFrameworks/PhotosSpatialMediaCore.framework/Versions/A/PhotosSpatialMediaCore
0x00000002329fa000 	/System/Library/Frameworks/MusicKit.framework/Versions/A/MusicKit
0x0000000249e96000 	/System/Library/PrivateFrameworks/FlexMusicKit.framework/Versions/A/FlexMusicKit
0x0000000263201000 	/System/Library/PrivateFrameworks/MusicKitInternal.framework/Versions/A/MusicKitInternal
0x000000025f4a6000 	/System/Library/PrivateFrameworks/MXI.framework/Versions/A/MXI
0x000000027e527000 	/System/Library/PrivateFrameworks/USDKit.framework/Versions/A/USDKit
0x000000027e87c000 	/System/Library/PrivateFrameworks/USDObjCKit.framework/Versions/A/USDObjCKit
0x00000001b8016000 	/System/Library/PrivateFrameworks/MusicLibrary.framework/Versions/A/MusicLibrary
0x00000002345e7000 	/System/Library/Frameworks/ShazamKit.framework/Versions/A/ShazamKit
0x000000026f96c000 	/System/Library/PrivateFrameworks/ShazamCore.framework/Versions/A/ShazamCore
0x0000000278663000 	/System/Library/PrivateFrameworks/Stickers.framework/Support/RecencyService.framework/Versions/A/RecencyService
0x0000000278693000 	/System/Library/PrivateFrameworks/Stickers.framework/Support/ServiceShared.framework/Versions/A/ServiceShared
0x000000023f8ff000 	/System/Library/PrivateFrameworks/CipherML.framework/Versions/A/CipherML
0x0000000268640000 	/System/Library/PrivateFrameworks/PegasusKit.framework/Versions/A/PegasusKit
0x0000000250061000 	/System/Library/PrivateFrameworks/GRPCCoreInternal.framework/Versions/A/GRPCCoreInternal
0x0000000250110000 	/System/Library/PrivateFrameworks/GRPCProtobufInternal.framework/Versions/A/GRPCProtobufInternal
0x00000002791e4000 	/System/Library/PrivateFrameworks/SwiftSQLite.framework/Versions/A/SwiftSQLite
0x000000025013a000 	/System/Library/PrivateFrameworks/GRPCURLSessionTransportInternal.framework/Versions/A/GRPCURLSessionTransportInternal
0x000000012de08000 	/Library/Java/JavaVirtualMachines/jdk-17.jdk/Contents/Home/lib/libjawt.dylib
0x000000027a402000 	/System/Library/PrivateFrameworks/TextInputUI.framework/Versions/A/TextInputUI
0x000000027a438000 	/System/Library/PrivateFrameworks/TextInputUIMacHelper.framework/Versions/A/TextInputUIMacHelper
0x00000001bf0e0000 	/System/Library/PrivateFrameworks/SafariPlatformSupport.framework/Versions/A/SafariPlatformSupport
0x000000015a5ac000 	/private/var/folders/qs/1z8n9dmd7zzb94z08tkj426h0000gn/T/libio_grpc_netty_shaded_netty_tcnative_osx_aarch_6413390711780309474507.dylib
0x000000012c338000 	/Library/Java/JavaVirtualMachines/jdk-17.jdk/Contents/Home/lib/libextnet.dylib


VM Arguments:
jvm_args: -Dfile.encoding=UTF-8 -Duser.country=US -Duser.language=en -Duser.variant 
java_command: org.bkkipmsemarang.kkp_scanner.MainKt
java_class_path (initial): /Users/dimasadipratama/StudioProjects/ScannerKKP_MAC/composeApp/build/classes/kotlin/jvm/main:/Users/dimasadipratama/StudioProjects/ScannerKKP_MAC/composeApp/build/processedResources/jvm/main:/Users/dimasadipratama/.gradle/caches/modules-2/files-2.1/org.jetbrains.compose.desktop/desktop-jvm/1.7.3/128a1262fd72c68277ebadf308a07ff086206f8e/desktop-jvm-1.7.3.jar:/Users/dimasadipratama/.gradle/caches/modules-2/files-2.1/org.jetbrains.compose.material/material-desktop/1.7.3/e87876e0c6f36990f13cedb09d820469fd6cc371/material-desktop-1.7.3.jar:/Users/dimasadipratama/.gradle/caches/modules-2/files-2.1/org.jetbrains.compose.material3/material3-desktop/1.7.3/46677287ea3e5da18b2ad62cac38b6c3df70c8cd/material3-desktop-1.7.3.jar:/Users/dimasadipratama/.gradle/caches/modules-2/files-2.1/org.jetbrains.compose.components/components-resources-desktop/1.7.3/aeb1cd8677ec680fcf716aecbaf1a2aafc217622/library-desktop-1.7.3.jar:/Users/dimasadipratama/.gradle/caches/modules-2/files-2.1/org.jetbrains.compose.material/material-ripple-desktop/1.7.3/42b03965266ad123672e8a87f98d914dc8c072bf/material-ripple-desktop-1.7.3.jar:/Users/dimasadipratama/.gradle/caches/modules-2/files-2.1/org.jetbrains.compose.foundation/foundation-desktop/1.7.3/77da4f0c26d63177315b3dce06c48177c5d49704/foundation-desktop-1.7.3.jar:/Users/dimasadipratama/.gradle/caches/modules-2/files-2.1/org.jetbrains.compose.material/material-icons-extended-desktop/1.7.3/c7c5465dd754043076875b32bce0dd7f5a354fe8/material-icons-extended-desktop-1.7.3.jar:/Users/dimasadipratama/.gradle/caches/modules-2/files-2.1/org.jetbrains.androidx.lifecycle/lifecycle-viewmodel-compose-desktop/2.8.4/ec231eb8e04e4e6b06cc18265468a5589c191c6d/lifecycle-viewmodel-compose-desktop-2.8.4.jar:/Users/dimasadipratama/.gradle/caches/modules-2/files-2.1/org.jetbrains.compose.animation/animation-desktop/1.7.3/c1fec150a3d1eadfe4643a550cbc9c83d106ef98/animation-desktop-1.7.3.jar:/Users/dimasadipratama/.gradle/caches/modules-2/files-2.1/org
Launcher Type: SUN_STANDARD

[Global flags]
     intx CICompilerCount                          = 4                                         {product} {ergonomic}
     uint ConcGCThreads                            = 2                                         {product} {ergonomic}
     uint G1ConcRefinementThreads                  = 8                                         {product} {ergonomic}
   size_t G1HeapRegionSize                         = 1048576                                   {product} {ergonomic}
    uintx GCDrainStackTargetSize                   = 64                                        {product} {ergonomic}
   size_t InitialHeapSize                          = 134217728                                 {product} {ergonomic}
   size_t MarkStackSize                            = 4194304                                   {product} {ergonomic}
   size_t MaxHeapSize                              = 2147483648                                {product} {ergonomic}
   size_t MaxNewSize                               = 1287651328                                {product} {ergonomic}
   size_t MinHeapDeltaBytes                        = 1048576                                   {product} {ergonomic}
   size_t MinHeapSize                              = 8388608                                   {product} {ergonomic}
    uintx NonNMethodCodeHeapSize                   = 5839564                                {pd product} {ergonomic}
    uintx NonProfiledCodeHeapSize                  = 122909338                              {pd product} {ergonomic}
    uintx ProfiledCodeHeapSize                     = 122909338                              {pd product} {ergonomic}
    uintx ReservedCodeCacheSize                    = 251658240                              {pd product} {ergonomic}
     bool SegmentedCodeCache                       = true                                      {product} {ergonomic}
   size_t SoftMaxHeapSize                          = 2147483648                             {manageable} {ergonomic}
     bool UseCompressedClassPointers               = true                           {product lp64_product} {ergonomic}
     bool UseCompressedOops                        = true                           {product lp64_product} {ergonomic}
     bool UseG1GC                                  = true                                      {product} {ergonomic}
     bool UseNUMA                                  = false                                     {product} {ergonomic}
     bool UseNUMAInterleaving                      = false                                     {product} {ergonomic}

Logging:
Log output configuration:
 #0: stdout all=warning uptime,level,tags
 #1: stderr all=off uptime,level,tags

Environment Variables:
PATH=/Users/dimasadipratama/.bun/bin:/opt/homebrew/bin:/opt/homebrew/sbin:/usr/local/bin:/System/Cryptexes/App/usr/bin:/usr/bin:/bin:/usr/sbin:/sbin:/var/run/com.apple.security.cryptexd/codex.system/bootstrap/usr/local/bin:/var/run/com.apple.security.cryptexd/codex.system/bootstrap/usr/bin:/var/run/com.apple.security.cryptexd/codex.system/bootstrap/usr/appleinternal/bin:/pkg/env/global/bin:/Library/Apple/usr/bin
SHELL=/bin/zsh
LANG=C.UTF-8

Signal Handlers:
   SIGSEGV: crash_handler in libjvm.dylib, mask=11100110000111110111111111111111, flags=SA_RESTART|SA_SIGINFO
    SIGBUS: crash_handler in libjvm.dylib, mask=11100110000111110111111111111111, flags=SA_RESTART|SA_SIGINFO
    SIGFPE: crash_handler in libjvm.dylib, mask=11100110000111110111111111111111, flags=SA_RESTART|SA_SIGINFO
   SIGPIPE: javaSignalHandler in libjvm.dylib, mask=11100110000111110111111111111111, flags=SA_RESTART|SA_SIGINFO
   SIGXFSZ: javaSignalHandler in libjvm.dylib, mask=11100110000111110111111111111111, flags=SA_RESTART|SA_SIGINFO
    SIGILL: crash_handler in libjvm.dylib, mask=11100110000111110111111111111111, flags=SA_RESTART|SA_SIGINFO
   SIGUSR2: SIG_IGN, mask=00000000000000000000000000000000, flags=none
  *** Handler was modified!
  *** Expected: SR_handler in libjvm.dylib, mask=00000000000000000000000000000000, flags=SA_RESTART|SA_SIGINFO
    SIGHUP: UserHandler in libjvm.dylib, mask=11100110000111110111111111111111, flags=SA_RESTART|SA_SIGINFO
    SIGINT: UserHandler in libjvm.dylib, mask=11100110000111110111111111111111, flags=SA_RESTART|SA_SIGINFO
   SIGTERM: UserHandler in libjvm.dylib, mask=11100110000111110111111111111111, flags=SA_RESTART|SA_SIGINFO
   SIGQUIT: UserHandler in libjvm.dylib, mask=11100110000111110111111111111111, flags=SA_RESTART|SA_SIGINFO
   SIGTRAP: crash_handler in libjvm.dylib, mask=11100110000111110111111111111111, flags=SA_RESTART|SA_SIGINFO


---------------  S Y S T E M  ---------------

OS:
uname: Darwin 25.6.0 Darwin Kernel Version 25.6.0: Fri May 15 01:58:00 PDT 2026; root:xnu-12377.160.49.0.1~42/RELEASE_ARM64_T8112 arm64
OS uptime: 3 days 22:03 hours
rlimit (soft/hard): STACK 8176k/65520k , CORE 0k/infinity , NPROC 1333/2000 , NOFILE 10240/infinity , AS infinity/infinity , CPU infinity/infinity , DATA infinity/infinity , FSIZE infinity/infinity , MEMLOCK infinity/infinity , RSS infinity/infinity
load average: 2.22 2.15 2.79

CPU: total 8 (initial active 8) 0x61:0x0:0xda33d83d:0, fp, simd, crc, lse

Memory: 16k page, physical 8388608k(419632k free), swap 3145728k(1176192k free)

vm_info: Java HotSpot(TM) 64-Bit Server VM (17.0.12+8-LTS-286) for bsd-aarch64 JRE (17.0.12+8-LTS-286), built on Jun  5 2024 05:44:10 by "mach5one" with clang Apple LLVM 12.0.0 (clang-1200.0.32.29)

END.
